step,train_loss,val_loss,learning_rate,grad_norm,perplexity,timestamp
12000,2.162083625793457,2.2958250363667805,0.00011106424885550342,0.860058069229126,8.68922390048399,0.5453405380249023
12001,1.984224796295166,,0.00011104243453230956,0.8579898476600647,7.273406827525719,5.050594806671143
12002,2.178651809692383,,0.00011102062130465309,0.8893494606018066,8.834387790351698,5.243357419967651
12003,2.068117141723633,,0.00011099880917307767,0.886172890663147,7.909915837605343,5.462792634963989
12004,2.2687315940856934,,0.00011097699813812702,0.9261723160743713,9.667131187911524,5.660065412521362
12005,1.9744322299957275,,0.00011095518820034459,0.8413664698600769,7.202529112701988,5.868988513946533
12006,2.3300435543060303,,0.000110933379360274,0.9066392183303833,10.278389191402994,6.073771715164185
12007,2.0107614994049072,,0.00011091157161845887,0.8809736967086792,7.469002823506436,6.273888349533081
12008,2.592435121536255,,0.00011088976497544254,0.9854112863540649,13.36227077075198,6.4719531536102295
12009,2.3977909088134766,,0.0001108679594317686,0.9704441428184509,10.99885205606921,6.666287422180176
12010,2.100543975830078,,0.00011084615498798045,0.8977203965187073,8.17061332006797,6.872605323791504
12011,1.7427313327789307,,0.00011082435164462158,0.8114686608314514,5.712926034476941,7.083444595336914
12012,2.3083786964416504,,0.00011080254940223532,0.8975340127944946,10.05810418826253,7.275165796279907
12013,2.403026580810547,,0.00011078074826136505,0.9765324592590332,11.056589452922378,7.499048471450806
12014,2.367683172225952,,0.00011075894822255416,0.9491407871246338,10.672636956545812,7.6929709911346436
12015,1.9905482530593872,,0.00011073714928634589,0.8943007588386536,7.31954562573351,7.883680582046509
12016,2.382812023162842,,0.00011071535145328356,0.9586475491523743,10.835329260873712,8.076033353805542
12017,2.3762996196746826,,0.00011069355472391052,0.9410398006439209,10.764994497561611,8.267481088638306
12018,2.2534258365631104,,0.00011067175909876982,0.9308612942695618,9.520295008044439,8.463733911514282
12019,2.0719423294067383,,0.00011064996457840478,0.8975984454154968,7.940230693283972,8.657059669494629
12020,2.3121683597564697,,0.00011062817116335859,0.9573443531990051,10.096293333017277,8.881290197372437
12021,2.3367035388946533,,0.0001106063788541743,0.966333270072937,10.3470715629122,9.09148645401001
12022,2.3314239978790283,,0.00011058458765139513,0.9541507363319397,10.29258772558591,9.297839879989624
12023,2.4725427627563477,,0.00011056279755556413,0.9831008911132812,11.852546781461932,9.566893577575684
12024,2.12634539604187,,0.0001105410085672244,0.8988547921180725,8.384169932517462,9.828239440917969
12025,2.1870384216308594,,0.00011051922068691892,0.8759077787399292,8.908789927297748,10.109211444854736
12026,1.8367384672164917,,0.00011049743391519075,0.8408371806144714,6.276035348701196,10.362857580184937
12027,2.2119483947753906,,0.00011047564825258291,0.8985041975975037,9.133494721211074,10.57009482383728
12028,2.13753080368042,,0.00011045386369963823,0.9071396589279175,8.478476737701818,10.772318601608276
12029,1.9896742105484009,,0.00011043208025689972,0.83542799949646,7.313150826765698,10.97188401222229
12030,2.6530203819274902,,0.0001104102979249103,0.974193811416626,14.196853874524237,11.167932033538818
12031,2.4283463954925537,,0.0001103885167042128,0.9472024440765381,11.340114502746104,11.368693828582764
12032,2.092414617538452,,0.00011036673659535006,0.8917837738990784,8.104460730294406,11.566035985946655
12033,2.6172678470611572,,0.00011034495759886498,0.9866845607757568,13.698246707111634,11.761389255523682
12034,2.743422508239746,,0.00011032317971530023,0.9760631322860718,15.54008023789295,11.956911087036133
12035,2.289201498031616,,0.00011030140294519861,0.9553946852684021,9.867055671316093,12.153489828109741
12036,2.319347858428955,,0.00011027962728910295,0.9198334813117981,10.169040489173925,12.349320650100708
12037,2.4588205814361572,,0.00011025785274755581,0.9309644103050232,11.691014805625933,12.547766208648682
12038,2.2914938926696777,,0.00011023607932109993,0.8655627369880676,9.889700802702539,12.743626832962036
12039,2.0134496688842773,,0.000110214307010278,0.8964602947235107,7.489107779595627,12.945636510848999
12040,2.1624183654785156,,0.00011019253581563262,0.9131626486778259,8.692133015426787,13.14133358001709
12041,2.637666702270508,,0.00011017076573770633,0.9708002805709839,13.98054474781162,13.345122814178467
12042,2.1434807777404785,,0.00011014899677704177,0.9021015763282776,8.529073830785057,13.543078899383545
12043,2.4189071655273438,,0.0001101272289341815,0.9259777665138245,11.233576165095128,13.739657878875732
12044,2.0898399353027344,,0.00011010546220966794,0.917455792427063,8.083621158371963,13.934934616088867
12045,2.2380402088165283,,0.0001100836966040436,0.9479479193687439,9.374940346690293,14.136710405349731
12046,2.2114062309265137,,0.00011006193211785098,0.9221874475479126,9.128544212673969,14.331445455551147
12047,2.375595808029175,,0.00011004016875163246,0.9605657458305359,10.757420634669495,14.528899669647217
12048,2.2146754264831543,,0.00011001840650593046,0.9275727272033691,9.158436043349898,14.727740287780762
12049,2.3830902576446533,,0.00010999664538128736,0.9447267055511475,10.838344442540171,14.922152042388916
12050,2.043348550796509,,0.0001099748853782455,0.9082212448120117,7.716404759206231,15.120706558227539
12051,2.166233539581299,,0.00010995312649734719,0.9646075367927551,8.72535835613381,15.322072505950928
12052,2.25697922706604,,0.00010993136873913477,0.9703893661499023,9.554184509568499,15.519923686981201
12053,2.093851327896118,,0.00010990961210415039,0.9223278164863586,8.116112861333294,15.7159583568573
12054,2.079651355743408,,0.00010988785659293635,0.8918114900588989,8.00167868860866,15.913525581359863
12055,2.174222230911255,,0.00010986610220603484,0.8841054439544678,8.795341716325908,16.10816502571106
12056,2.2124335765838623,,0.00010984434894398807,0.911541759967804,9.137927201890122,16.303317308425903
12057,2.0456995964050293,,0.00010982259680733815,0.8736302852630615,7.734567721338924,16.499629735946655
12058,2.039983034133911,,0.0001098008457966272,0.8680551052093506,7.690478722140017,16.694024801254272
12059,2.468050241470337,,0.0001097790959123974,0.9525664448738098,11.79941839231871,16.89029598236084
12060,2.422769546508789,,0.00010975734715519066,0.9640364646911621,11.277048415181595,17.087883710861206
12061,2.010331630706787,,0.00010973559952554908,0.9187598824501038,7.465792822975246,17.28710627555847
12062,2.440429925918579,,0.00010971385302401476,0.9558396935462952,11.477974360844218,17.482578992843628
12063,2.212214469909668,,0.00010969210765112955,0.9044122099876404,9.135925240381459,17.67790675163269
12064,2.4568660259246826,,0.00010967036340743545,0.9490767121315002,11.668186385177961,17.874427556991577
12065,1.834760308265686,,0.00010964862029347441,0.8379933834075928,6.263632624524949,18.07181477546692
12066,2.077587842941284,,0.00010962687830978829,0.910711407661438,7.9851841463986695,18.26968216896057
12067,2.0186893939971924,,0.00010960513745691894,0.8906028270721436,7.528451631170777,18.46714210510254
12068,2.6227316856384277,,0.00010958339773540831,0.976037859916687,13.77329655934133,18.662675142288208
12069,2.3081936836242676,,0.00010956165914579807,0.892705500125885,10.05624348220167,18.860056400299072
12070,1.852498173713684,,0.00010953992168863005,0.8646008968353271,6.375727318502543,19.05678081512451
12071,2.567932367324829,,0.00010951818536444602,0.9870283007621765,13.0388370250384,19.254478216171265
12072,2.134194850921631,,0.00010949645017378776,0.8818013072013855,8.450240064129074,19.451268434524536
12073,2.0718445777893066,,0.00010947471611719683,0.8958742022514343,7.939454560825642,19.645569562911987
12074,2.192897319793701,,0.000109452983195215,0.8908220529556274,8.961138823916116,19.84350848197937
12075,2.2852907180786133,,0.00010943125140838393,0.9386733174324036,9.828543143896477,20.04081392288208
12076,2.3270742893218994,,0.00010940952075724516,0.9552904367446899,10.247915195357965,20.237091779708862
12077,2.3994901180267334,,0.00010938779124234029,0.9375249743461609,11.01755729437411,20.436797618865967
12078,2.1782596111297607,,0.00010936606286421094,0.8993771076202393,8.830923635521353,20.63761568069458
12079,2.108706474304199,,0.00010934433562339857,0.9037694931030273,8.237578870120107,20.835570335388184
12080,2.3513343334198,,0.00010932260952044468,0.9615705609321594,10.499570309483714,21.032106637954712
12081,2.210219621658325,,0.00010930088455589082,0.93392014503479,9.117718621649704,21.228752851486206
12082,2.22283673286438,,0.00010927916073027833,0.9300386905670166,9.233486684938704,21.42505717277527
12083,2.1047768592834473,,0.00010925743804414863,0.8839037418365479,8.20527187505736,21.621434450149536
12084,1.88932204246521,,0.00010923571649804326,0.8845833539962769,6.614882551044857,21.81756901741028
12085,2.4144175052642822,,0.00010921399609250339,0.9372022151947021,11.183254273202198,22.013583421707153
12086,2.2180144786834717,,0.00010919227682807038,0.9127159118652344,9.189067651180677,22.21147131919861
12087,2.0334784984588623,,0.00010917055870528561,0.8572706580162048,7.640618064941441,22.408053636550903
12088,2.36562442779541,,0.00010914884172469037,0.9385567307472229,10.650687326744041,22.608020544052124
12089,2.0770206451416016,,0.0001091271258868258,0.9152921438217163,7.980656251748104,22.80708885192871
12090,2.0445010662078857,,0.00010910541119223317,0.8751213550567627,7.7253031613994985,23.006057262420654
12091,2.0707390308380127,,0.0001090836976414537,0.911717414855957,7.930681971189362,23.20523738861084
12092,2.1449716091156006,,0.00010906198523502845,0.9186587929725647,8.54179872463138,23.40340805053711
12093,2.359600782394409,,0.00010904027397349865,0.9432891011238098,10.58672420200655,23.600847959518433
12094,2.0229275226593018,,0.00010901856385740539,0.920244038105011,7.560425885452499,23.799250602722168
12095,2.3906261920928955,,0.00010899685488728967,0.9503754377365112,10.920330026782384,24.00615644454956
12096,1.948440432548523,,0.0001089751470636926,0.856922447681427,7.01773441153505,24.20234775543213
12097,1.750460147857666,,0.00010895344038715515,0.8364325761795044,5.757251253420692,24.399255752563477
12098,1.8924012184143066,,0.00010893173485821833,0.8760641813278198,6.6352823294375565,24.595161199569702
12099,2.049298048019409,,0.00010891003047742312,0.8886728286743164,7.762450326056979,24.790786743164062
12100,2.063258409500122,,0.00010888832724531044,0.8806331157684326,7.871576889404588,24.98743724822998
12101,2.355687141418457,,0.00010886662516242116,0.9492325186729431,10.545372534938322,25.18384337425232
12102,2.291597604751587,,0.00010884492422929618,0.9318193197250366,9.890726537351865,25.37924838066101
12103,2.2061116695404053,,0.00010882322444647635,0.9368362426757812,9.080340296875606,25.580082416534424
12104,2.3338992595672607,,0.00010880152581450251,0.9223523736000061,10.318096130620685,25.778541326522827
12105,2.3980870246887207,,0.00010877982833391536,0.9511815905570984,11.002109473035109,25.978688716888428
12106,2.162799596786499,,0.00010875813200525572,0.9015752077102661,8.695447360391316,26.176692247390747
12107,1.9700002670288086,,0.0001087364368290643,0.9151858687400818,7.170678403124068,26.37181329727173
12108,2.0630321502685547,,0.00010871474280588182,0.9258919358253479,7.869796073936935,26.571659088134766
12109,2.199777603149414,,0.00010869304993624891,0.9036096334457397,9.023006588029011,26.768446683883667
12110,2.502253532409668,,0.00010867135822070633,0.9593467712402344,12.209978562763757,26.965739488601685
12111,2.311365842819214,,0.0001086496676597945,0.9358094334602356,10.088194136919729,27.165603160858154
12112,2.1306004524230957,,0.00010862797825405415,0.8800691366195679,8.419921055871889,27.36229705810547
12113,2.491522789001465,,0.00010860629000402585,0.9633583426475525,12.079656890529915,27.56117582321167
12114,2.1180355548858643,,0.00010858460291025002,0.9377458095550537,8.314787489949344,27.757341623306274
12115,2.3870644569396973,,0.00010856291697326722,0.9143505096435547,10.881503888697459,27.95224142074585
12116,2.411414623260498,,0.00010854123219361795,0.9271329641342163,11.14972265115072,28.149989128112793
12117,2.3750107288360596,,0.00010851954857184258,0.9739375114440918,10.751128532553068,28.34946084022522
12118,2.1337249279022217,,0.00010849786610848158,0.8835062980651855,8.446270034680577,28.55013394355774
12119,2.217071771621704,,0.00010847618480407528,0.925294041633606,9.180409134078689,28.74773669242859
12120,2.080193281173706,,0.00010845450465916416,0.8909861445426941,8.006016176966558,28.942296504974365
12121,2.0687522888183594,,0.00010843282567428839,0.8993227481842041,7.91494139348379,29.14195680618286
12122,2.115306854248047,,0.00010841114784998832,0.9476097226142883,8.292129851037778,29.338371753692627
12123,2.122974395751953,,0.00010838947118680428,0.8830201029777527,8.35595447711759,29.535912036895752
12124,2.441918134689331,,0.0001083677956852764,0.9588809013366699,11.495068699776061,29.730849027633667
12125,2.2715871334075928,,0.00010834612134594498,0.9370347261428833,9.69477551209137,29.925447702407837
12126,2.175179958343506,,0.00010832444816935018,0.889208197593689,8.803769291379384,30.12925124168396
12127,2.3183202743530273,,0.00010830277615603211,0.9559141993522644,10.158596312153808,30.325863122940063
12128,2.244187116622925,,0.00010828110530653094,0.9216564297676086,9.432744717752856,30.52296280860901
12129,2.361415147781372,,0.0001082594356213868,0.9360408186912537,10.605949823837287,30.718480348587036
12130,2.534910202026367,,0.00010823776710113965,0.9779272079467773,12.615297968978151,30.917597770690918
12131,2.2439987659454346,,0.00010821609974632959,0.9209570288658142,9.430968221202091,31.117709636688232
12132,1.7329487800598145,,0.00010819443355749663,0.8358928561210632,5.657311503920289,31.316651344299316
12133,2.3950259685516357,,0.00010817276853518072,0.9699514508247375,10.968482890996388,31.51291799545288
12134,1.9765796661376953,,0.00010815110467992182,0.9095076322555542,7.218012703092795,31.710731983184814
12135,2.288033962249756,,0.00010812944199225986,0.9545960426330566,9.855542253229883,31.90900683403015
12136,2.270179510116577,,0.00010810778047273475,0.9351832270622253,9.68113852040464,32.105313301086426
12137,2.3384392261505127,,0.0001080861201218863,0.946214497089386,10.365046438027637,32.3003351688385
12138,2.6513490676879883,,0.00010806446094025438,0.979291558265686,14.173146287420089,32.49665856361389
12139,1.7874221801757812,,0.00010804280292837885,0.8367570042610168,5.974032620410311,32.691765785217285
12140,2.2627112865448,,0.00010802114608679933,0.9027301669120789,9.609106922336943,32.88973259925842
12141,2.1616368293762207,,0.00010799949041605567,0.8750191330909729,8.685342453549552,33.09588027000427
12142,2.38442063331604,,0.00010797783591668761,0.9870481491088867,10.852773107949243,33.29624366760254
12143,2.198970317840576,,0.00010795618258923474,0.8990062475204468,9.015725386767787,33.493995666503906
12144,2.1284494400024414,,0.00010793453043423679,0.8955156207084656,8.401829166015387,33.69138312339783
12145,2.1470348834991455,,0.00010791287945223344,0.9438860416412354,8.559440993291062,33.8888373374939
12146,2.1543309688568115,,0.00010789122964376414,0.9207710027694702,8.622119782241809,34.08778691291809
12147,2.1529695987701416,,0.00010786958100936857,0.9063417315483093,8.610389872472334,34.28933572769165
12148,2.142869472503662,,0.0001078479335495862,0.8832347393035889,8.523861556594674,34.48721933364868
12149,2.2802693843841553,,0.00010782628726495665,0.9121196866035461,9.779314449328774,34.68820238113403
12150,2.243382215499878,,0.00010780464215601928,0.9065366387367249,9.425155345692911,34.88486313819885
12151,2.0359933376312256,,0.00010778299822331361,0.866489827632904,7.659857172042637,35.08505034446716
12152,2.0644495487213135,,0.00010776135546737908,0.904301106929779,7.880958619734418,35.28443145751953
12153,2.2788257598876953,,0.00010773971388875503,0.9342784881591797,9.76520697682764,35.48321509361267
12154,1.9482966661453247,,0.00010771807348798084,0.8744356036186218,7.016725569620627,35.679542541503906
12155,2.3470547199249268,,0.00010769643426559593,0.9582069516181946,10.454732219977803,35.87648582458496
12156,2.0042247772216797,,0.00010767479622213945,0.8917608857154846,7.420339250469752,36.07326102256775
12157,2.664964199066162,,0.00010765315935815077,0.9923615455627441,14.367435169193309,36.27009081840515
12158,1.8987709283828735,,0.00010763152367416916,0.8265059590339661,6.67768204702993,36.476020097732544
12159,2.175124406814575,,0.00010760988917073377,0.9338628649711609,8.803280242118738,36.67160415649414
12160,2.1962857246398926,,0.00010758825584838381,0.9314554333686829,8.991554290991765,36.86584544181824
12161,2.076695442199707,,0.0001075666237076585,0.9392507076263428,7.97806134081599,37.062268018722534
12162,2.4940712451934814,,0.00010754499274909685,0.982209324836731,12.110480626718303,37.26074814796448
12163,2.024271011352539,,0.00010752336297323805,0.8561304211616516,7.570590058342511,37.45923066139221
12164,2.09210467338562,,0.00010750173438062116,0.9072768092155457,8.10194918931802,37.659385204315186
12165,2.53617525100708,,0.00010748010697178525,0.9738631248474121,12.631267037512458,37.85437226295471
12166,2.6218864917755127,,0.00010745848074726925,1.0021952390670776,13.761660371727142,38.05079984664917
12167,2.317519426345825,,0.0001074368557076122,0.9577147364616394,10.150464077317919,38.24718642234802
12168,2.5138096809387207,,0.00010741523185335303,0.940938413143158,12.351897326357351,38.44334936141968
12169,2.4059178829193115,,0.00010739360918503067,0.9658010601997375,11.088603652382332,38.64286279678345
12170,2.0005457401275635,,0.000107371987703184,0.9615888595581055,7.393089703898588,38.84093427658081
12171,2.100820541381836,,0.00010735036740835195,0.939522922039032,8.172873342756839,39.041892528533936
12172,2.279724597930908,,0.00010732874830107326,0.921133816242218,9.773988262243753,39.2391414642334
12173,2.4403340816497803,,0.00010730713038188673,0.9940796494483948,11.476874315501675,39.43704915046692
12174,2.2997493743896484,,0.00010728551365133128,0.9702736139297485,9.971682982478198,39.63444685935974
12175,2.093193531036377,,0.0001072638981099455,0.9526218771934509,8.110775863302518,39.82881164550781
12176,2.3594071865081787,,0.00010724228375826816,1.014953851699829,10.584674854131446,40.036372900009155
12177,2.1501729488372803,,0.00010722067059683797,0.8947978615760803,8.586343266855442,40.23226284980774
12178,2.286311388015747,,0.00010719905862619353,0.919852077960968,9.838579963678047,40.4282751083374
12179,2.5108020305633545,,0.00010717744784687353,0.9616386890411377,12.314802949148868,40.62403726577759
12180,2.4663424491882324,,0.00010715583825941652,0.9392736554145813,11.77928463368722,40.82774567604065
12181,2.091364860534668,,0.00010713422986436116,0.9022349119186401,8.095957479835121,41.028221130371094
12182,2.431156635284424,,0.00010711262266224582,0.9368453025817871,11.372027764722658,41.22627019882202
12183,2.4382035732269287,,0.00010709101665360914,0.9602926969528198,11.452448766762249,41.42868232727051
12184,2.1569743156433105,,0.00010706941183898956,0.8993057608604431,8.644941184012227,41.62763571739197
12185,2.2118685245513916,,0.00010704780821892554,0.8997472524642944,9.132765256073457,41.827457666397095
12186,2.218423366546631,,0.00010702620579395545,0.91145259141922,9.192825717678524,42.031670331954956
12187,2.252918004989624,,0.00010700460456461775,0.9302398562431335,9.515461529050947,42.22977542877197
12188,2.302079439163208,,0.00010698300453145076,0.9584062695503235,9.994944739905153,42.429922580718994
12189,1.9079034328460693,,0.00010696140569499279,0.8809561729431152,6.738945325919516,42.627685546875
12190,2.5574374198913574,,0.00010693980805578223,0.992182731628418,12.90271068471514,42.826921463012695
12191,2.40453839302063,,0.00010691821161435723,0.9236724376678467,11.073317581567633,43.02563285827637
12192,2.0551836490631104,,0.00010689661637125608,0.9168818593025208,7.808271722755649,43.22472929954529
12193,2.2519876956939697,,0.00010687502232701702,0.9684576988220215,9.506613323160284,43.42227840423584
12194,2.0252785682678223,,0.00010685342948217818,0.8702552914619446,7.578221702720985,43.61896014213562
12195,2.0862491130828857,,0.00010683183783727773,0.8888828158378601,8.054646364699531,43.81594443321228
12196,1.9030119180679321,,0.0001068102473928538,0.8773415684700012,6.706062165068378,44.01187515258789
12197,2.042470932006836,,0.00010678865814944454,0.8784924745559692,7.70963566817604,44.21241068840027
12198,2.306941032409668,,0.00010676707010758786,0.9385050535202026,10.043654403098161,44.4090461730957
12199,1.9090975522994995,,0.00010674548326782185,0.8888442516326904,6.7469972381445285,44.607581615448
12200,2.075025796890259,2.3113714509540135,0.00010672389763068465,0.8807830810546875,7.964751922215881,44.80914092063904
12201,2.3659915924072266,,0.00010670231319671403,0.9629523158073425,10.654598600218607,48.88221502304077
12202,2.2125496864318848,,0.00010668072996644802,0.9238473176956177,9.138988266827626,49.0788094997406
12203,2.090515375137329,,0.00010665914794042458,0.8825518488883972,8.089083002475991,49.289711475372314
12204,2.153730869293213,,0.00010663756711918149,0.8873184323310852,8.616947204109358,49.486685276031494
12205,2.233126640319824,,0.00010661598750325665,0.9602336287498474,9.328988920335771,49.685532331466675
12206,2.373897075653076,,0.00010659440909318794,0.9437928199768066,10.7391621684686,49.88361978530884
12207,2.4352571964263916,,0.00010657283188951301,0.9676361680030823,11.418755198754939,50.07989287376404
12208,2.4367165565490723,,0.00010655125589276973,0.9471477270126343,11.435431440103805,50.27633786201477
12209,1.9460883140563965,,0.00010652968110349581,0.8754914999008179,7.001247266113867,50.47319936752319
12210,2.2241969108581543,,0.00010650810752222892,0.9422208666801453,9.246054415571072,50.6722297668457
12211,1.8754123449325562,,0.00010648653514950674,0.8917012214660645,6.523508501488736,50.869484424591064
12212,2.0884480476379395,,0.00010646496398586694,0.924326479434967,8.072377492569863,51.06661295890808
12213,2.5368638038635254,,0.00010644339403184712,0.9465712904930115,12.639967327472677,51.26617646217346
12214,2.1982548236846924,,0.00010642182528798482,0.9283795356750488,9.00927699511087,51.466574907302856
12215,2.0997462272644043,,0.00010640025775481761,0.8896603584289551,8.164097824220482,51.66584777832031
12216,2.332505464553833,,0.00010637869143288311,0.9385736584663391,10.303724837330769,51.861032247543335
12217,2.4045331478118896,,0.00010635712632271861,0.9651110172271729,11.073259499857794,52.05995321273804
12218,2.3493359088897705,,0.00010633556242486172,0.9404751062393188,10.478608662733214,52.25650978088379
12219,1.821479320526123,,0.00010631399973984983,0.8684271574020386,6.180995363318327,52.45400428771973
12220,2.1568543910980225,,0.0001062924382682203,0.9595285058021545,8.643904505534532,52.656562089920044
12221,2.139065980911255,,0.00010627087801051055,0.9295132160186768,8.49150269816239,52.85553336143494
12222,2.151743173599243,,0.00010624931896725797,0.9123806357383728,8.599836346479258,53.05023455619812
12223,2.1498894691467285,,0.00010622776113899971,0.8878332376480103,8.583909557893012,53.246413469314575
12224,2.3786137104034424,,0.0001062062045262731,0.9652990698814392,10.78993451712808,53.44231843948364
12225,2.453258991241455,,0.00010618464912961551,0.9647887945175171,11.62617464664542,53.64014410972595
12226,2.1089210510253906,,0.00010616309494956403,0.9252068400382996,8.239346652440297,53.84100103378296
12227,2.2248342037200928,,0.00010614154198665587,0.926325261592865,9.251948738056539,54.036325454711914
12228,2.2999463081359863,,0.00010611999024142822,0.9410311579704285,9.97364693674332,54.23420572280884
12229,2.169027328491211,,0.0001060984397144182,0.8876979351043701,8.74976924910745,54.430728912353516
12230,2.1823618412017822,,0.00010607689040616287,0.8920063972473145,8.867224522410822,54.63036346435547
12231,2.452653646469116,,0.00010605534231719931,0.9751294255256653,11.619138932332064,54.830157995224
12232,2.1770215034484863,,0.00010603379544806463,0.9426544904708862,8.81999676685131,55.02780532836914
12233,2.480961561203003,,0.00010601224979929568,0.9783493280410767,11.952752196644171,55.22454357147217
12234,2.0700724124908447,,0.00010599070537142955,0.8843869566917419,7.925396994808634,55.42410492897034
12235,2.69572377204895,,0.00010596916216500319,0.9825760722160339,14.816238452773037,55.623515605926514
12236,1.9604109525680542,,0.00010594762018055342,0.8878805041313171,7.1022451514019656,55.82299208641052
12237,2.22304368019104,,0.00010592607941861719,0.9390993714332581,9.235397728059716,56.02657771110535
12238,1.9150747060775757,,0.00010590453987973138,0.9173751473426819,6.787445841515,56.22477865219116
12239,2.1466238498687744,,0.00010588300156443274,0.8934484124183655,8.555923498139567,56.42386603355408
12240,2.314483642578125,,0.00010586146447325808,0.9339423775672913,10.119696189194729,56.62051177024841
12241,2.184795379638672,,0.00010583992860674425,0.976068913936615,8.888829531762715,56.8180832862854
12242,1.844840407371521,,0.00010581839396542784,0.8700767159461975,6.327089952906696,57.02040338516235
12243,2.312920331954956,,0.00010579686054984562,0.9348037838935852,10.10388832016317,57.223453521728516
12244,2.264091730117798,,0.00010577532836053425,0.9208031296730042,9.62238091211914,57.42122459411621
12245,2.3040578365325928,,0.00010575379739803039,0.9114954471588135,10.014738285578986,57.61994290351868
12246,2.5310001373291016,,0.00010573226766287061,0.955695390701294,12.566067647337404,57.819825649261475
12247,2.719928503036499,,0.00010571073915559151,0.9919261336326599,15.179236936806996,58.01803803443909
12248,1.9778987169265747,,0.00010568921187672969,0.8635592460632324,7.2275399104968105,58.21491289138794
12249,2.038485527038574,,0.00010566768582682153,0.9004176259040833,7.678970794439337,58.411693811416626
12250,2.1119461059570312,,0.0001056461610064036,0.9273003935813904,8.264308865662189,58.609206676483154
12251,2.1078126430511475,,0.00010562463741601243,0.9031389355659485,8.2302191543385,58.808547258377075
12252,2.1994869709014893,,0.00010560311505618428,0.9040853977203369,9.020384592377994,59.00568699836731
12253,2.206089973449707,,0.00010558159392745566,0.9248583912849426,9.08014329112609,59.20300364494324
12254,2.2717862129211426,,0.00010556007403036292,0.9045481085777283,9.696705735411875,59.41833567619324
12255,2.766954183578491,,0.00010553855536544233,1.0225586891174316,15.910100889270021,59.616525173187256
12256,1.8870762586593628,,0.00010551703793323026,0.868262767791748,6.6000436236822555,59.8143527507782
12257,2.3569366931915283,,0.00010549552173426292,0.946160614490509,10.558557759982122,60.013925552368164
12258,2.3423171043395996,,0.00010547400676907667,0.9567575454711914,10.405318860845728,60.212544202804565
12259,2.015460252761841,,0.00010545249303820756,0.8944289088249207,7.5041804062671815,60.409162759780884
12260,2.31135892868042,,0.00010543098054219183,0.9821335673332214,10.08812438598642,60.60655474662781
12261,2.363525629043579,,0.00010540946928156571,0.976575493812561,10.628357118979586,60.80874300003052
12262,2.372384548187256,,0.0001053879592568652,0.948419988155365,10.722931168739695,61.00697112083435
12263,1.9397636651992798,,0.00010536645046862641,0.8852118253707886,6.957106569935575,61.204962491989136
12264,1.850987434387207,,0.00010534494291738547,0.8786798715591431,6.366102528612466,61.41289448738098
12265,2.1228926181793213,,0.00010532343660367831,0.9297609925270081,8.355271175383189,61.61277365684509
12266,2.4197676181793213,,0.00010530193152804097,0.9855968356132507,11.24324628524121,61.81350374221802
12267,1.888886570930481,,0.00010528042769100947,0.8738375306129456,6.612002585105407,62.016064405441284
12268,2.1920180320739746,,0.00010525892509311964,0.8594518899917603,8.953262867716704,62.216591119766235
12269,2.247096061706543,,0.00010523742373490739,0.9008998274803162,9.4602240026125,62.416210651397705
12270,2.080251455307007,,0.00010521592361690865,0.8706002235412598,8.006481933566207,62.61304259300232
12271,2.186676025390625,,0.00010519442473965924,0.8960420489311218,8.905562000252697,62.81536936759949
12272,2.2481963634490967,,0.00010517292710369491,0.9233484864234924,9.470638832244381,63.01212763786316
12273,1.8246986865997314,,0.00010515143070955152,0.8555014133453369,6.200926315393363,63.209673166275024
12274,2.5763988494873047,,0.00010512993555776482,0.9617673754692078,13.149698748306156,63.40655064582825
12275,2.2899911403656006,,0.00010510844164887041,0.9112443923950195,9.874850193223168,63.60275340080261
12276,2.3292226791381836,,0.00010508694898340407,0.9167893528938293,10.269955378977485,63.801551818847656
12277,2.6186351776123047,,0.00010506545756190152,0.9822932481765747,13.71698954924163,63.99918174743652
12278,2.5865631103515625,,0.00010504396738489822,0.9890710711479187,13.284037286075865,64.19856858253479
12279,2.2639379501342773,,0.00010502247845292983,0.9154528379440308,9.62090129631161,64.39795136451721
12280,2.1071505546569824,,0.00010500099076653196,0.9423083066940308,8.224771825260648,64.59563899040222
12281,2.6910555362701416,,0.00010497950432624008,0.9751326441764832,14.747233948283402,64.79957032203674
12282,2.2592613697052,,0.0001049580191325897,0.9348515868186951,9.576013420290085,64.99548387527466
12283,2.3230643272399902,,0.00010493653518611634,1.0030326843261719,10.206903726178782,65.19408774375916
12284,2.4059882164001465,,0.00010491505248735533,0.9594365358352661,11.08938357990199,65.39005970954895
12285,2.165358304977417,,0.00010489357103684216,0.9104573726654053,8.717724961562077,65.5867669582367
12286,2.1580288410186768,,0.00010487209083511219,0.8901271820068359,8.654062302239387,65.78533244132996
12287,2.329397439956665,,0.00010485061188270074,0.9349340796470642,10.271750321623538,65.984872341156
12288,2.253824472427368,,0.00010482913418014312,0.9523777365684509,9.524090895611153,66.18286156654358
12289,1.7977713346481323,,0.00010480765772797464,0.8157437443733215,6.036179837708916,66.38139772415161
12290,1.9031789302825928,,0.00010478618252673053,0.8640152812004089,6.707182252893788,66.58038663864136
12291,2.1557869911193848,,0.000104764708576946,0.9202685356140137,8.634682924483233,66.78818416595459
12292,2.1392786502838135,,0.00010474323587915625,0.9388611912727356,8.493308772754856,66.99424076080322
12293,2.0050768852233887,,0.00010472176443389649,0.919127881526947,7.426664875595619,67.19295501708984
12294,2.1801412105560303,,0.00010470029424170176,0.9210240840911865,8.847555538750179,67.38950419425964
12295,1.864310383796692,,0.00010467882530310713,0.8621135354042053,6.451485302770259,67.58912062644958
12296,2.4089367389678955,,0.00010465735761864779,0.9569288492202759,11.122129129422072,67.78762125968933
12297,1.9780362844467163,,0.00010463589118885863,0.8696653246879578,7.228534253632113,67.98473381996155
12298,2.4151787757873535,,0.00010461442601427473,0.9550236463546753,11.191770996386245,68.18143916130066
12299,2.3770782947540283,,0.0001045929620954311,0.9607318639755249,10.773380194949233,68.37749242782593
12300,2.5301504135131836,,0.00010457149943286254,1.0047698020935059,12.555394495642814,68.57500195503235
12301,2.1558380126953125,,0.00010455003802710404,0.8707906603813171,8.635123490852775,68.7749388217926
12302,2.377261161804199,,0.00010452857787869056,0.9418431520462036,10.77535047134968,68.9737434387207
12303,2.392472982406616,,0.00010450711898815678,0.9450063109397888,10.94051622059477,69.17776918411255
12304,2.1364634037017822,,0.00010448566135603759,0.945763885974884,8.469431640040428,69.37693858146667
12305,2.2077503204345703,,0.00010446420498286775,0.905998170375824,9.095232002443488,69.57363390922546
12306,2.57792067527771,,0.00010444274986918208,0.984667956829071,13.169725533771606,69.77108979225159
12307,2.1300837993621826,,0.00010442129601551518,0.9201772809028625,8.415572001458603,69.97528338432312
12308,2.3458592891693115,,0.00010439984342240183,0.9317189455032349,10.442241778756573,70.17646670341492
12309,1.9131698608398438,,0.00010437839209037668,0.8683481812477112,6.77452911371677,70.37487244606018
12310,2.2978434562683105,,0.00010435694201997428,0.9449853301048279,9.952695870869295,70.57248044013977
12311,2.5072872638702393,,0.00010433549321172924,1.0116543769836426,12.271595266853037,70.77247309684753
12312,1.8007421493530273,,0.00010431404566617624,0.8390963673591614,6.05413887280647,70.97893238067627
12313,2.298995018005371,,0.00010429259938384964,0.9604421257972717,9.964163616255911,71.1751389503479
12314,2.1678998470306396,,0.00010427115436528404,0.932488739490509,8.739909605821786,71.37448525428772
12315,2.2069411277770996,,0.00010424971061101389,0.9240937829017639,9.08787518443211,71.57044410705566
12316,2.0861175060272217,,0.00010422826812157359,0.9356158971786499,8.053586386158914,71.76704216003418
12317,2.1410880088806152,,0.00010420682689749756,0.8978427648544312,8.508690124992823,71.96676754951477
12318,2.069025754928589,,0.00010418538693932026,0.8838844895362854,7.917106157700695,72.16341996192932
12319,2.533311367034912,,0.00010416394824757585,0.9978384971618652,12.595144304642778,72.35959839820862
12320,2.288250207901001,,0.00010414251082279878,0.9288515448570251,9.857673701832747,72.55619645118713
12321,2.6242926120758057,,0.00010412107466552326,0.9982239603996277,13.794812450063374,72.75504422187805
12322,2.192760705947876,,0.00010409963977628358,0.9437798261642456,8.959914691897001,72.95610570907593
12323,2.0394601821899414,,0.0001040782061556139,0.9239010810852051,7.686458791395968,73.16066455841064
12324,2.0917956829071045,,0.00010405677380404846,0.9119951725006104,8.09944615088854,73.36242747306824
12325,2.3679823875427246,,0.00010403534272212138,0.9488644599914551,10.675830850800775,73.56588625907898
12326,2.6018643379211426,,0.00010401391291036678,0.9797390699386597,13.488862405261603,73.76325535774231
12327,2.280278444290161,,0.00010399248436931876,0.9358062148094177,9.779403049399841,73.96162843704224
12328,2.3254435062408447,,0.0001039710570995114,0.9615339636802673,10.23121668816354,74.15645909309387
12329,2.176307201385498,,0.00010394963110147862,0.9083916544914246,8.813698874531715,74.3534300327301
12330,2.3620429039001465,,0.0001039282063757545,0.9438707232475281,10.612609863956369,74.55956268310547
12331,2.326519250869751,,0.000103906782922873,0.9254285097122192,10.242228786603926,74.76791167259216
12332,2.1361336708068848,,0.00010388536074336801,0.912262499332428,8.466639450191341,74.9674711227417
12333,2.1219966411590576,,0.00010386393983777343,0.9997168779373169,8.347788397111247,75.16406798362732
12334,2.048848867416382,,0.0001038425202066232,0.9316481351852417,7.758964366909778,75.3617012500763
12335,2.3473446369171143,,0.00010382110185045105,0.9246876239776611,10.457763663909464,75.56488728523254
12336,2.340581178665161,,0.00010379968476979082,0.9418528079986572,10.387271669507873,75.76762223243713
12337,2.5588529109954834,,0.00010377826896517623,0.9963660836219788,12.920987289042278,75.96685361862183
12338,1.9539768695831299,,0.0001037568544371412,0.9501020908355713,7.056695409265716,76.16742444038391
12339,2.225705146789551,,0.00010373544118621923,0.9490295052528381,9.260010168702928,76.36732482910156
12340,2.2001349925994873,,0.00010371402921294407,0.9433682560920715,9.026231891701936,76.57186269760132
12341,2.289335250854492,,0.0001036926185178494,0.9396063685417175,9.868375506129455,76.77371263504028
12342,2.201732873916626,,0.00010367120910146877,0.9501639604568481,9.040666268144886,76.97020149230957
12343,2.0554585456848145,,0.00010364980096433577,0.9499818086624146,7.810418485328952,77.16996741294861
12344,2.1769537925720215,,0.00010362839410698403,0.9161514043807983,8.819399577358148,77.36717796325684
12345,2.622976064682007,,0.00010360698852994693,0.9940717220306396,13.776662875693265,77.56812500953674
12346,2.281479597091675,,0.00010358558423375804,0.9503217935562134,9.791156664300347,77.7644853591919
12347,2.457794189453125,,0.00010356418121895079,0.9701176881790161,11.679021397777662,77.96128964424133
12348,2.0303006172180176,,0.00010354277948605859,0.9049597978591919,7.616375628318576,78.15761995315552
12349,2.068584680557251,,0.00010352137903561483,0.8948701024055481,7.913614895089204,78.35489439964294
12350,2.683279275894165,,0.00010349997986815288,0.9736103415489197,14.633000348029455,78.55239081382751
12351,2.5393078327178955,,0.00010347858198420605,0.9726871848106384,12.670897554126288,78.7562518119812
12352,2.5473031997680664,,0.00010345718538430763,0.96437007188797,12.772612111688742,78.9527177810669
12353,2.5626845359802246,,0.00010343579006899086,1.006658673286438,12.970590636792785,79.1513237953186
12354,2.6701834201812744,,0.00010341439603878908,1.068181037902832,14.442618017486348,79.3534803390503
12355,2.163828134536743,,0.00010339300329423535,0.9040485620498657,8.70439555724702,79.55224895477295
12356,2.39902400970459,,0.00010337161183586284,1.0043574571609497,11.012423115864125,79.75147366523743
12357,2.271921157836914,,0.00010335022166420478,0.9240649342536926,9.698014344843711,79.95735287666321
12358,2.58270001411438,,0.00010332883277979416,1.05064857006073,13.232818766353507,80.15568518638611
12359,2.0718090534210205,,0.00010330744518316413,0.921455979347229,7.939172521727493,80.35460710525513
12360,2.2902958393096924,,0.0001032860588748477,0.9270973801612854,9.877859508094357,80.5542197227478
12361,2.185873031616211,,0.00010326467385537785,0.9192243218421936,8.898413759789229,80.75528812408447
12362,2.278327226638794,,0.00010324329012528751,0.9321469664573669,9.760339909765468,80.95579528808594
12363,2.054844856262207,,0.00010322190768510978,0.9066168665885925,7.805626784576788,81.15384411811829
12364,1.795168161392212,,0.00010320052653537739,0.8230365514755249,6.020487050171742,81.34838223457336
12365,2.083594799041748,,0.00010317914667662329,0.9366180896759033,8.033295152703827,81.54401016235352
12366,2.03424334526062,,0.00010315776810938031,0.8764218091964722,7.646464202646733,81.74546241760254
12367,2.3930485248565674,,0.0001031363908341813,0.998397707939148,10.946814764469922,81.9470763206482
12368,1.848340392112732,,0.00010311501485155897,0.8700928688049316,6.349273469537524,82.14794373512268
12369,2.035194158554077,,0.0001030936401620461,0.94054114818573,7.653738019931648,82.34627890586853
12370,2.102813720703125,,0.00010307226676617545,0.9092045426368713,8.189179590138275,82.54583835601807
12371,2.1705117225646973,,0.00010305089466447962,0.938028872013092,8.762766999230191,82.74628114700317
12372,2.2927167415618896,,0.00010302952385749127,0.948796808719635,9.901801809716996,82.94408178329468
12373,2.2039334774017334,,0.00010300815434574308,0.9140021204948425,9.060583096325484,83.14065408706665
12374,2.3161394596099854,,0.00010298678612976754,0.9632091522216797,10.13646643489966,83.33802461624146
12375,2.2447593212127686,,0.00010296541921009727,0.9642088413238525,9.4381437220954,83.53796648979187
12376,2.0539369583129883,,0.0001029440535872648,0.9044574499130249,7.798543288059249,83.73894023895264
12377,2.138533353805542,,0.00010292268926180258,0.946839451789856,8.486981097927433,86.16916275024414
12378,2.122917890548706,,0.00010290132623424305,0.934569239616394,8.35548233555089,87.97735595703125
12379,2.4580860137939453,,0.00010287996450511872,0.9749910235404968,11.682430117848048,89.78429245948792
12380,2.4922196865081787,,0.00010285860407496187,0.9598832130432129,12.08807810732055,90.63965439796448
12381,2.3583364486694336,,0.00010283724494430489,0.9287564754486084,10.573347507645774,90.88547015190125
12382,2.010310411453247,,0.00010281588711368013,0.8903329372406006,7.465634406105207,91.08788418769836
12383,2.2027428150177,,0.0001027945305836199,0.9454448223114014,9.049801420796772,91.28268241882324
12384,2.063926935195923,,0.00010277317535465641,0.8830602765083313,7.876841000222244,91.47728395462036
12385,2.278724193572998,,0.0001027518214273219,0.9287914037704468,9.764215211108596,91.67676711082458
12386,2.474393129348755,,0.00010273046880214866,0.9836186766624451,11.874498641291993,91.87264657020569
12387,2.335151195526123,,0.00010270911747966866,0.986150324344635,10.331021815570248,92.0710506439209
12388,2.1204164028167725,,0.00010268776746041419,0.8701621294021606,8.33460731917815,92.26818418502808
12389,2.684161424636841,,0.00010266641874491734,0.9894731044769287,14.645914526163576,92.4655556678772
12390,2.333953380584717,,0.00010264507133371009,0.9495017528533936,10.318654571593044,92.66292071342468
12391,2.3265435695648193,,0.00010262372522732452,0.9753938913345337,10.242477867271253,92.86414361000061
12392,2.4663519859313965,,0.00010260238042629265,0.9781016707420349,11.779396970235089,93.06160402297974
12393,2.2139604091644287,,0.0001025810369311464,0.9510197043418884,9.151889943532723,93.26132392883301
12394,1.9243874549865723,,0.00010255969474241776,0.9092073440551758,6.850950864569967,93.45669221878052
12395,1.9616360664367676,,0.00010253835386063864,0.8892679810523987,7.110951542507241,93.65417218208313
12396,2.0960824489593506,,0.00010251701428634081,0.9210193753242493,8.134241107325472,93.85394835472107
12397,2.112840414047241,,0.0001024956760200562,0.9365553259849548,8.27170300976938,94.05127787590027
12398,1.9779373407363892,,0.00010247433906231659,0.9083933234214783,7.227819071014826,94.2469048500061
12399,1.7884935140609741,,0.00010245300341365378,0.8151359558105469,5.980436233579209,94.44676876068115
12400,2.1166436672210693,2.3070203887091743,0.00010243166907459944,0.9079552292823792,8.303222290403141,94.64461350440979
12401,2.15039324760437,,0.00010241033604568533,0.9445942044258118,8.588235036060501,98.68774247169495
12402,2.226074695587158,,0.00010238900432744315,0.9447568655014038,9.263432826707229,98.88170623779297
12403,2.7859883308410645,,0.00010236767392040448,0.9908787608146667,16.21583657097073,99.0806519985199
12404,2.3515689373016357,,0.00010234634482510095,0.979539692401886,10.502033838401353,99.28142881393433
12405,2.0066590309143066,,0.0001023250170420642,0.893598735332489,7.438424241488483,99.48145484924316
12406,1.8998819589614868,,0.00010230369057182569,0.8633064031600952,6.68510527893366,99.67798113822937
12407,2.112272262573242,,0.00010228236541491695,0.9011847972869873,8.267004764295823,99.87290859222412
12408,1.902949333190918,,0.00010226104157186947,0.8734879493713379,6.70564248012563,100.07054996490479
12409,2.374274492263794,,0.0001022397190432147,0.9436036944389343,10.743216071613244,100.26913356781006
12410,2.060947895050049,,0.00010221839782948401,0.8912904858589172,7.85341049220012,100.46676087379456
12411,2.16960072517395,,0.00010219707793120891,0.9340639114379883,8.754787776435583,100.67307186126709
12412,2.2222180366516113,,0.00010217575934892059,0.9572539925575256,9.2277757285518,100.8727171421051
12413,2.4571001529693604,,0.00010215444208315039,0.9298547506332397,11.67091854299661,101.07018113136292
12414,2.1577439308166504,,0.00010213312613442968,0.9253001809120178,8.651597022808813,101.26953101158142
12415,2.5063626766204834,,0.00010211181150328971,0.9671721458435059,12.260254349976623,101.46884751319885
12416,2.204785108566284,,0.00010209049819026158,0.9296433329582214,9.068302657902358,101.66492199897766
12417,2.184995651245117,,0.00010206918619587658,0.911260187625885,8.890609890204132,101.86320996284485
12418,2.2128829956054688,,0.00010204787552066581,0.9290999174118042,9.142034883158617,102.06122541427612
12419,2.313626527786255,,0.00010202656616516038,0.9548541903495789,10.111026164035927,102.25794577598572
12420,2.3874871730804443,,0.00010200525812989141,0.9354592561721802,10.88610464836599,102.45680093765259
12421,2.4794318675994873,,0.00010198395141539,0.9561284184455872,11.9344821254327,102.65974235534668
12422,1.7753621339797974,,0.00010196264602218701,0.8524603843688965,5.902418215539981,102.85489702224731
12423,2.215782403945923,,0.00010194134195081356,0.8861910700798035,9.168579839084877,103.05073857307434
12424,2.0789105892181396,,0.00010192003920180058,0.8753684759140015,7.995753507748947,103.24636268615723
12425,2.3031346797943115,,0.00010189873777567895,0.9259419441223145,10.005497378507618,103.44165992736816
12426,2.5978925228118896,,0.00010187743767297958,0.9495009779930115,13.43539339256087,103.63874340057373
12427,2.198641300201416,,0.00010185613889423335,0.9114977717399597,9.01275954202009,103.83564281463623
12428,2.242480516433716,,0.00010183484143997105,0.945523202419281,9.416660522381958,104.0350730419159
12429,2.3002283573150635,,0.00010181354531072345,0.9205224514007568,9.976460392422014,104.23004961013794
12430,1.88375723361969,,0.00010179225050702134,0.8433682322502136,6.578174226247136,104.42728233337402
12431,2.367680549621582,,0.00010177095702939552,0.9010497331619263,10.672608966478194,104.6269679069519
12432,2.4981181621551514,,0.0001017496648783765,0.9928802847862244,12.159590040015118,104.8355975151062
12433,2.8334238529205322,,0.00010172837405449503,0.9957519173622131,17.003579027388653,105.03366184234619
12434,2.4402222633361816,,0.0001017070845582818,0.9560984969139099,11.47559106251726,105.2335102558136
12435,2.311629056930542,,0.00010168579639026725,0.9385812282562256,10.090849841468508,105.43285894393921
12436,2.197826862335205,,0.00010166450955098205,0.9038859605789185,9.005422197681126,105.63393044471741
12437,2.207190990447998,,0.00010164322404095674,0.9252185225486755,9.09014618890629,105.8293867111206
12438,2.08876371383667,,0.00010162193986072169,0.8847246170043945,8.074926071516613,106.02723693847656
12439,2.381749391555786,,0.00010160065701080744,0.9530249238014221,10.823821412912613,106.23042249679565
12440,2.541935682296753,,0.00010157937549174445,0.9347795248031616,12.70423855530899,106.42893481254578
12441,2.347113847732544,,0.00010155809530406305,0.9600600004196167,10.455350403648938,106.63367676734924
12442,2.4013454914093018,,0.00010153681644829359,0.9574136137962341,11.038017952129408,106.83222818374634
12443,2.1285665035247803,,0.00010151553892496644,0.906255841255188,8.402812771302678,107.03427910804749
12444,1.9604583978652954,,0.00010149426273461185,0.8974378705024719,7.102582127528157,107.23516464233398
12445,2.3970773220062256,,0.0001014729878777601,0.9742059111595154,10.99100622002257,107.43191456794739
12446,2.111368179321289,,0.00010145171435494141,0.8745431303977966,8.259534081313147,107.6282422542572
12447,1.8448032140731812,,0.00010143044216668603,0.9004902243614197,6.326854631938663,107.82555174827576
12448,2.4413962364196777,,0.00010140917131352403,0.9555052518844604,11.489071008540577,108.02907586097717
12449,2.3635997772216797,,0.00010138790179598551,0.9554444551467896,10.629145221513983,108.22695088386536
12450,2.177572011947632,,0.00010136663361460072,0.9419764876365662,8.82485358677156,108.42682433128357
12451,2.2576301097869873,,0.00010134536676989955,0.9243153929710388,9.560405187424768,108.62739372253418
12452,2.050875425338745,,0.0001013241012624121,0.9296876192092896,7.7747043011742045,108.82492518424988
12453,2.630401134490967,,0.0001013028370926684,0.9489243626594543,13.87933626611304,109.02309083938599
12454,2.0958902835845947,,0.00010128157426119832,0.8627691864967346,8.13267813801383,109.22183799743652
12455,2.3436005115509033,,0.00010126031276853183,0.9506538510322571,10.418681695252475,109.41878366470337
12456,2.2953670024871826,,0.0001012390526151989,0.9187595248222351,9.928078973432754,109.61952066421509
12457,2.282494068145752,,0.00010121779380172924,0.9190274477005005,9.80109454931826,109.81670784950256
12458,2.644991874694824,,0.00010119653632865275,1.005272388458252,14.083330651300082,110.01751899719238
12459,1.9699487686157227,,0.00010117528019649924,0.877367377281189,7.170309134074024,110.21774673461914
12460,2.1837918758392334,,0.00010115402540579842,0.9165847301483154,8.87991403167231,110.41768884658813
12461,2.222970724105835,,0.00010113277195708004,0.9506658315658569,9.234723974173688,110.61938452720642
12462,2.195234775543213,,0.0001011115198508738,0.9581543207168579,8.98210958895174,110.8160707950592
12463,2.018162727355957,,0.00010109026908770937,0.8364858627319336,7.524487690765701,111.01453948020935
12464,2.2428483963012695,,0.00010106901966811634,0.9455633163452148,9.420125359490562,111.21201705932617
12465,2.226943016052246,,0.00010104777159262432,0.9159067869186401,9.271479948242169,111.41157078742981
12466,2.130178689956665,,0.00010102652486176289,0.9041492342948914,8.416370597977782,111.61883234977722
12467,2.2258188724517822,,0.00010100527947606153,0.9503357410430908,9.261063329376196,111.8147439956665
12468,2.098612070083618,,0.00010098403543604972,0.9119259119033813,8.154843702854576,112.01577520370483
12469,2.182286500930786,,0.00010096279274225698,0.9358037114143372,8.866556488477565,112.21374034881592
12470,2.2865941524505615,,0.0001009415513952127,0.9352969527244568,9.841362357543328,112.41201329231262
12471,2.4484617710113525,,0.00010092031139544624,0.9504839181900024,11.57053489121659,112.62276029586792
12472,2.251267433166504,,0.00010089907274348705,0.9454818367958069,9.499768531140015,112.82071328163147
12473,2.361927032470703,,0.00010087783543986433,0.9723613262176514,10.611380236922004,113.02043008804321
12474,2.3883676528930664,,0.00010085659948510744,0.9546931982040405,10.895693864683162,113.21597480773926
12475,2.107578992843628,,0.00010083536487974563,0.8759300708770752,8.228296386561448,113.41290736198425
12476,2.0416204929351807,,0.0001008141316243081,0.8940911293029785,7.7030818799693765,113.61475396156311
12477,2.2293174266815186,,0.00010079289971932405,0.8991836905479431,9.293520404972707,113.81392240524292
12478,2.496980905532837,,0.00010077166916532263,0.9704027771949768,12.145769326056309,114.01293873786926
12479,2.147489309310913,,0.00010075043996283302,0.9262604713439941,8.563331508120946,114.20880007743835
12480,2.329233407974243,,0.00010072921211238422,0.9825836420059204,10.270065564236164,114.41011428833008
12481,2.01029896736145,,0.00010070798561450532,0.9311355352401733,7.4655489691886165,114.61360359191895
12482,2.287492036819458,,0.00010068676046972539,0.9835286140441895,9.850202731195548,114.8106997013092
12483,2.0137531757354736,,0.0001006655366785733,0.9014132618904114,7.491381120085838,115.00731468200684
12484,2.2998909950256348,,0.00010064431424157808,0.9263182878494263,9.973095278566806,115.2043526172638
12485,2.3866515159606934,,0.00010062309315926866,0.9770862460136414,10.877011397459329,115.40198397636414
12486,2.533782482147217,,0.00010060187343217387,1.0126428604125977,12.60107946542855,115.60140132904053
12487,2.315194845199585,,0.00010058065506082259,0.9930514097213745,10.12689590357726,115.79820108413696
12488,2.2286198139190674,,0.0001005594380457437,0.9344052672386169,9.28703938741322,115.99887943267822
12489,2.3463518619537354,,0.00010053822238746584,0.9330065250396729,10.447386609863031,116.19502925872803
12490,2.100414991378784,,0.00010051700808651786,0.8980445861816406,8.169559505956423,116.39285254478455
12491,2.264883518218994,,0.00010049579514342848,0.9114634394645691,9.630002815898695,116.59542632102966
12492,2.052765369415283,,0.0001004745835587264,0.8539694547653198,7.789411951455468,116.79388761520386
12493,2.273500919342041,,0.00010045337333294019,0.9589906930923462,9.713347002364184,116.99291133880615
12494,2.4116363525390625,,0.00010043216446659848,0.9879528284072876,11.152195145212387,117.18993067741394
12495,2.184227705001831,,0.00010041095696022991,0.9276977181434631,8.883785000647984,117.39149808883667
12496,2.162522077560425,,0.00010038975081436296,0.932137131690979,8.693034541386808,117.58996796607971
12497,2.0608277320861816,,0.00010036854602952617,0.898306131362915,7.8524668598148795,117.78714752197266
12498,2.1131300926208496,,0.00010034734260624809,0.9024830460548401,8.27409949198658,117.98596596717834
12499,2.4440202713012695,,0.00010032614054505704,0.9406686425209045,11.519258320582589,118.18209791183472
12500,2.4013631343841553,,0.00010030493984648145,0.9473752975463867,11.038212697320509,118.37688136100769
12501,2.414537191390991,,0.0001002837405110498,0.9602252244949341,11.184592833692122,118.57373356819153
12502,2.1218440532684326,,0.00010026254253929036,0.9449297189712524,8.346514722864452,118.7707872390747
12503,2.3188459873199463,,0.0001002413459317314,0.9663349986076355,10.163938221993407,118.96704721450806
12504,2.5066545009613037,,0.00010022015068890127,0.9793171286582947,12.263832712721873,119.1656596660614
12505,2.1692752838134766,,0.00010019895681132817,0.9241729378700256,8.751939069959558,119.36505699157715
12506,2.278045415878296,,0.00010017776429954032,0.9294437766075134,9.757589728486318,119.56467413902283
12507,2.3285953998565674,,0.00010015657315406588,0.9329562783241272,10.263515268830135,119.76044344902039
12508,2.158993721008301,,0.00010013538337543306,0.9323897361755371,8.662416463517161,119.9572217464447
12509,2.3904080390930176,,0.00010011419496416986,0.9425438046455383,10.917947983861735,120.15500736236572
12510,2.7127835750579834,,0.00010009300792080436,0.9780905246734619,15.071168910994256,120.3539879322052
12511,2.5517220497131348,,0.00010007182224586468,0.965559720993042,12.829177252409353,120.55361771583557
12512,1.9709930419921875,,0.00010005063793987873,0.8723029494285583,7.1778008080007645,120.75029063224792
12513,2.216076135635376,,0.00010002945500337455,0.9206812977790833,9.171273337094393,120.9475724697113
12514,2.4970617294311523,,0.00010000827343688005,0.9545451998710632,12.146751034153484,121.14576888084412
12515,1.8661688566207886,,9.998709324092312e-05,0.8551938533782959,6.46348636124681,121.34639430046082
12516,2.4086310863494873,,9.996591441603162e-05,0.9343158602714539,11.118730141012705,121.54794383049011
12517,2.45912766456604,,9.994473696273345e-05,0.9846883416175842,11.694605470332013,121.74762177467346
12518,2.194570302963257,,9.992356088155629e-05,0.9842216372489929,8.97614320588822,121.9462296962738
12519,2.2802813053131104,,9.990238617302797e-05,0.9481069445610046,9.77943102853642,122.14590287208557
12520,2.5392343997955322,,9.988121283767624e-05,0.9521352052688599,12.669967127252324,122.3471827507019
12521,2.2529492378234863,,9.986004087602874e-05,0.9186432361602783,9.515758728521174,122.55288314819336
12522,2.2965192794799805,,9.983887028861315e-05,0.9513238668441772,9.939525463913837,122.75493502616882
12523,2.152208089828491,,9.98177010759571e-05,0.8675118088722229,8.603835479524507,122.95309782028198
12524,2.3672938346862793,,9.979653323858827e-05,0.9623520970344543,10.668482507125367,123.15048050880432
12525,2.5673317909240723,,9.977536677703404e-05,0.979276180267334,13.031008558259353,123.3490777015686
12526,2.3002820014953613,,9.975420169182204e-05,0.9382767677307129,9.976995585816917,123.55103778839111
12527,2.0402297973632812,,9.973303798347982e-05,0.8811384439468384,7.692376683668821,123.75288772583008
12528,2.3623573780059814,,9.971187565253472e-05,0.931339681148529,10.61594777977045,123.95439267158508
12529,2.168635129928589,,9.969071469951417e-05,0.9850214123725891,8.746338275040204,124.15142035484314
12530,1.9498398303985596,,9.966955512494564e-05,0.9184904098510742,7.027561888654082,124.35067486763
12531,2.389007806777954,,9.964839692935639e-05,0.9579845666885376,10.902671018426954,124.55265688896179
12532,2.52561616897583,,9.962724011327379e-05,0.9353220462799072,12.498594137408595,124.74913477897644
12533,2.5628113746643066,,9.960608467722517e-05,0.9502305388450623,12.972235913781102,124.94712495803833
12534,2.1907482147216797,,9.958493062173766e-05,0.9111154675483704,8.941901074395457,125.1435182094574
12535,2.388960838317871,,9.956377794733854e-05,0.9532022476196289,10.902158948784082,125.34140968322754
12536,2.097902297973633,,9.954262665455502e-05,0.8966351747512817,8.149057675856202,125.53941202163696
12537,2.525965690612793,,9.952147674391416e-05,0.975297212600708,12.502963430027911,125.73824405670166
12538,2.3530871868133545,,9.950032821594313e-05,0.9137410521507263,10.517990656298903,125.93665528297424
12539,2.565577507019043,,9.9479181071169e-05,0.9590237140655518,13.008168509501807,126.13334441184998
12540,2.3883144855499268,,9.945803531011884e-05,0.9295600652694702,10.895114584988232,126.33198833465576
12541,2.3654298782348633,,9.94368909333196e-05,0.9585633873939514,10.648615441753794,126.53250098228455
12542,2.592094898223877,,9.941574794129827e-05,1.0028959512710571,13.357725387995897,126.7303774356842
12543,2.5837771892547607,,9.939460633458189e-05,0.985562801361084,13.247080509584423,126.92701196670532
12544,1.866023302078247,,9.93734661136972e-05,0.8715115189552307,6.462545639911069,127.12839126586914
12545,2.084714651107788,,9.935232727917115e-05,0.9412661194801331,8.04229629391031,127.32690954208374
12546,1.9900627136230469,,9.933118983153057e-05,0.8681531548500061,7.3159925603226155,127.52812218666077
12547,2.112062454223633,,9.931005377130225e-05,0.8851363658905029,8.265270459612177,127.73037910461426
12548,2.239753246307373,,9.928891909901295e-05,0.9415780305862427,9.391013734205707,127.93035340309143
12549,2.2031266689300537,,9.926778581518951e-05,1.0232611894607544,9.053275889279666,128.13104915618896
12550,2.594210147857666,,9.924665392035845e-05,0.9927420020103455,13.386010215920878,128.3266143798828
12551,2.4652628898620605,,9.92255234150465e-05,0.9659998416900635,11.766575058709751,128.52795886993408
12552,1.9596006870269775,,9.920439429978036e-05,0.9024633169174194,7.096492777681326,128.72442603111267
12553,2.696854591369629,,9.918326657508652e-05,0.9655653238296509,14.833002418196799,128.92338919639587
12554,2.2378029823303223,,9.91621402414916e-05,0.9333618879318237,9.372716626306572,129.12599658966064
12555,2.4542038440704346,,9.914101529952208e-05,0.9638497233390808,11.637164861900878,129.32596945762634
12556,2.2974207401275635,,9.911989174970451e-05,0.951858639717102,9.948489594773765,129.5272135734558
12557,2.5816123485565186,,9.90987695925653e-05,0.9693573713302612,13.218433709631443,129.72330927848816
12558,2.249176502227783,,9.907764882863086e-05,0.9596197009086609,9.479925923198303,129.92013025283813
12559,2.56801438331604,,9.905652945842767e-05,0.9928919076919556,13.039906462036114,130.11776757240295
12560,1.9938853979110718,,9.903541148248193e-05,0.8792435526847839,7.344012812301305,130.3188374042511
12561,2.338878631591797,,9.901429490132004e-05,0.9798488020896912,10.369601896605015,130.51865530014038
12562,2.196737766265869,,9.89931797154683e-05,0.9603065848350525,8.995619766626401,130.7165355682373
12563,2.143049716949463,,9.897206592545288e-05,0.9273388385772705,8.52539807376721,130.9185028076172
12564,2.1579084396362305,,9.895095353180005e-05,0.8985249400138855,8.65302040389868,131.12011528015137
12565,2.353938579559326,,9.8929842535036e-05,0.9340060353279114,10.526949410413847,131.31852626800537
12566,2.182002544403076,,9.890873293568682e-05,0.9519404172897339,8.864039129311552,131.51825046539307
12567,2.403796434402466,,9.888762473427862e-05,0.9538059234619141,11.065104685347654,131.7169578075409
12568,2.226865530014038,,9.886651793133755e-05,0.9241535067558289,9.270761565825318,131.917870759964
12569,2.575878858566284,,9.884541252738953e-05,0.9766466617584229,13.142862801811969,132.1156587600708
12570,2.3143908977508545,,9.882430852296064e-05,0.9518792629241943,10.11875768324109,132.3161437511444
12571,1.84149968624115,,9.880320591857681e-05,0.8710127472877502,6.305988177006962,132.51821422576904
12572,2.108278512954712,,9.878210471476402e-05,0.8639256358146667,8.234054259002802,132.71368932724
12573,2.0360682010650635,,9.876100491204812e-05,0.8928900361061096,7.6604306367187425,132.91418313980103
12574,2.206427812576294,,9.873990651095497e-05,0.9460069537162781,9.083211437045534,133.11304354667664
12575,2.198850393295288,,9.871880951201047e-05,0.95433509349823,9.01464424482936,133.31135725975037
12576,2.40259051322937,,9.869771391574028e-05,0.9857856035232544,11.051769083783316,133.5088610649109
12577,2.130894899368286,,9.867661972267026e-05,0.9462843537330627,8.422400640940744,133.70482349395752
12578,2.2911152839660645,,9.865552693332617e-05,0.9117071032524109,9.885957184630415,133.90185689926147
12579,2.3316574096679688,,9.863443554823358e-05,0.9497398734092712,10.294990417297143,134.10185956954956
12580,2.027637243270874,,9.861334556791818e-05,0.9308700561523438,7.596117361543694,134.30184412002563
12581,2.4558145999908447,,9.859225699290564e-05,0.9717974066734314,11.655924598721482,134.50331020355225
12582,2.2590510845184326,,9.85711698237215e-05,0.9558452367782593,9.573999938229656,134.7046718597412
12583,2.637259006500244,,9.855008406089127e-05,0.9623262882232666,13.974846100588074,134.9030158519745
12584,2.398768663406372,,9.85289997049406e-05,0.9247040152549744,11.009611493371057,135.10440301895142
12585,2.351938009262085,,9.850791675639483e-05,0.918890118598938,10.505910559969406,135.30292510986328
12586,2.5405635833740234,,9.848683521577941e-05,0.973531186580658,12.686819036657452,135.4999270439148
12587,2.388768434524536,,9.846575508361978e-05,0.9522486925125122,10.900061533828563,135.69674468040466
12588,2.4811861515045166,,9.844467636044138e-05,0.9711133241653442,11.955436970339717,135.90211939811707
12589,2.202605724334717,,9.842359904676944e-05,0.8989269137382507,9.048560862375574,136.09789562225342
12590,2.39209246635437,,9.84025231431293e-05,0.977853536605835,10.936353970504683,136.29639267921448
12591,2.397899627685547,,9.838144865004625e-05,0.9573668241500854,11.000047903863248,136.49938893318176
12592,2.1561598777770996,,9.836037556804548e-05,0.9775948524475098,8.637903282916403,136.69490694999695
12593,1.8594449758529663,,9.833930389765222e-05,0.8775508403778076,6.420172431645627,136.8981397151947
12594,1.9710025787353516,,9.831823363939165e-05,0.860579788684845,7.177869261169962,137.09527206420898
12595,2.040170669555664,,9.829716479378884e-05,0.9029889702796936,7.691921863746535,137.2941153049469
12596,2.1480844020843506,,9.827609736136888e-05,0.9032481908798218,8.568429001408253,137.49580883979797
12597,2.2906851768493652,,9.82550313426569e-05,0.9353923201560974,9.881706078370986,137.6938714981079
12598,2.169560432434082,,9.823396673817784e-05,0.9397129416465759,8.75443502915573,137.8905463218689
12599,2.0537033081054688,,9.82129035484567e-05,0.9390968680381775,7.79672136965574,138.0898723602295
12600,2.2766988277435303,2.2996029403474596,9.819184177401847e-05,0.9806143045425415,9.7444591166812,138.28599548339844
12601,2.1818580627441406,,9.817078141538806e-05,0.9287093877792358,8.862758530747008,142.357586145401
12602,2.2461178302764893,,9.814972247309029e-05,0.9367363452911377,9.45097423910011,142.5527424812317
12603,2.0192153453826904,,9.812866494765006e-05,0.900438666343689,7.532412272197864,142.7505362033844
12604,2.240100383758545,,9.810760883959221e-05,0.9662851095199585,9.394274272672082,142.94742345809937
12605,2.2659554481506348,,9.808655414944142e-05,0.9369796514511108,9.640331038735484,143.14788556098938
12606,2.482731342315674,,9.806550087772245e-05,0.9353775382041931,11.973924681531921,143.3455605506897
12607,2.311140775680542,,9.804444902496008e-05,0.9547140598297119,10.08592387142163,143.5495536327362
12608,2.4664950370788574,,9.802339859167889e-05,0.9409185647964478,11.781082147018441,143.74956512451172
12609,2.351311683654785,,9.800234957840354e-05,0.9469783306121826,10.499332499376631,143.94723296165466
12610,2.3322508335113525,,9.798130198565868e-05,0.9167563915252686,10.301101523136795,144.14797496795654
12611,2.4284329414367676,,9.796025581396878e-05,0.9710347652435303,11.341095986134329,144.34812545776367
12612,2.229156017303467,,9.79392110638584e-05,0.9217033386230469,9.292020464679702,144.54870104789734
12613,2.14731764793396,,9.791816773585207e-05,0.8743093609809875,8.56186164100627,144.74545812606812
12614,2.3027560710906982,,9.78971258304742e-05,0.9413686990737915,10.001709927142404,144.94327235221863
12615,2.404813766479492,,9.78760853482492e-05,0.9513698220252991,11.076367299217527,145.1436469554901
12616,2.571423292160034,,9.785504628970149e-05,0.9645712971687317,13.084434166822632,145.34361028671265
12617,2.1730973720550537,,9.783400865535543e-05,0.914877712726593,8.785453760622861,145.5421769618988
12618,2.163041114807129,,9.781297244573527e-05,0.9395294189453125,8.697547721253578,145.74020218849182
12619,2.196345090866089,,9.779193766136533e-05,0.9397526979446411,8.99208810148266,145.9376721382141
12620,2.070800542831421,,9.777090430276992e-05,0.8855621814727783,7.931169818250565,146.1359736919403
12621,2.171769142150879,,9.774987237047312e-05,0.9124295711517334,8.773792404411687,146.33923435211182
12622,2.189112901687622,,9.772884186499911e-05,0.9166432619094849,8.927290216938152,146.53722262382507
12623,2.2175300121307373,,9.770781278687213e-05,0.8995247483253479,9.184616933451855,146.7363088130951
12624,2.402256965637207,,9.768678513661619e-05,0.9692317843437195,11.04808340752467,146.93403601646423
12625,2.3274450302124023,,9.766575891475539e-05,0.9690514206886292,10.251715220932198,147.13067603111267
12626,1.780649185180664,,9.76447341218138e-05,0.8465529680252075,5.933707243315491,147.3312749862671
12627,2.1859195232391357,,9.762371075831526e-05,0.950245201587677,8.898827471103358,147.52726340293884
12628,2.2160589694976807,,9.760268882478388e-05,0.9211700558662415,9.171115903104717,147.72597932815552
12629,2.010549306869507,,9.758166832174358e-05,0.9130867719650269,7.467418124996947,147.92372727394104
12630,2.0092289447784424,,9.756064924971814e-05,0.8826677203178406,7.457564935506981,148.12405014038086
12631,2.487157106399536,,9.753963160923147e-05,0.9418758153915405,12.027035889476146,148.32331371307373
12632,1.9353666305541992,,9.75186154008074e-05,0.8768631815910339,6.9265830869024265,148.52138352394104
12633,2.1492702960968018,,9.74976006249697e-05,0.8890895247459412,8.57859627752151,148.71806240081787
12634,2.2551426887512207,,9.747658728224208e-05,0.8790231943130493,9.53665398631599,148.91525745391846
12635,2.281329870223999,,9.745557537314829e-05,0.97243732213974,9.789690774826337,149.11118507385254
12636,2.5027995109558105,,9.7434564898212e-05,0.9569413065910339,12.216646769291094,149.30979919433594
12637,2.130920886993408,,9.741355585795681e-05,0.9296307563781738,8.422619521975315,149.50970697402954
12638,1.7061898708343506,,9.739254825290631e-05,0.8631220459938049,5.507935501521066,149.70875644683838
12639,2.441802978515625,,9.737154208358417e-05,0.9510754346847534,11.493745047862914,149.9073383808136
12640,2.3367345333099365,,9.735053735051378e-05,0.9123998284339905,10.347392269315215,150.1028971672058
12641,2.3789358139038086,,9.732953405421871e-05,0.9226430654525757,10.793410552596312,150.30325555801392
12642,2.149284601211548,,9.730853219522245e-05,0.9078918695449829,8.578718996203373,150.5012173652649
12643,2.1619508266448975,,9.728753177404832e-05,0.9282656311988831,8.68807005556487,150.69907808303833
12644,2.2196004390716553,,9.726653279121975e-05,0.9406006336212158,9.203652711086308,150.9028251171112
12645,2.1880435943603516,,9.724553524726018e-05,0.9455037117004395,8.91774930209069,151.10161685943604
12646,2.230461359024048,,9.722453914269279e-05,0.936370849609375,9.30415764652226,151.30951046943665
12647,2.2880020141601562,,9.720354447804088e-05,0.9251247048377991,9.85522739251255,151.50868606567383
12648,2.3251774311065674,,9.718255125382776e-05,0.9599026441574097,10.228494777941789,151.70807218551636
12649,2.6004745960235596,,9.716155947057661e-05,0.9710131287574768,13.47012938807076,151.90707325935364
12650,2.0495617389678955,,9.714056912881055e-05,0.9860033392906189,7.7644974838426615,152.1052634716034
12651,2.5346169471740723,,9.711958022905276e-05,0.9574400782585144,12.611599014030354,152.30276155471802
12652,2.284599542617798,,9.709859277182636e-05,0.9533791542053223,9.821752243182162,152.50008082389832
12653,2.2682087421417236,,9.707760675765437e-05,0.9920288324356079,9.66207803071896,152.6997573375702
12654,2.453927755355835,,9.705662218705982e-05,0.9767314791679382,11.633952415493077,152.89946031570435
12655,2.547773838043213,,9.703563906056577e-05,1.0020607709884644,12.778624806613303,153.1004445552826
12656,2.212432622909546,,9.701465737869505e-05,0.9162713289260864,9.1379184872878,153.29624152183533
12657,2.10062313079834,,9.699367714197065e-05,0.9412842988967896,8.1712600903032,153.49652552604675
12658,2.01061749458313,,9.697269835091547e-05,0.9098917841911316,7.4679273285260726,153.70215964317322
12659,1.873690128326416,,9.695172100605231e-05,0.8940141797065735,6.512283275726813,153.90040636062622
12660,1.855637550354004,,9.693074510790399e-05,0.8429812788963318,6.395774579397621,154.1009328365326
12661,2.3196427822113037,,9.690977065699337e-05,0.9329991936683655,10.17204002335309,154.30447340011597
12662,2.3765828609466553,,9.688879765384305e-05,1.0092878341674805,10.768044020150821,154.50791692733765
12663,2.1751859188079834,,9.686782609897576e-05,0.9252422451972961,8.8038217660899,154.7076539993286
12664,2.021188497543335,,9.684685599291425e-05,0.904546856880188,7.5472895404778,154.9088191986084
12665,2.0608062744140625,,9.682588733618114e-05,0.9241529107093811,7.852298365963424,155.10956358909607
12666,2.1210451126098633,,9.680492012929894e-05,0.9396325945854187,8.339849016001686,155.30801939964294
12667,2.615384817123413,,9.678395437279024e-05,0.9990348219871521,13.672476768864735,155.50444293022156
12668,2.381941795349121,,9.676299006717762e-05,0.94325190782547,10.825904157568399,155.69942903518677
12669,2.0402109622955322,,9.67420272129835e-05,0.8905843496322632,7.692231798597297,155.89939618110657
12670,2.315788507461548,,9.672106581073033e-05,0.9579113721847534,10.132909644394909,156.10213685035706
12671,2.0048635005950928,,9.67001058609406e-05,0.8951139450073242,7.4250803085388,156.30745840072632
12672,2.2829463481903076,,9.667914736413657e-05,0.9661339521408081,9.805528391391283,156.5029604434967
12673,2.3618836402893066,,9.665819032084067e-05,0.9492147564888,10.610919795975738,156.69995951652527
12674,2.2467875480651855,,9.663723473157518e-05,0.9091510772705078,9.457305844626317,156.89690017700195
12675,2.2012057304382324,,9.661628059686234e-05,0.9456045627593994,9.0359017957719,157.09708857536316
12676,2.4213461875915527,,9.65953279172244e-05,0.9429531693458557,11.261008545713358,157.29910039901733
12677,2.2339091300964355,,9.657437669318358e-05,0.890855073928833,9.336291615561617,157.49537587165833
12678,2.450746536254883,,9.655342692526201e-05,0.9435858130455017,11.597001070174882,157.6935691833496
12679,2.473193883895874,,9.653247861398181e-05,0.9428238272666931,11.860266738269358,157.892329454422
12680,2.297250509262085,,9.651153175986508e-05,0.9379755258560181,9.946796198918053,158.09226083755493
12681,2.043487071990967,,9.649058636343392e-05,0.8978897929191589,7.717473718845472,158.3031849861145
12682,2.496077537536621,,9.646964242521024e-05,1.0053331851959229,12.134802181187405,158.50569677352905
12683,2.0510566234588623,,9.644869994571606e-05,0.9027236104011536,7.776113190618249,158.70289182662964
12684,1.9390065670013428,,9.642775892547339e-05,0.9072387218475342,6.951841350484201,158.90184569358826
12685,2.4338631629943848,,9.640681936500403e-05,0.9954275488853455,11.402848162302334,159.1018922328949
12686,2.224236488342285,,9.638588126482989e-05,1.013747215270996,9.246420358384478,159.30061888694763
12687,1.7771700620651245,,9.636494462547288e-05,0.8594109416007996,5.9130990153529055,159.5060567855835
12688,2.636460542678833,,9.634400944745464e-05,0.9816636443138123,13.963692145174493,159.70660877227783
12689,2.351300001144409,,9.6323075731297e-05,0.9947819113731384,10.499209841532243,159.90413880348206
12690,2.333843231201172,,9.630214347752179e-05,0.9523946046829224,10.317518040748205,160.10315108299255
12691,2.362260103225708,,9.628121268665054e-05,0.9507731795310974,10.614915166007231,160.30595350265503
12692,2.372673749923706,,9.626028335920496e-05,0.9287744760513306,10.726032707517113,160.50973415374756
12693,2.302731513977051,,9.62393554957067e-05,0.9469397664070129,10.001464317030804,160.7076735496521
12694,2.164907217025757,,9.621842909667728e-05,0.9611558318138123,8.713793387675501,160.9080195426941
12695,2.03371524810791,,9.619750416263823e-05,0.9268411993980408,7.642427192733559,161.1035919189453
12696,2.672076940536499,,9.617658069411112e-05,1.084152102470398,14.469991316455857,161.3037440776825
12697,2.195009708404541,,9.615565869161743e-05,0.9346062541007996,8.980088238725607,161.50495171546936
12698,2.382519006729126,,9.613473815567849e-05,0.957134485244751,10.832154796443389,161.7041985988617
12699,2.0513744354248047,,9.611381908681575e-05,0.9144691824913025,7.778584925191357,161.9028582572937
12700,2.2347683906555176,,9.60929014855506e-05,0.9640426635742188,9.344317370328419,162.09969806671143
12701,2.5258421897888184,,9.607198535240431e-05,0.9737074375152588,12.501419399088688,162.29797339439392
12702,1.7902498245239258,,9.605107068789818e-05,0.8275244832038879,5.9909489654174,162.49614691734314
12703,2.3630731105804443,,9.603015749255348e-05,0.979831874370575,10.623548679186403,162.69934821128845
12704,1.7800668478012085,,9.600924576689137e-05,0.8389063477516174,5.930252829703669,162.89891743659973
12705,2.1512303352355957,,9.598833551143307e-05,0.8938413858413696,8.595427151178582,163.09664726257324
12706,2.4352149963378906,,9.596742672669976e-05,0.9849143624305725,11.418273336442368,163.2966651916504
12707,2.1785004138946533,,9.594651941321244e-05,0.9469619989395142,8.833050402404737,163.49527525901794
12708,2.252669095993042,,9.592561357149221e-05,0.9551842212677002,9.513093339813766,163.69805359840393
12709,2.215955972671509,,9.590470920206015e-05,0.9708289504051208,9.17017135591776,163.89575695991516
12710,2.226818799972534,,9.588380630543719e-05,0.9218318462371826,9.270328352874682,164.09412384033203
12711,2.1433281898498535,,9.586290488214431e-05,0.9003334641456604,8.527772496686671,164.29775667190552
12712,1.7184261083602905,,9.584200493270241e-05,0.83413165807724,5.575745934802226,164.49824118614197
12713,2.4683220386505127,,9.582110645763245e-05,0.9824753403663635,11.802625876838334,164.69782948493958
12714,2.0916390419006348,,9.580020945745513e-05,0.9023683667182922,8.098177544852074,164.89641690254211
12715,2.191915512084961,,9.577931393269137e-05,0.897670567035675,8.952345026355216,165.09621286392212
12716,2.20694637298584,,9.575841988386197e-05,0.9610270261764526,9.087922852359473,165.2957468032837
12717,2.214033365249634,,9.573752731148755e-05,0.9306771755218506,9.152557653951705,165.49647283554077
12718,2.3310790061950684,,9.571663621608885e-05,0.9196804761886597,10.289037480851823,165.6968252658844
12719,2.5105838775634766,,9.569574659818658e-05,0.9483082890510559,12.312116730956538,165.90083241462708
12720,2.2288620471954346,,9.567485845830132e-05,0.9269185066223145,9.289289289881406,166.09965562820435
12721,2.2033615112304688,,9.565397179695365e-05,0.8780379891395569,9.055402231083523,166.3039367198944
12722,2.2039732933044434,,9.563308661466417e-05,0.9326570630073547,9.060943858802538,166.5004689693451
12723,2.557082176208496,,9.561220291195333e-05,0.9550443291664124,12.89812789230483,166.70002436637878
12724,2.2921478748321533,,9.55913206893416e-05,0.9444276094436646,9.896170605957098,166.89812660217285
12725,2.629290819168091,,9.557043994734949e-05,0.9933046102523804,13.863934378443652,167.098402261734
12726,2.1997110843658447,,9.55495606864974e-05,0.8984787464141846,9.022406408568463,167.29663968086243
12727,2.0955252647399902,,9.55286829073056e-05,0.9312191605567932,8.129710098964399,167.49322080612183
12728,2.1852545738220215,,9.55078066102945e-05,0.9055113792419434,8.892912167870124,167.6891119480133
12729,2.2310101985931396,,9.548693179598439e-05,0.9443274736404419,9.309265537973992,167.8913516998291
12730,2.2415828704833984,,9.546605846489549e-05,0.9284500479698181,9.408211487886657,168.09087753295898
12731,2.4285547733306885,,9.544518661754804e-05,0.992824912071228,11.34247777750888,168.28960990905762
12732,1.9630732536315918,,9.542431625446227e-05,0.8958215117454529,7.121178658386791,168.48734951019287
12733,2.4601142406463623,,9.540344737615822e-05,0.9353144764900208,11.70614878159895,168.68538665771484
12734,1.9641845226287842,,9.538257998315604e-05,0.8678633570671082,7.1290966021211855,168.88337326049805
12735,2.4303388595581055,,9.536171407597585e-05,0.9778229594230652,11.362731797983688,169.0860240459442
12736,2.5290331840515137,,9.534084965513761e-05,0.9309287667274475,12.541375071924255,169.28470277786255
12737,2.3326175212860107,,9.531998672116132e-05,0.9841285943984985,10.304879503758164,169.48294138908386
12738,2.176285743713379,,9.529912527456704e-05,0.9702839255332947,8.813509755100148,169.68196630477905
12739,2.365511894226074,,9.527826531587455e-05,0.9405333995819092,10.649488834319863,169.88119077682495
12740,2.1473476886749268,,9.525740684560381e-05,0.9117311239242554,8.56211884953737,170.08234453201294
12741,2.632936477661133,,9.523654986427466e-05,1.0022881031036377,13.914569792188294,170.28813672065735
12742,2.3820979595184326,,9.521569437240699e-05,0.9506457448005676,10.827594907912086,170.48677110671997
12743,2.5391414165496826,,9.519484037052042e-05,0.9558100700378418,12.66878908735386,170.68810510635376
12744,1.9685195684432983,,9.517398785913475e-05,0.9141486287117004,7.160068646619601,170.88493752479553
12745,2.2759032249450684,,9.515313683876973e-05,0.9075677990913391,9.736709480963187,171.08343696594238
12746,2.301539421081543,,9.513228730994494e-05,0.9122589230537415,9.989548746118599,171.28286147117615
12747,2.2985007762908936,,9.511143927318008e-05,0.9257268905639648,9.959240127743803,171.4857292175293
12748,2.492036819458008,,9.509059272899474e-05,0.9898641705513,12.08586779823734,171.68346190452576
12749,2.3138515949249268,,9.506974767790838e-05,0.9368115663528442,10.113302079871028,171.8798668384552
12750,2.0896918773651123,,9.504890412044056e-05,0.8848820328712463,8.082424402691512,172.07749485969543
12751,2.1528472900390625,,9.502806205711079e-05,0.9245092272758484,8.609336811013554,172.27817177772522
12752,2.545728921890259,,9.500722148843845e-05,0.9593190550804138,12.752520290204087,172.48104047775269
12753,2.0909078121185303,,9.498638241494299e-05,0.8927182555198669,8.092258080758487,172.67692828178406
12754,2.2064480781555176,,9.496554483714377e-05,0.9602782130241394,9.08339551545174,172.87418246269226
12755,2.1661312580108643,,9.494470875556009e-05,0.9029175639152527,8.724465958417237,173.07287907600403
12756,1.591871976852417,,9.492387417071124e-05,0.8586398363113403,4.91293723027158,173.27078080177307
12757,2.2744247913360596,,9.49030410831165e-05,0.9424881935119629,9.722325038267225,173.4693958759308
12758,2.4479029178619385,,9.488220949329512e-05,0.9582942128181458,11.564070467852153,173.66783547401428
12759,1.9885214567184448,,9.486137940176616e-05,0.9141005873680115,7.304725421283319,173.86447739601135
12760,2.5392773151397705,,9.484055080904886e-05,0.9714641571044922,12.670510874920554,174.06267547607422
12761,2.342283010482788,,9.48197237156623e-05,0.9068747758865356,10.404964109441865,174.26256442070007
12762,2.2748231887817383,,9.479889812212551e-05,0.9539939761161804,9.72619915939727,174.46022272109985
12763,2.652433156967163,,9.477807402895756e-05,0.9871482849121094,14.188519574864888,174.66267442703247
12764,2.3510372638702393,,9.475725143667747e-05,0.9770488739013672,10.496451670110629,174.86498594284058
12765,2.181441307067871,,9.473643034580405e-05,0.927043080329895,8.859065695380414,175.06194043159485
12766,2.1880807876586914,,9.471561075685636e-05,0.9383827447891235,8.918080988769226,175.25865960121155
12767,1.892838716506958,,9.46947926703533e-05,0.8783600330352783,6.638185887905221,175.45773720741272
12768,2.2670414447784424,,9.467397608681358e-05,0.9296973943710327,9.650806092641597,175.65455985069275
12769,2.4514431953430176,,9.465316100675608e-05,0.9474242329597473,11.605083041227948,175.85869479179382
12770,1.8551123142242432,,9.46323474306996e-05,0.8648406863212585,6.3924161695670145,176.05569696426392
12771,2.141631603240967,,9.461153535916277e-05,0.9035695791244507,8.513316658323534,176.26047658920288
12772,2.702690362930298,,9.459072479266435e-05,1.025652527809143,14.919817501984017,176.45724081993103
12773,2.4307031631469727,,9.456991573172295e-05,0.968919575214386,11.366872036063034,176.65640091896057
12774,2.3423166275024414,,9.454910817685725e-05,0.9322291612625122,10.405313899204236,176.85790371894836
12775,2.0516576766967773,,9.452830212858577e-05,0.90318363904953,7.780788453530069,177.05838918685913
12776,2.244762420654297,,9.45074975874271e-05,0.9125199317932129,9.438172975115338,177.25839686393738
12777,1.9984723329544067,,9.448669455389976e-05,0.9306803345680237,7.377776699207523,177.45502495765686
12778,1.9949685335159302,,9.446589302852211e-05,0.9160625338554382,7.351971683551156,177.6516797542572
12779,2.1738603115081787,,9.444509301181264e-05,0.8884564638137817,8.792159087464391,177.84807896614075
12780,2.1257717609405518,,9.442429450428983e-05,0.9007245898246765,8.379361857520891,178.0523042678833
12781,2.098759651184082,,9.440349750647186e-05,0.9221968054771423,8.15604729247371,178.25046133995056
12782,2.2039008140563965,,9.438270201887716e-05,0.9230297207832336,9.060287152204145,178.4484565258026
12783,2.5237128734588623,,9.436190804202396e-05,0.9949790835380554,12.47482824315286,178.6483130455017
12784,2.0810799598693848,,9.434111557643053e-05,0.9228732585906982,8.013118089039706,178.84841775894165
12785,1.598311424255371,,9.432032462261505e-05,0.8601769208908081,4.944675911269177,179.0444791316986
12786,2.2054409980773926,,9.429953518109577e-05,0.916550874710083,9.074252413477076,179.24086236953735
12787,2.0813333988189697,,9.42787472523907e-05,0.9002670645713806,8.015149182639336,179.43966245651245
12788,2.223484516143799,,9.425796083701797e-05,0.9157660007476807,9.239469920934837,179.63983368873596
12789,2.5189309120178223,,9.423717593549562e-05,1.0112836360931396,12.415316500345513,179.83716464042664
12790,2.3232994079589844,,9.421639254834175e-05,0.9290164709091187,10.209303454499315,180.03580570220947
12791,2.0708298683166504,,9.419561067607422e-05,0.8931382894515991,7.931402407064296,180.24172258377075
12792,2.380929708480835,,9.4174830319211e-05,0.997875452041626,10.814952944857282,180.43949675559998
12793,2.29653000831604,,9.415405147826999e-05,0.9667352437973022,9.93963210402511,180.63882732391357
12794,2.213101625442505,,9.41332741537691e-05,0.9333367943763733,9.144033823261312,180.83612823486328
12795,2.2052018642425537,,9.411249834622613e-05,0.9940969347953796,9.072082712133986,181.03470969200134
12796,2.3830413818359375,,9.409172405615889e-05,0.9233120679855347,10.83781472263575,181.2383155822754
12797,2.0878162384033203,,9.407095128408507e-05,0.8905552625656128,8.067278900763025,181.43715286254883
12798,2.606632709503174,,9.40501800305224e-05,1.0013360977172852,13.553335908074988,181.6360263824463
12799,2.587714672088623,,9.402941029598865e-05,0.9967916011810303,13.299343486454086,181.83453178405762
12800,2.344210147857666,2.29489307668474,9.400864208100131e-05,0.9779531955718994,10.425035238361005,182.03290009498596
12801,2.224707841873169,,9.398787538607803e-05,0.9257540106773376,9.250779718587639,186.42005157470703
12802,2.2992234230041504,,9.396711021173643e-05,0.9706308841705322,9.966439740963754,186.6154808998108
12803,1.8520869016647339,,9.394634655849387e-05,0.8359516263008118,6.373105699201038,186.84259057044983
12804,2.2814829349517822,,9.392558442686804e-05,0.9501008987426758,9.791189345866126,187.10198211669922
12805,2.398785352706909,,9.390482381737627e-05,0.9539379477500916,11.009795237619343,187.38825964927673
12806,2.2747561931610107,,9.388406473053605e-05,0.9443632960319519,9.72554756847438,187.6421139240265
12807,2.2716739177703857,,9.386330716686465e-05,0.9330520629882812,9.695616903515889,187.83731269836426
12808,2.026906728744507,,9.384255112687944e-05,0.8820141553878784,7.590570313813251,188.0369589328766
12809,2.1769821643829346,,9.382179661109779e-05,0.9452491402626038,8.819649803244987,188.2341911792755
12810,2.256891965866089,,9.380104362003681e-05,0.9353522658348083,9.553350836337831,188.43232035636902
12811,2.4306137561798096,,9.378029215421383e-05,0.9884594678878784,11.365855803937952,188.6329801082611
12812,2.1641910076141357,,9.375954221414604e-05,0.9033774733543396,8.707554721202829,188.83449792861938
12813,2.738409996032715,,9.373879380035049e-05,1.012510061264038,15.462380294645264,189.03102207183838
12814,2.0571749210357666,,9.371804691334428e-05,0.8863988518714905,7.823835606211733,189.2298882007599
12815,2.2621898651123047,,9.369730155364464e-05,0.9135720133781433,9.604097834076978,189.4288785457611
12816,1.9576362371444702,,9.367655772176844e-05,0.9345076084136963,7.082565757223618,189.62790727615356
12817,1.9223649501800537,,9.36558154182327e-05,0.914086103439331,6.837108786070748,189.83204555511475
12818,1.890547752380371,,9.363507464355449e-05,0.861100435256958,6.622995449189436,190.03337907791138
12819,2.267446279525757,,9.361433539825057e-05,0.9271417260169983,9.654713865235186,190.2321891784668
12820,2.220486879348755,,9.359359768283784e-05,0.8774519562721252,9.211814816620933,190.4327368736267
12821,2.014969825744629,,9.357286149783321e-05,0.8765206336975098,7.5005010557541105,190.63207960128784
12822,2.4005892276763916,,9.355212684375348e-05,0.948930561542511,11.029673455186915,190.83699011802673
12823,2.101853847503662,,9.353139372111533e-05,0.8928302526473999,8.181322787494501,191.03820991516113
12824,2.0685677528381348,,9.351066213043554e-05,0.857184886932373,7.913480936772873,191.23640775680542
12825,2.513713836669922,,9.348993207223077e-05,0.9790939688682556,12.350713524521046,191.43521237373352
12826,1.9489126205444336,,9.346920354701766e-05,0.8789446353912354,7.021048883948126,191.63400435447693
12827,2.3111870288848877,,9.344847655531286e-05,0.915668249130249,10.086390388508342,191.83395385742188
12828,2.421731472015381,,9.342775109763298e-05,0.9793884754180908,11.265348072825038,192.0359902381897
12829,2.276503324508667,,9.340702717449443e-05,0.9387971758842468,9.742554229613756,192.23280358314514
12830,2.1239876747131348,,9.338630478641379e-05,0.905620813369751,8.364425681111431,192.43179202079773
12831,2.2764949798583984,,9.336558393390753e-05,0.8692827820777893,9.742472931745189,192.63379192352295
12832,2.3510355949401855,,9.334486461749199e-05,0.9355350732803345,10.496434152281598,192.83417344093323
12833,2.0916714668273926,,9.332414683768359e-05,0.8877049684524536,8.098440131922997,193.03514003753662
12834,2.0325701236724854,,9.330343059499867e-05,0.9156693816184998,7.633680671492587,193.231055021286
12835,2.2446129322052,,9.328271588995352e-05,0.9150875806808472,9.436762182726191,193.4308729171753
12836,2.795515775680542,,9.326200272306445e-05,0.9996084570884705,16.37107037594256,193.62888836860657
12837,1.9836862087249756,,9.324129109484763e-05,0.8700194954872131,7.269490515748566,193.8288378715515
12838,2.0275027751922607,,9.322058100581935e-05,0.8945558667182922,7.595095994909309,194.02660465240479
12839,2.370093822479248,,9.319987245649561e-05,0.9784104824066162,10.69839598706085,194.2222399711609
12840,2.1568939685821533,,9.31791654473926e-05,0.9034428596496582,8.644246616297826,194.42079710960388
12841,2.1927335262298584,,9.315845997902644e-05,0.8693305253982544,8.959671167251695,194.62420845031738
12842,2.233999252319336,,9.313775605191309e-05,0.899542510509491,9.337133060831547,194.8236050605774
12843,2.3292722702026367,,9.311705366656853e-05,0.9217634201049805,10.27046468962514,195.02307200431824
12844,2.3065738677978516,,9.309635282350879e-05,0.9247178435325623,10.039967405536963,195.22289848327637
12845,2.2590672969818115,,9.307565352324973e-05,0.9869008660316467,9.574155157611285,195.42250299453735
12846,2.1101765632629395,,9.305495576630726e-05,0.8869509100914001,8.249697749596706,195.61800622940063
12847,2.4880805015563965,,9.303425955319727e-05,0.9513173699378967,12.038146725224353,195.81584239006042
12848,2.1191771030426025,,9.301356488443546e-05,0.9190808534622192,8.324284639977884,196.0138235092163
12849,1.9756073951721191,,9.299287176053767e-05,0.9314510822296143,7.210998249439801,196.21343111991882
12850,2.3532588481903076,,9.297218018201959e-05,0.9452192783355713,10.519796344036731,196.41454315185547
12851,1.9903484582901,,9.295149014939697e-05,0.9041944146156311,7.318083364884829,196.61575627326965
12852,2.100841522216797,,9.293080166318534e-05,0.8903247714042664,8.173044818262444,196.81170177459717
12853,2.406705379486084,,9.29101147239004e-05,0.9584622383117676,11.09733932889506,197.00765681266785
12854,2.3736050128936768,,9.288942933205771e-05,0.9525593519210815,10.736026117116237,197.20554852485657
12855,2.5825893878936768,,9.28687454881728e-05,0.9421506524085999,13.23135495059383,197.40663695335388
12856,2.1692581176757812,,9.284806319276118e-05,0.9083642363548279,8.75178883425787,197.60419917106628
12857,2.317991018295288,,9.282738244633832e-05,0.9445785284042358,10.155252083363909,197.80008816719055
12858,2.349907398223877,,9.280670324941956e-05,0.9336627721786499,10.484598787303362,197.99765038490295
12859,2.189789056777954,,9.278602560252034e-05,0.8775416612625122,8.93332849083597,198.19764876365662
12860,2.037914514541626,,9.276534950615604e-05,0.889005184173584,7.674587257798219,198.39899349212646
12861,2.433988094329834,,9.274467496084188e-05,0.9539477229118347,11.404272824341787,198.6001262664795
12862,2.523750066757202,,9.272400196709312e-05,0.9613259434700012,12.475292231790025,198.79885935783386
12863,2.5035154819488525,,9.270333052542509e-05,0.9386436939239502,12.225396665972477,198.99928379058838
12864,2.3076586723327637,,9.268266063635286e-05,0.9405841827392578,10.050864717366842,199.19817233085632
12865,2.641300678253174,,9.266199230039158e-05,1.009462594985962,14.031442135580486,199.398371219635
12866,1.953294038772583,,9.264132551805645e-05,0.899163007736206,7.051878524965289,199.5988473892212
12867,2.054631233215332,,9.262066028986253e-05,0.8979997038841248,7.803959500891748,199.79873967170715
12868,2.2382919788360596,,9.259999661632478e-05,0.9521312713623047,9.37730097275945,199.9993326663971
12869,2.351407289505005,,9.257933449795822e-05,0.9518558382987976,10.500336344972965,200.1985297203064
12870,2.0751821994781494,,9.255867393527791e-05,0.9640948176383972,7.965997727449464,200.40090489387512
12871,2.3500845432281494,,9.253801492879857e-05,0.952025830745697,10.486456246115251,200.61064863204956
12872,2.2639713287353516,,9.251735747903518e-05,0.9173590540885925,9.621222433897486,200.812157869339
12873,2.316220760345459,,9.249670158650263e-05,0.9448245167732239,10.137290570576885,201.01020860671997
12874,2.1429762840270996,,9.247604725171562e-05,0.9088995456695557,8.524772051857934,201.20849800109863
12875,2.2867095470428467,,9.245539447518895e-05,0.9011072516441345,9.842498063065985,201.40841388702393
12876,2.271588087081909,,9.243474325743733e-05,0.9258024096488953,9.694784757754187,201.61264872550964
12877,2.1948964595794678,,9.241409359897547e-05,0.9330523610115051,8.97907131186749,201.81346440315247
12878,2.0979413986206055,,9.239344550031799e-05,0.9005132913589478,8.149376315513013,202.01247930526733
12879,2.341763973236084,,9.237279896197956e-05,0.9423940777778625,10.399564946822906,202.2102530002594
12880,2.113149404525757,,9.235215398447463e-05,0.9192080497741699,8.274259282152082,202.40852618217468
12881,2.4781224727630615,,9.233151056831779e-05,0.9622707366943359,11.918865402621606,202.61592030525208
12882,2.8528997898101807,,9.231086871402353e-05,1.004293441772461,17.337985529082424,202.8155825138092
12883,2.1190717220306396,,9.229022842210634e-05,0.9084171056747437,8.32340746465828,203.0114724636078
12884,2.5110018253326416,,9.226958969308053e-05,0.9555926322937012,12.317263628170123,203.21208691596985
12885,2.7086894512176514,,9.224895252746051e-05,0.9571473002433777,15.009591817190108,203.4103307723999
12886,2.382290840148926,,9.222831692576064e-05,0.9750053286552429,10.829683542666768,203.6086823940277
12887,2.252715826034546,,9.220768288849519e-05,0.903802216053009,9.513537897447383,203.8069133758545
12888,2.0570061206817627,,9.218705041617844e-05,0.8986652493476868,7.822515051449928,204.0152781009674
12889,2.385941505432129,,9.216641950932463e-05,0.9721816182136536,10.869291345831101,204.2101535797119
12890,1.9001269340515137,,9.214579016844784e-05,0.880812406539917,6.686743163813513,204.4060287475586
12891,2.039795398712158,,9.212516239406226e-05,0.870216965675354,7.689035851292579,204.60640215873718
12892,2.067986011505127,,9.210453618668206e-05,0.9492591023445129,7.908878676616255,204.80593585968018
12893,1.8031907081604004,,9.208391154682116e-05,0.8603863716125488,6.068980951300149,205.00231289863586
12894,1.8763765096664429,,9.206328847499366e-05,0.8997752666473389,6.529801271473043,205.20136427879333
12895,2.0861833095550537,,9.20426669717135e-05,0.9113183617591858,8.05411635799164,205.39991283416748
12896,2.05251407623291,,9.202204703749468e-05,0.8803187608718872,7.787454771260691,205.6024625301361
12897,2.1790542602539062,,9.200142867285107e-05,0.9478359222412109,8.83794391021186,205.80293655395508
12898,2.275369882583618,,9.198081187829654e-05,0.9466899037361145,9.731517865913036,206.00211811065674
12899,2.226822853088379,,9.196019665434496e-05,0.9149474501609802,9.27036592666556,206.2045032978058
12900,2.3544180393218994,,9.193958300151001e-05,0.9706715941429138,10.531997869248508,206.40022706985474
12901,2.382779359817505,,9.191897092030548e-05,0.9780858755111694,10.834975348552236,206.59896564483643
12902,2.060905694961548,,9.189836041124518e-05,0.9111530780792236,7.8530790845750795,206.79429411888123
12903,1.9724090099334717,,9.187775147484261e-05,0.8921070694923401,7.18797154285173,206.9926414489746
12904,2.0961785316467285,,9.185714411161148e-05,0.8836987614631653,8.135022704619226,207.19190645217896
12905,2.225752353668213,,9.183653832206537e-05,0.9266265630722046,9.260447315197451,207.38917112350464
12906,1.9477086067199707,,9.181593410671784e-05,0.862663745880127,7.012600531017079,207.58562421798706
12907,2.2656404972076416,,9.17953314660824e-05,0.9120624661445618,9.63729528546584,207.78242182731628
12908,2.4138567447662354,,9.177473040067258e-05,0.9425144195556641,11.176984903937774,207.98281693458557
12909,2.169490337371826,,9.175413091100169e-05,0.9308381676673889,8.753821407993504,208.18458795547485
12910,1.8403006792068481,,9.173353299758319e-05,0.8689494132995605,6.29843178381407,208.3888716697693
12911,2.016965866088867,,9.171293666093045e-05,0.9007871747016907,7.515487310071854,208.58778047561646
12912,2.5583243370056152,,9.169234190155674e-05,0.9755929112434387,12.9141593959202,208.79236888885498
12913,2.1587865352630615,,9.167174871997534e-05,0.9016153812408447,8.66062192021491,208.99334597587585
12914,2.1942012310028076,,9.165115711669951e-05,0.9040247201919556,8.972830974381436,209.19261288642883
12915,2.436845064163208,,9.163056709224246e-05,0.9680887460708618,11.436901074542371,209.3953914642334
12916,2.554621696472168,,9.160997864711731e-05,1.0036014318466187,12.86643132036654,209.59476709365845
12917,2.1210744380950928,,9.158939178183719e-05,0.9052234888076782,8.340093589706926,209.79611444473267
12918,2.2830376625061035,,9.156880649691525e-05,0.93476402759552,9.806423817389344,209.99255776405334
12919,2.376711845397949,,9.15482227928644e-05,0.9663265347480774,10.769433019978033,210.19369411468506
12920,1.898856282234192,,9.152764067019771e-05,0.8925466537475586,6.678252037235608,210.39101338386536
12921,2.5128252506256104,,9.150706012942819e-05,0.9497987031936646,12.339743727371994,210.59778237342834
12922,2.0125811100006104,,9.148648117106864e-05,0.8661566972732544,7.482605872556229,210.7948031425476
12923,2.043635606765747,,9.1465903795632e-05,0.9071170687675476,7.718620117204076,210.99357748031616
12924,2.2771573066711426,,9.144532800363119e-05,0.9411336183547974,9.74892777016063,211.19413709640503
12925,2.273158073425293,,9.142475379557888e-05,0.9328578114509583,9.710017391810773,211.39519596099854
12926,2.4861111640930176,,9.140418117198789e-05,0.9683936834335327,12.014462880284677,211.6032612323761
12927,2.211132764816284,,9.138361013337093e-05,0.9223265051841736,9.126048206498176,211.80231046676636
12928,1.9624103307724,,9.136304068024072e-05,0.8947862386703491,7.116459430684546,211.99959421157837
12929,2.302194833755493,,9.134247281310988e-05,0.9467325806617737,9.996098169026789,212.19795608520508
12930,2.1372456550598145,,9.132190653249102e-05,0.8905633091926575,8.476059456413818,212.39630103111267
12931,2.1516523361206055,,9.130134183889676e-05,0.9153047800064087,8.599055194508322,212.59931135177612
12932,2.3325488567352295,,9.128077873283952e-05,0.9732120633125305,10.304171948128456,212.794095993042
12933,2.5280990600585938,,9.126021721483182e-05,0.9735934138298035,12.529665342586405,212.98998618125916
12934,2.0545058250427246,,9.12396572853862e-05,0.8890958428382874,7.802980881956328,213.18807649612427
12935,2.2389161586761475,,9.121909894501492e-05,0.9407407641410828,9.38315592206165,213.38782215118408
12936,1.8577607870101929,,9.119854219423043e-05,0.8820520043373108,6.409368749142048,213.58845710754395
12937,2.303635835647583,,9.117798703354505e-05,0.9738686084747314,10.010512948769973,213.7894082069397
12938,2.6213743686676025,,9.115743346347108e-05,0.9858607053756714,13.75461451177541,213.9877326488495
12939,1.9329854249954224,,9.113688148452071e-05,0.843629777431488,6.910109090522597,214.18724417686462
12940,2.268803834915161,,9.111633109720629e-05,0.9558192491531372,9.66782957471283,214.38415813446045
12941,1.920390009880066,,9.10957823020398e-05,0.920867383480072,6.823619229312914,214.58606100082397
12942,2.1371328830718994,,9.10752350995335e-05,0.9201321005821228,8.47510364823444,214.79065489768982
12943,2.597338914871216,,9.105468949019944e-05,1.0290716886520386,13.427957510564246,214.98864364624023
12944,2.237884759902954,,9.10341454745497e-05,0.8972159028053284,9.373483135662447,215.18605661392212
12945,2.108651638031006,,9.101360305309623e-05,0.9167066812515259,8.237127164379777,215.38301491737366
12946,2.146228313446045,,9.099306222635103e-05,0.8971076607704163,8.552539987960834,215.5849370956421
12947,2.2393832206726074,,9.097252299482604e-05,0.9149694442749023,9.38753946121229,215.78383946418762
12948,1.8746198415756226,,9.095198535903314e-05,0.8826373219490051,6.5183406471437575,215.98913097381592
12949,2.248394727706909,,9.093144931948418e-05,0.9205212593078613,9.472517654826813,216.18845796585083
12950,2.30000901222229,,9.091091487669103e-05,0.9342488050460815,9.974272344769219,216.38559746742249
12951,2.0257132053375244,,9.089038203116537e-05,0.9019257426261902,7.5815161946977145,216.58626008033752
12952,2.4928154945373535,,9.086985078341896e-05,1.047917366027832,12.095282427296908,216.78510212898254
12953,2.26287579536438,,9.084932113396358e-05,0.9427812695503235,9.610687835207447,216.9815194606781
12954,2.5523228645324707,,9.082879308331077e-05,1.0217541456222534,12.836887528214532,217.17984700202942
12955,2.2860946655273438,,9.080826663197215e-05,0.960000216960907,9.836447953181619,217.37895727157593
12956,2.1680171489715576,,9.078774178045933e-05,0.9062737822532654,8.740934874313814,217.57735228538513
12957,1.9749661684036255,,9.076721852928383e-05,0.8818780183792114,7.206375846497333,217.77827429771423
12958,2.2139084339141846,,9.074669687895717e-05,0.9292360544204712,9.151414284124067,217.97720336914062
12959,1.9130983352661133,,9.072617682999077e-05,0.8807166218757629,6.774044578963677,218.17440819740295
12960,2.428159475326538,,9.070565838289611e-05,0.9746687412261963,11.337995004755244,218.3705599308014
12961,2.3690319061279297,,9.068514153818448e-05,0.9503788948059082,10.687041215405188,218.5773160457611
12962,2.5585570335388184,,9.066462629636722e-05,0.9680854678153992,12.917164825703846,218.77774047851562
12963,2.5418009757995605,,9.06441126579557e-05,0.9731332659721375,12.702527327093074,218.9769947528839
12964,1.9629578590393066,,9.062360062346109e-05,0.8944286108016968,7.120356960289587,219.1761462688446
12965,2.0308704376220703,,9.06030901933946e-05,0.9033449292182922,7.620716831292074,219.3732132911682
12966,2.37911319732666,,9.058258136826746e-05,0.9902077913284302,10.79532529452109,219.5698947906494
12967,2.2374744415283203,,9.056207414859077e-05,0.9551913738250732,9.36963781225494,219.7667989730835
12968,2.0981454849243164,,9.054156853487564e-05,0.8976972699165344,8.151039661330072,219.9652304649353
12969,2.2087292671203613,,9.052106452763317e-05,0.9400578737258911,9.10414010923818,220.16427445411682
12970,2.0167407989501953,,9.050056212737428e-05,0.8651788234710693,7.513796011182292,220.3643205165863
12971,2.0200083255767822,,9.048006133460997e-05,0.9514532089233398,7.538387694826228,220.56141686439514
12972,2.2920117378234863,,9.045956214985125e-05,1.0152710676193237,9.89482346259366,220.75829815864563
12973,2.3104071617126465,,9.04390645736089e-05,0.9559524655342102,10.078527410195782,220.95544338226318
12974,2.3376312255859375,,9.041856860639382e-05,0.9261325001716614,10.356674857230326,221.15427446365356
12975,2.1535322666168213,,9.039807424871683e-05,0.9252451658248901,8.615236025260272,221.3526360988617
12976,2.0133566856384277,,9.037758150108876e-05,0.944543719291687,7.488411450419737,221.5545530319214
12977,2.058039903640747,,9.035709036402021e-05,0.882030725479126,7.830606015636391,221.75483345985413
12978,2.4188010692596436,,9.033660083802191e-05,0.9853595495223999,11.232384387813765,221.95117473602295
12979,1.6379470825195312,,9.031611292360467e-05,0.8253867626190186,5.144597230352424,222.14791440963745
12980,1.9804322719573975,,9.02956266212789e-05,0.8970299959182739,7.245874496631669,222.34678435325623
12981,2.4049696922302246,,9.027514193155525e-05,0.9693114161491394,11.078094524760015,222.55611777305603
12982,2.1503517627716064,,9.025465885494432e-05,0.952415943145752,8.587878761956333,222.7519862651825
12983,2.2243905067443848,,9.02341773919565e-05,0.9657353758811951,9.247844586949107,222.952702999115
12984,2.143983840942383,,9.021369754310226e-05,0.903820812702179,8.533365573394029,223.15387105941772
12985,2.4402377605438232,,9.01932193088921e-05,0.9913806915283203,11.475768903512783,223.35563468933105
12986,2.2722017765045166,,9.017274268983624e-05,0.9527126550674438,9.700736170587247,223.55431509017944
12987,2.348583221435547,,9.015226768644513e-05,0.9706658720970154,10.470724512977583,223.75307869911194
12988,2.599276304244995,,9.013179429922899e-05,1.0256822109222412,13.453997909807994,223.95157504081726
12989,2.5167934894561768,,9.011132252869812e-05,0.9803562760353088,12.388808062706197,224.15384149551392
12990,2.341489791870117,,9.00908523753627e-05,0.9580709338188171,10.396713970760443,224.35204219818115
12991,2.180607557296753,,9.00703838397329e-05,0.9379652738571167,8.851682529668624,224.5549352169037
12992,2.2338969707489014,,9.004991692231895e-05,0.9388033747673035,9.336178093037365,224.75202345848083
12993,2.1595797538757324,,9.00294516236308e-05,0.9194263219833374,8.667494412053205,224.94974899291992
12994,2.297706365585327,,9.000898794417854e-05,0.9551581740379333,9.951331542515321,225.1467535495758
12995,2.2618062496185303,,8.998852588447223e-05,0.9587005972862244,9.600414259927332,225.34285068511963
12996,1.8827204704284668,,8.996806544502176e-05,0.870014488697052,6.571357751489545,225.53999423980713
12997,2.1781253814697266,,8.994760662633708e-05,0.9616855382919312,8.829738343196441,225.74127769470215
12998,2.0783863067626953,,8.99271494289281e-05,0.9558702111244202,7.991562573179508,225.94285035133362
12999,2.5046896934509277,,8.990669385330465e-05,1.0070329904556274,12.239760298676112,226.13861536979675
13000,2.2204530239105225,2.2919618527094525,8.988623989997655e-05,0.919488787651062,9.211502951872589,226.33631038665771
13001,2.610943078994751,,8.986578756945363e-05,1.0058785676956177,13.61188188042362,230.72344398498535
13002,2.352350950241089,,8.984533686224546e-05,0.9338909983634949,10.510249776819933,230.92160940170288
13003,2.32781720161438,,8.982488777886184e-05,0.9945812821388245,10.25553132623723,231.15391564369202
13004,2.539135694503784,,8.980444031981243e-05,0.9359158873558044,12.668716596168624,231.42587614059448
13005,2.0944976806640625,,8.978399448560672e-05,0.8794466853141785,8.121360429053436,231.70075964927673
13006,2.362316370010376,,8.976355027675437e-05,0.9902758002281189,10.615512449956611,231.94933366775513
13007,2.2518808841705322,,8.974310769376487e-05,0.8939676880836487,9.505597961535631,232.1466405391693
13008,2.2313637733459473,,8.972266673714768e-05,0.9405790567398071,9.312557641203398,232.34426498413086
13009,1.99320650100708,,8.970222740741231e-05,0.9193231463432312,7.339028676788675,232.54025626182556
13010,2.0772972106933594,,8.96817897050681e-05,0.9070160388946533,7.982863731590128,232.74205589294434
13011,2.004204273223877,,8.966135363062449e-05,0.9120117425918579,7.420187105409862,232.94336032867432
13012,2.0561769008636475,,8.964091918459072e-05,0.9262775778770447,7.81603115560076,233.14684915542603
13013,2.3765008449554443,,8.962048636747606e-05,0.9728565216064453,10.7671609045624,233.34814929962158
13014,2.0393078327178955,,8.960005517978985e-05,0.8919495940208435,7.685287852655411,233.54788780212402
13015,2.3642776012420654,,8.957962562204117e-05,0.9820903539657593,10.636352353769034,233.74497175216675
13016,2.3810276985168457,,8.955919769473923e-05,0.9585769772529602,10.816012754410345,233.94542336463928
13017,2.4712886810302734,,8.953877139839316e-05,0.9457696080207825,11.837692035615381,234.14186215400696
13018,2.416938304901123,,8.9518346733512e-05,0.9551117420196533,11.211480577995381,234.35217380523682
13019,2.508305311203003,,8.949792370060482e-05,0.9452154040336609,12.284094693107438,234.55335974693298
13020,1.9507452249526978,,8.947750230018065e-05,0.9182836413383484,7.033927486170757,234.74924969673157
13021,2.529594898223877,,8.945708253274836e-05,0.9548794031143188,12.54842171895855,234.95138502120972
13022,2.2375333309173584,,8.94366643988169e-05,0.9298530220985413,9.370189600748295,235.14750933647156
13023,2.0603885650634766,,8.941624789889515e-05,0.9159621596336365,7.849019072455833,235.34449982643127
13024,2.130596876144409,,8.9395833033492e-05,0.9384825229644775,8.419890943941517,235.544842004776
13025,1.818021535873413,,8.93754198031161e-05,0.8557636141777039,6.1596597206992705,235.7407510280609
13026,2.1331262588500977,,8.935500820827632e-05,0.906804084777832,8.44121502749409,235.9417450428009
13027,2.5158777236938477,,8.933459824948136e-05,1.0051660537719727,12.377468009654972,236.14046049118042
13028,2.622457265853882,,8.931418992723977e-05,1.0547270774841309,13.769517412827032,236.33770322799683
13029,2.2009785175323486,,8.929378324206031e-05,0.9182817339897156,9.033848955492337,236.5402102470398
13030,2.2210755348205566,,8.92733781944516e-05,0.9245108366012573,9.2172389981484,236.74166417121887
13031,2.245163679122925,,8.925297478492204e-05,0.9016101956367493,9.441960881863984,236.9444706439972
13032,2.0706562995910645,,8.923257301398023e-05,0.91177898645401,7.930025883120602,237.14349746704102
13033,2.5268919467926025,,8.921217288213469e-05,1.0103486776351929,12.514549742289201,237.34012055397034
13034,2.1887032985687256,,8.91917743898937e-05,0.972368061542511,8.923634319806547,237.53732895851135
13035,2.276459217071533,,8.91713775377657e-05,0.9225577116012573,9.742124519992316,237.7372658252716
13036,2.1086413860321045,,8.915098232625914e-05,0.8496387004852295,8.23704271779401,237.93353033065796
13037,2.201289415359497,,8.913058875588215e-05,0.9270100593566895,9.036657996143077,238.13208293914795
13038,2.3663454055786133,,8.911019682714308e-05,0.9452495574951172,10.65836900450922,238.3322470188141
13039,2.6216962337493896,,8.908980654055014e-05,1.0463674068450928,13.759042354445938,238.5336790084839
13040,2.3836162090301514,,8.906941789661152e-05,0.981131374835968,10.844046384156835,238.73262906074524
13041,2.2925264835357666,,8.904903089583535e-05,0.9651246666908264,9.899918091651541,238.93353366851807
13042,2.025956392288208,,8.902864553872972e-05,0.8991168737411499,7.583360144705863,239.13613629341125
13043,2.3111660480499268,,8.900826182580274e-05,0.9589444994926453,10.086178769836225,239.33544921875
13044,1.9241986274719238,,8.898787975756234e-05,0.8932241797447205,6.849657338675715,239.5348448753357
13045,2.537229537963867,,8.896749933451653e-05,0.9563198089599609,12.644591040024675,239.73548531532288
13046,2.3059959411621094,,8.89471205571733e-05,0.962879478931427,10.034166717298891,239.93252539634705
13047,2.428770065307617,,8.892674342604045e-05,0.9641249775886536,11.34491998485726,240.13115739822388
13048,2.2812280654907227,,8.890636794162585e-05,0.9413974285125732,9.788694188697601,240.32867884635925
13049,2.1577863693237305,,8.888599410443735e-05,0.9258254766464233,8.651964191461309,240.52564024925232
13050,2.2698519229888916,,8.886562191498266e-05,0.9411351680755615,9.677967623444884,240.72522521018982
13051,2.197906255722046,,8.884525137376959e-05,0.9549638032913208,9.006137197032066,240.93022465705872
13052,2.17987322807312,,8.882488248130583e-05,0.944340705871582,8.845184866512723,241.1260643005371
13053,2.777888298034668,,8.880451523809893e-05,1.0071778297424316,16.08501829418347,241.32636427879333
13054,2.2763490676879883,,8.878414964465654e-05,0.921028196811676,9.741051490079897,241.52496194839478
13055,2.289377450942993,,8.876378570148623e-05,0.925758421421051,9.868791961236333,241.72471022605896
13056,2.447819232940674,,8.874342340909559e-05,1.0127630233764648,11.563102770016975,241.92332077026367
13057,2.2944183349609375,,8.872306276799196e-05,0.9385942816734314,9.918664993387267,242.1216368675232
13058,2.5652120113372803,,8.870270377868288e-05,0.9543818831443787,13.003414948839808,242.3170874118805
13059,2.022740602493286,,8.868234644167571e-05,0.8605031371116638,7.559012821460034,242.51457571983337
13060,2.5547678470611572,,8.866199075747782e-05,0.9570021629333496,12.86831189430235,242.71361374855042
13061,2.332491397857666,,8.864163672659653e-05,1.0046882629394531,10.303579898983498,242.91387104988098
13062,2.1334128379821777,,8.86212843495392e-05,0.9152197241783142,8.443634450231846,243.11101627349854
13063,2.30580472946167,,8.860093362681289e-05,0.9512389898300171,10.032248250640865,243.3095314502716
13064,1.9582459926605225,,8.858058455892489e-05,0.8576921224594116,7.086885707684852,243.50974297523499
13065,1.4433828592300415,,8.85602371463824e-05,0.8318719267845154,4.234998014319176,243.72482228279114
13066,1.8982298374176025,,8.853989138969243e-05,0.8943837881088257,6.6740697909730216,243.943621635437
13067,2.269596815109253,,8.851954728936209e-05,1.0018733739852905,9.67549901253969,244.1602201461792
13068,2.6621947288513184,,8.84992048458984e-05,1.006013035774231,14.327700033463229,244.36685752868652
13069,2.178689956665039,,8.847886405980838e-05,0.9092633128166199,8.834724801929116,244.5833613872528
13070,2.1320765018463135,,8.845852493159895e-05,0.8932286500930786,8.432358452337752,244.7918529510498
13071,2.3247766494750977,,8.843818746177701e-05,0.9078664779663086,10.224396206488144,245.00047421455383
13072,2.218818426132202,,8.84178516508495e-05,0.9316282272338867,9.196458149062954,245.22086572647095
13073,2.4126665592193604,,8.839751749932313e-05,0.9799977540969849,11.163690131240006,245.45289087295532
13074,2.3140602111816406,,8.83771850077047e-05,0.9809603691101074,10.11541209917846,245.66107439994812
13075,2.262242555618286,,8.835685417650103e-05,0.9023872017860413,9.604603892183462,245.87281584739685
13076,2.262122869491577,,8.833652500621872e-05,0.977681040763855,9.603454423134155,246.1039535999298
13077,2.2456135749816895,,8.831619749736446e-05,0.9461765289306641,9.446209736662775,246.32765889167786
13078,2.0560336112976074,,8.829587165044495e-05,0.9318681955337524,7.81491128012347,246.532977104187
13079,2.4107043743133545,,8.827554746596654e-05,0.9651123285293579,11.141806383969795,246.7327618598938
13080,2.4380786418914795,,8.825522494443596e-05,0.986084520816803,11.451018086413917,246.93157267570496
13081,2.567559003829956,,8.823490408635971e-05,0.9495506286621094,13.03396970797345,247.1334924697876
13082,2.2886149883270264,,8.821458489224414e-05,0.9262893795967102,9.861270244179565,247.33426523208618
13083,2.1894705295562744,,8.819426736259568e-05,0.9185757040977478,8.930483435669247,247.53420615196228
13084,2.392874240875244,,8.817395149792072e-05,0.9482190012931824,10.94490707625454,247.7393877506256
13085,2.2591915130615234,,8.81536372987256e-05,0.9385603666305542,9.575344495497433,247.93985056877136
13086,2.0420949459075928,,8.813332476551654e-05,0.9064550995826721,7.706737497204718,248.14367938041687
13087,2.2426772117614746,,8.811301389879982e-05,0.9271842241287231,9.418512917682579,248.34256672859192
13088,2.255765199661255,,8.80927046990817e-05,0.9627408385276794,9.542592505672463,248.54059028625488
13089,2.1281168460845947,,8.807239716686821e-05,0.9180001616477966,8.39903523338424,248.74481344223022
13090,2.339890241622925,,8.805209130266549e-05,0.9952905178070068,10.380097197583265,248.94556760787964
13091,1.9826946258544922,,8.803178710697974e-05,0.9051327109336853,7.262285786109586,249.1443953514099
13092,2.3450541496276855,,8.801148458031688e-05,0.9735562801361084,10.433837700679058,249.3402009010315
13093,2.3984901905059814,,8.799118372318293e-05,0.9557545781135559,11.006546041768733,249.5397343635559
13094,2.011977195739746,,8.79708845360839e-05,0.8489701151847839,7.47808838438643,249.73891043663025
13095,2.4143972396850586,,8.795058701952558e-05,0.9534412622451782,11.183027640373178,249.93756484985352
13096,2.3818604946136475,,8.793029117401392e-05,0.9711870551109314,10.825024039375833,250.13541436195374
13097,2.3579351902008057,,8.790999700005477e-05,0.9585872888565063,10.569105713501411,250.3347363471985
13098,2.1960840225219727,,8.788970449815381e-05,0.9187121391296387,8.989740858340632,250.53348398208618
13099,2.159395933151245,,8.786941366881685e-05,0.9030765295028687,8.665901293379493,250.73002791404724
13100,1.9467673301696777,,8.784912451254957e-05,0.894308865070343,7.006002840193621,250.93566346168518
13101,2.132143497467041,,8.782883702985764e-05,0.9118287563323975,8.43292340235084,251.13390588760376
13102,2.188840389251709,,8.78085512212467e-05,0.9618661403656006,8.924857750788721,251.3306999206543
13103,2.158972978591919,,8.778826708722229e-05,0.9093989729881287,8.662236785931482,251.52942991256714
13104,2.4616551399230957,,8.776798462829001e-05,0.9601987600326538,11.72420068229839,251.7282910346985
13105,2.4350056648254395,,8.774770384495524e-05,0.9447280764579773,11.41588338217037,251.92594981193542
13106,2.4094057083129883,,8.77274247377235e-05,0.9632496237754822,11.127346290284573,252.12205481529236
13107,2.2976174354553223,,8.770714730710025e-05,0.9100285768508911,9.950446608656748,252.31769227981567
13108,2.784816026687622,,8.768687155359072e-05,1.0130170583724976,16.19683781674211,252.51409268379211
13109,2.420607566833496,,8.766659747770033e-05,0.9634847640991211,11.252694002070113,252.71218848228455
13110,1.6835681200027466,,8.764632507993432e-05,0.8502362966537476,5.384735115103793,252.90975761413574
13111,2.5504558086395264,,8.762605436079796e-05,0.9950317144393921,12.81294270182829,253.11190819740295
13112,1.8162572383880615,,8.760578532079646e-05,0.8664525747299194,6.148801829634858,253.31334447860718
13113,2.2296648025512695,,8.7585517960435e-05,0.9484228491783142,9.296749310495896,253.51319456100464
13114,2.334012985229492,,8.75652522802186e-05,0.9272915124893188,10.31926962966332,253.71188831329346
13115,2.049116849899292,,8.75449882806524e-05,0.855266809463501,7.761043912074027,253.9124972820282
13116,2.0187506675720215,,8.75247259622414e-05,0.8809360861778259,7.528912940448038,254.11378407478333
13117,1.9983439445495605,,8.75044653254907e-05,1.0078353881835938,7.376829539029294,254.31309986114502
13118,2.489138603210449,,8.748420637090507e-05,0.9684337973594666,12.050891049392261,254.5089704990387
13119,2.133617639541626,,8.746394909898953e-05,0.9101868867874146,8.445363896825299,254.70781421661377
13120,2.483901262283325,,8.74436935102489e-05,0.9435120820999146,11.987941412736117,254.90629935264587
13121,2.3841123580932617,,8.742343960518803e-05,0.9763224124908447,10.84942798253776,255.1084280014038
13122,2.4658002853393555,,8.740318738431168e-05,0.9703947305679321,11.772900062291495,255.31504225730896
13123,2.081864833831787,,8.73829368481247e-05,0.8936182260513306,8.019409845580402,255.5116753578186
13124,2.1952874660491943,,8.736268799713158e-05,0.8991215825080872,8.98258287331945,255.71006536483765
13125,2.3023221492767334,,8.73424408318371e-05,0.934548556804657,9.997370908493572,255.91106700897217
13126,2.222041368484497,,8.73221953527459e-05,0.8966707587242126,9.226145618325829,256.1105422973633
13127,2.49749493598938,,8.730195156036246e-05,0.9496304392814636,12.152014226305003,256.30885219573975
13128,2.358365535736084,,8.728170945519137e-05,0.9483718872070312,10.57365505978232,256.5088806152344
13129,2.577040672302246,,8.726146903773707e-05,0.9791525602340698,13.158141233972568,256.70601320266724
13130,2.337397813796997,,8.724123030850403e-05,0.9693548679351807,10.354257769323805,256.9025263786316
13131,2.0668320655822754,,8.722099326799666e-05,0.8722798228263855,7.899757521984783,257.10336804389954
13132,2.4823453426361084,,8.72007579167193e-05,0.9306560158729553,11.969303642358906,257.30176067352295
13133,1.884557843208313,,8.718052425517636e-05,0.8487390875816345,6.583442884395995,257.5061948299408
13134,2.5755133628845215,,8.716029228387198e-05,0.9742980599403381,13.138060019963387,257.7058639526367
13135,2.5744216442108154,,8.714006200331044e-05,0.9816190004348755,13.12372478095117,257.9032940864563
13136,2.2094972133636475,,8.711983341399601e-05,0.9662731289863586,9.111134284665061,258.1019275188446
13137,2.267491579055786,,8.70996065164327e-05,0.9490215182304382,9.655151229141964,258.29865860939026
13138,2.07755184173584,,8.707938131112471e-05,0.9209576845169067,7.984896675318388,258.5045564174652
13139,2.462390899658203,,8.705915779857612e-05,0.9554222822189331,11.732830051268571,258.70482635498047
13140,1.9857391119003296,,8.703893597929089e-05,0.8906742334365845,7.284429404711294,258.9007866382599
13141,1.785799264907837,,8.701871585377293e-05,0.8515340685844421,5.9643451347699115,259.10206389427185
13142,2.276684284210205,,8.699849742252642e-05,0.9330732822418213,9.744317398845844,259.300461769104
13143,2.389630079269409,,8.697828068605504e-05,0.9455162286758423,10.909457562005805,259.4992644786835
13144,2.2361645698547363,,8.695806564486272e-05,0.9202924966812134,9.357372823627168,259.69661831855774
13145,1.902432918548584,,8.693785229945333e-05,0.874374270439148,6.702180482152797,259.8958532810211
13146,2.090789794921875,,8.691764065033051e-05,0.9183225035667419,8.091303111497691,260.0956563949585
13147,2.238295793533325,,8.689743069799805e-05,0.9152283072471619,9.377336744392059,260.2945637702942
13148,2.210239887237549,,8.687722244295966e-05,0.9334346652030945,9.117903399371077,260.49414896965027
13149,2.2501251697540283,,8.685701588571901e-05,0.921588122844696,9.488923488246945,260.6949694156647
13150,2.245530366897583,,8.683681102677958e-05,0.9186891317367554,9.445423768348432,260.8921363353729
13151,2.3700973987579346,,8.681660786664502e-05,0.9481105804443359,10.698434247574813,261.09055948257446
13152,1.8931541442871094,,8.679640640581882e-05,0.8567329049110413,6.640280086410905,261.2939085960388
13153,2.426975727081299,,8.677620664480444e-05,0.9213847517967224,11.324581613669217,261.49292397499084
13154,2.5524978637695312,,8.675600858410534e-05,0.9573487043380737,12.839134170312796,261.69176626205444
13155,1.689741849899292,,8.673581222422496e-05,0.8513306379318237,5.418081846206946,261.9030804634094
13156,2.5616605281829834,,8.671561756566653e-05,0.9534258246421814,12.957315448953835,262.1044783592224
13157,2.168832540512085,,8.669542460893342e-05,0.8958641290664673,8.748065065220253,262.3034620285034
13158,2.1427385807037354,,8.66752333545289e-05,0.9138113856315613,8.522745926028245,262.50014638900757
13159,2.0483593940734863,,8.665504380295612e-05,0.9159276485443115,7.755167489994524,262.7072741985321
13160,2.2577340602874756,,8.663485595471833e-05,0.9593138098716736,9.561399047984128,262.9094207286835
13161,2.0931382179260254,,8.66146698103186e-05,0.9258694052696228,8.110327243469548,263.1144359111786
13162,2.564944267272949,,8.659448537026009e-05,0.9759188890457153,12.999933827716777,263.3112804889679
13163,2.472020149230957,,8.657430263504581e-05,0.9467535614967346,11.84635409853449,263.50908398628235
13164,2.619382858276367,,8.655412160517877e-05,0.9630886316299438,13.727249312131955,263.71083664894104
13165,2.3274412155151367,,8.653394228116199e-05,0.9345690608024597,10.251676113816767,263.9153199195862
13166,2.132488489151001,,8.651376466349831e-05,0.9374973177909851,8.435833192693998,264.11496901512146
13167,1.821228265762329,,8.649358875269062e-05,0.8756842613220215,6.179443789760493,264.3130667209625
13168,2.385190725326538,,8.647341454924183e-05,0.9399693012237549,10.861133960711186,264.51310992240906
13169,2.4004364013671875,,8.645324205365463e-05,0.9578428864479065,11.02798795969834,264.71275663375854
13170,2.472203493118286,,8.643307126643182e-05,0.9988303184509277,11.848526254265247,264.9191870689392
13171,2.3322527408599854,,8.64129021880761e-05,0.9886770844459534,10.30112117094744,265.11724734306335
13172,2.212188482284546,,8.639273481909017e-05,0.9410758018493652,9.135687822466146,265.31509351730347
13173,2.0101115703582764,,8.63725691599766e-05,0.9311145544052124,7.464150078762774,265.5141522884369
13174,2.4238834381103516,,8.635240521123807e-05,0.9436101913452148,11.289616823324291,265.72462034225464
13175,2.1932475566864014,,8.633224297337699e-05,0.9080669283866882,8.964277895010024,265.9252038002014
13176,2.333266496658325,,8.631208244689592e-05,0.9558321833610535,10.311569287288355,266.12234377861023
13177,2.3563621044158936,,8.629192363229732e-05,0.9148924946784973,10.552492673838422,266.32025241851807
13178,2.061032295227051,,8.627176653008362e-05,0.9549539089202881,7.854073349407971,266.5191011428833
13179,2.0848348140716553,,8.625161114075711e-05,0.9085480570793152,8.043262738133523,266.71895027160645
13180,2.48523211479187,,8.623145746482016e-05,0.9636168479919434,12.003906215680207,266.9253308773041
13181,2.410050868988037,,8.621130550277505e-05,0.9671559929847717,11.134527532807262,267.13025546073914
13182,2.420225143432617,,8.619115525512401e-05,0.9358011484146118,11.24839153129598,267.3271734714508
13183,2.1107122898101807,,8.617100672236927e-05,0.9209912419319153,8.254118515743043,267.5261654853821
13184,2.358489990234375,,8.615085990501302e-05,0.9361301064491272,10.574971080608545,267.724449634552
13185,2.242499589920044,,8.613071480355725e-05,0.951157808303833,9.41684013264058,267.92392563819885
13186,2.456817388534546,,8.611057141850408e-05,0.9462190866470337,11.667618888845439,268.1231460571289
13187,2.319768190383911,,8.609042975035563e-05,0.9359320998191833,10.173315760296356,268.322363615036
13188,2.1151249408721924,,8.607028979961373e-05,0.8932207822799683,8.290621538898787,268.518679857254
13189,2.027287244796753,,8.60501515667804e-05,0.9191657900810242,7.593459197261765,268.7165060043335
13190,2.266310930252075,,8.60300150523576e-05,0.9402640461921692,9.643758613056283,268.9147388935089
13191,2.1202847957611084,,8.600988025684702e-05,0.9432961344718933,8.333510498225028,269.11431789398193
13192,2.263490915298462,,8.598974718075053e-05,0.9560629725456238,9.616601379458137,269.31428146362305
13193,1.8892802000045776,,8.596961582457001e-05,0.8507981896400452,6.614605773872687,269.51429295539856
13194,2.4367516040802,,8.594948618880714e-05,1.010023832321167,11.435832230766485,269.7232472896576
13195,2.4134457111358643,,8.592935827396353e-05,1.0172638893127441,11.172391731294985,269.92352294921875
13196,1.7539504766464233,,8.590923208054087e-05,0.8361807465553284,5.7773810626051,270.12476229667664
13197,2.3891310691833496,,8.58891076090408e-05,0.9261824488639832,10.904014990710849,270.32527804374695
13198,1.9902831315994263,,8.586898485996475e-05,0.8947156667709351,7.317605314331426,270.52389311790466
13199,2.2600724697113037,,8.584886383381433e-05,0.9327359199523926,9.583783675634816,270.71780347824097
13200,2.503540515899658,2.283921898735894,8.582874453109105e-05,0.9485608339309692,12.225702719782044,270.91814732551575
13201,2.258423328399658,,8.580862695229619e-05,0.9112157225608826,9.567991687242756,275.35938930511475
13202,2.2446134090423584,,8.578851109793124e-05,0.909574568271637,9.436766682526127,275.5542941093445
13203,2.1535158157348633,,8.576839696849751e-05,0.934467613697052,8.615094298195151,275.7811965942383
13204,2.4596238136291504,,8.574828456449628e-05,0.9431069493293762,11.700409177512448,276.0382750034332
13205,2.2061591148376465,,8.572817388642885e-05,0.9369744062423706,9.080771126540384,276.31010389328003
13206,2.3984363079071045,,8.570806493479645e-05,0.9311143755912781,11.005952996440898,276.55703115463257
13207,2.062690019607544,,8.568795771010014e-05,0.9191800951957703,7.8671040359447675,276.7558584213257
13208,2.2993240356445312,,8.566785221284111e-05,0.9872434735298157,9.967442541227634,276.95510244369507
13209,2.507568836212158,,8.564774844352045e-05,0.9800946712493896,12.275051095181412,277.1520674228668
13210,2.3154499530792236,,8.562764640263925e-05,0.9522480368614197,10.129479684075914,277.3495490550995
13211,2.4307894706726074,,8.560754609069835e-05,0.9821310639381409,11.367853124999744,277.550626039505
13212,2.4015846252441406,,8.558744750819884e-05,0.9755715131759644,11.040657831320958,277.7500717639923
13213,2.3835151195526123,,8.556735065564154e-05,0.9589870572090149,10.842950220579686,277.9509882926941
13214,2.0640463829040527,,8.55472555335274e-05,0.8930127024650574,7.8777819270216805,278.1497688293457
13215,2.3570566177368164,,8.552716214235717e-05,0.9293631911277771,10.559824066149464,278.34843945503235
13216,1.8679534196853638,,8.550707048263174e-05,0.8484976887702942,6.47503115842093,278.54736971855164
13217,2.3154709339141846,,8.54869805548517e-05,0.9200137853622437,10.129692211246896,278.74742436408997
13218,1.9994462728500366,,8.546689235951785e-05,0.916882336139679,7.384965710540137,278.9428334236145
13219,2.255685806274414,,8.544680589713082e-05,0.9198535680770874,9.541834917008359,279.14025497436523
13220,2.268455743789673,,8.542672116819116e-05,0.9028937220573425,9.664464874680224,279.3386471271515
13221,2.1620376110076904,,8.540663817319947e-05,0.9338251948356628,8.6888240769067,279.54520773887634
13222,2.2436389923095703,,8.538655691265628e-05,0.886986255645752,9.427575817760681,279.7452414035797
13223,2.120818614959717,,8.536647738706207e-05,0.933734118938446,8.337960273702906,279.9426898956299
13224,2.031097412109375,,8.534639959691726e-05,0.86891108751297,7.622446735902431,280.14076566696167
13225,2.1714367866516113,,8.532632354272224e-05,0.9094643592834473,8.770876870780304,280.34117221832275
13226,2.2917540073394775,,8.530624922497742e-05,0.9414421916007996,9.892273593557068,280.5391421318054
13227,2.5111985206604004,,8.5286176644183e-05,0.9818500280380249,12.319686614663807,280.73883056640625
13228,2.2601890563964844,,8.526610580083929e-05,0.9183740019798279,9.584901082341153,280.93682312965393
13229,2.1966450214385986,,8.524603669544658e-05,0.8956734538078308,8.994785508112132,281.13636589050293
13230,2.263176202774048,,8.522596932850491e-05,0.8951717615127563,9.613575390744973,281.334431886673
13231,2.088597059249878,,8.520590370051448e-05,0.9180617332458496,8.073580460178052,281.5350914001465
13232,2.0780210494995117,,8.518583981197537e-05,0.8716430068016052,7.988644129929212,281.73435854911804
13233,2.4332327842712402,,8.516577766338761e-05,0.9457255601882935,11.395662314578285,281.93390703201294
13234,2.2878706455230713,,8.514571725525124e-05,0.9549093246459961,9.853932809757481,282.13502264022827
13235,2.1408281326293945,,8.512565858806627e-05,0.9150999784469604,8.506479205795479,282.3330886363983
13236,2.4095633029937744,,8.510560166233246e-05,0.9606186747550964,11.129100039058295,282.5331416130066
13237,2.311605215072632,,8.508554647854975e-05,0.9039717316627502,10.090609259728364,282.7311418056488
13238,2.1784112453460693,,8.506549303721805e-05,0.9036747217178345,8.832262807235667,282.93300127983093
13239,2.124107837677002,,8.504544133883704e-05,0.9531431794166565,8.365430835682286,283.13065814971924
13240,2.3465030193328857,,8.502539138390646e-05,0.9190436005592346,10.448965928801798,283.33060336112976
13241,2.1350390911102295,,8.500534317292606e-05,0.9052693843841553,8.457377108660523,283.53410935401917
13242,2.1322710514068604,,8.498529670639547e-05,0.8835176229476929,8.433999123559785,283.73639011383057
13243,2.115269660949707,,8.49652519848143e-05,0.911143958568573,8.291821445113708,283.9405722618103
13244,2.2515718936920166,,8.494520900868215e-05,0.9614652991294861,9.50266127600022,284.1409728527069
13245,2.1635444164276123,,8.492516777849856e-05,0.9043294787406921,8.701926312899623,284.341126203537
13246,2.5513696670532227,,8.49051282947629e-05,0.9830532073974609,12.824657269233285,284.5391547679901
13247,2.0972588062286377,,8.488509055797466e-05,0.9057691693305969,8.143815511337985,284.73610258102417
13248,2.1153061389923096,,8.486505456863335e-05,0.9082410335540771,8.292123920046448,284.93603801727295
13249,2.545760154724121,,8.484502032723812e-05,0.9589571356773376,12.752918593771678,285.1409845352173
13250,2.2449710369110107,,8.482498783428837e-05,0.9618743062019348,9.440142136824054,285.3398394584656
13251,2.0720582008361816,,8.480495709028343e-05,0.881164014339447,7.941150792470087,285.54251766204834
13252,1.828365683555603,,8.478492809572239e-05,0.8256815671920776,6.223706835837843,285.7413172721863
13253,1.9013572931289673,,8.476490085110449e-05,0.8712733387947083,6.694975322180623,285.9460127353668
13254,2.0645766258239746,,8.474487535692886e-05,0.9169278144836426,7.8819601727578865,286.14612460136414
13255,2.1043612957000732,,8.472485161369459e-05,0.9041239023208618,8.201862771273156,286.3475923538208
13256,2.1521759033203125,,8.470482962190071e-05,0.9199947714805603,8.603558556560094,286.5469968318939
13257,2.043062925338745,,8.468480938204623e-05,0.9325053691864014,7.714201072294117,286.7467405796051
13258,2.480447292327881,,8.466479089463016e-05,0.945544421672821,11.946606848533461,286.94755482673645
13259,2.242129325866699,,8.464477416015129e-05,0.9328641891479492,9.413354060666766,287.14968490600586
13260,2.4911539554595947,,8.462475917910857e-05,1.004008412361145,12.075202329440675,287.34950828552246
13261,2.278315544128418,,8.460474595200088e-05,0.9255045056343079,9.760225885159247,287.5515739917755
13262,2.1100449562072754,,8.458473447932687e-05,0.8887606859207153,8.248612102606733,287.75592041015625
13263,2.2434709072113037,,8.456472476158534e-05,0.9078543782234192,9.425991315922241,287.9599540233612
13264,2.3415191173553467,,8.4544716799275e-05,0.9303114414215088,10.397018863912976,288.1703279018402
13265,2.3059091567993164,,8.452471059289448e-05,0.948887825012207,10.03329594631937,288.39280009269714
13266,2.0268380641937256,,8.450470614294241e-05,0.9119304418563843,7.590049128606159,288.5935196876526
13267,2.241856813430786,,8.448470344991738e-05,0.914477527141571,9.41078915412192,288.80726742744446
13268,2.356142997741699,,8.446470251431782e-05,0.954325258731842,10.550180805546333,289.01636505126953
13269,2.0790205001831055,,8.444470333664224e-05,0.8817392587661743,7.996632377030414,289.2229115962982
13270,2.006295919418335,,8.442470591738918e-05,0.8785325288772583,7.435723754453099,289.4297995567322
13271,2.2557990550994873,,8.440471025705684e-05,0.9273993968963623,9.542915579792494,289.6498739719391
13272,2.29360294342041,,8.438471635614369e-05,0.9140510559082031,9.910580694240815,289.84748935699463
13273,1.759489893913269,,8.436472421514798e-05,0.8277266621589661,5.809473190802387,290.0459408760071
13274,2.3821544647216797,,8.434473383456799e-05,0.9068537950515747,10.828206740648739,290.2434482574463
13275,2.4933133125305176,,8.432474521490191e-05,0.986229419708252,12.10130517551345,290.4415605068207
13276,2.469305992126465,,8.430475835664794e-05,1.0025502443313599,11.814244826910947,290.6407697200775
13277,2.3046557903289795,,8.428477326030425e-05,0.9066624045372009,10.020728427092116,290.84190559387207
13278,2.2612433433532715,,8.42647899263688e-05,0.9246089458465576,9.595011647316241,291.0432016849518
13279,2.2890384197235107,,8.424480835533968e-05,0.9323284029960632,9.865446699768977,291.2393214702606
13280,1.8707610368728638,,8.422482854771497e-05,0.8611826300621033,6.493236111501792,291.43619322776794
13281,2.2493226528167725,,8.420485050399246e-05,0.9448795914649963,9.48131152120607,291.6387867927551
13282,2.168647289276123,,8.418487422467016e-05,0.8937790393829346,8.746444625453515,291.8358745574951
13283,2.3422691822052,,8.41648997102459e-05,0.9308045506477356,10.404820227704688,292.0342757701874
13284,2.2513911724090576,,8.41449269612175e-05,0.9661997556686401,9.500944098032873,292.2323863506317
13285,2.570577621459961,,8.412495597808274e-05,0.9660019278526306,13.073373721627092,292.4313564300537
13286,1.9371975660324097,,8.410498676133941e-05,0.9095620512962341,6.939276830785893,292.62774777412415
13287,2.1335301399230957,,8.408501931148505e-05,0.898082435131073,8.444624963034661,292.8256402015686
13288,2.2506279945373535,,8.406505362901741e-05,0.9257135987281799,9.493695953900364,293.02726769447327
13289,1.8863646984100342,,8.404508971443404e-05,0.8803499341011047,6.595348965459978,293.23402643203735
13290,2.3452885150909424,,8.402512756823257e-05,0.9877290725708008,10.436283318458301,293.43384885787964
13291,2.181920289993286,,8.40051671909104e-05,0.8926635384559631,8.863310052989897,293.6365661621094
13292,2.315810441970825,,8.398520858296506e-05,0.9334284663200378,10.133131907233114,293.8356807231903
13293,2.3359920978546143,,8.396525174489393e-05,0.9235684275627136,10.339712849513864,294.0405580997467
13294,2.332860231399536,,8.394529667719442e-05,0.9476481080055237,10.307380905777892,294.23774790763855
13295,2.231402635574341,,8.392534338036386e-05,0.9200823307037354,9.31291955497772,294.434775352478
13296,2.545013189315796,,8.39053918548996e-05,0.9834124445915222,12.743396161633408,294.63325452804565
13297,1.796312689781189,,8.388544210129875e-05,0.82245272397995,6.027381613275107,294.8329207897186
13298,2.4791200160980225,,8.386549412005859e-05,0.9534192681312561,11.93076091952466,295.0314054489136
13299,1.9181945323944092,,8.384554791167632e-05,0.8626700043678284,6.808654560232246,295.23443579673767
13300,2.1336240768432617,,8.382560347664892e-05,0.9133721590042114,8.44541826235511,295.4318447113037
13301,1.9033607244491577,,8.380566081547354e-05,0.9048571586608887,6.708401690341401,295.6334385871887
13302,2.0247323513031006,,8.37857199286472e-05,0.8849120140075684,7.574083479751219,295.83139395713806
13303,2.5198986530303955,,8.376578081666695e-05,0.9850823283195496,12.42733712679545,296.0375623703003
13304,2.202542781829834,,8.374584348002952e-05,0.8972216248512268,9.047991341213043,296.2372763156891
13305,2.191282272338867,,8.372590791923199e-05,0.9274258613586426,8.94667784019692,296.4389011859894
13306,2.0181171894073486,,8.37059741347712e-05,0.9346511960029602,7.524145048833599,296.63839316368103
13307,2.3865389823913574,,8.368604212714384e-05,0.9438157081604004,10.875787437412653,296.8368363380432
13308,2.2268178462982178,,8.366611189684674e-05,0.9539804458618164,9.270319512004843,297.03426337242126
13309,2.1560635566711426,,8.364618344437662e-05,0.9448688626289368,8.637071310587933,297.2338922023773
13310,2.0832958221435547,,8.362625677023011e-05,0.876696765422821,8.030893742037845,297.43328619003296
13311,2.2410829067230225,,8.360633187490385e-05,0.9492014050483704,9.403508898752792,297.64040327072144
13312,1.7425930500030518,,8.358640875889447e-05,0.8555099964141846,5.712136089825631,297.8396348953247
13313,2.3287646770477295,,8.356648742269841e-05,0.9423156380653381,10.26525279492391,298.03976559638977
13314,2.0823566913604736,,8.354656786681222e-05,0.928057074546814,8.0233552228908,298.2390847206116
13315,2.043717861175537,,8.352665009173233e-05,0.8987240791320801,7.7192550338582,298.44202756881714
13316,2.219172954559326,,8.350673409795515e-05,0.9399492144584656,9.199719132927237,298.64344596862793
13317,2.1640806198120117,,8.348681988597706e-05,0.9307761192321777,8.706593566426138,298.8442585468292
13318,2.333563804626465,,8.346690745629433e-05,0.9450756907463074,10.31463545477692,299.0438725948334
13319,2.1569528579711914,,8.344699680940333e-05,0.937763512134552,8.644755685689,299.2447226047516
13320,2.1682112216949463,,8.342708794580015e-05,0.9258648157119751,8.74263141597074,299.4470281600952
13321,2.417402744293213,,8.340718086598103e-05,0.994892418384552,11.216688840586988,299.65018033981323
13322,2.0859053134918213,,8.338727557044218e-05,0.9273648858070374,8.051877656540816,299.8477656841278
13323,2.062575101852417,,8.336737205967954e-05,0.8869600296020508,7.86620001795446,300.04940247535706
13324,2.2201147079467773,,8.334747033418925e-05,0.9035807847976685,9.208387080478122,300.2515621185303
13325,2.2468373775482178,,8.332757039446728e-05,0.9342764019966125,9.457777109028767,300.4508852958679
13326,2.333178758621216,,8.330767224100964e-05,0.918605625629425,10.310664610127452,300.65638613700867
13327,2.3501105308532715,,8.328777587431219e-05,0.9785051345825195,10.486728767750114,300.85542845726013
13328,1.973548412322998,,8.326788129487089e-05,0.9154738187789917,7.196166202424301,301.05179357528687
13329,2.575003147125244,,8.324798850318143e-05,1.0214341878890991,13.131358484454763,301.249883890152
13330,1.917561411857605,,8.32280974997397e-05,0.8958279490470886,6.804345225510261,301.4490432739258
13331,2.1462996006011963,,8.320820828504142e-05,0.8793707489967346,8.55314969593781,301.6523280143738
13332,2.4841647148132324,,8.31883208595822e-05,0.9496759176254272,11.991100082291155,301.8522596359253
13333,2.0958902835845947,,8.316843522385773e-05,0.9212571382522583,8.13267813801383,302.05001950263977
13334,2.5382936000823975,,8.314855137836363e-05,0.9736618399620056,12.658052831175526,302.2472913265228
13335,2.2048416137695312,,8.312866932359544e-05,0.9329904913902283,9.068815078664231,302.44798278808594
13336,2.463022232055664,,8.310878906004871e-05,0.9760536551475525,11.740239705725184,302.6445310115814
13337,2.2480430603027344,,8.308891058821887e-05,0.9236928820610046,9.46918706479644,302.8453252315521
13338,2.4536490440368652,,8.306903390860142e-05,0.9893652200698853,11.630710353091255,303.04249930381775
13339,1.9489492177963257,,8.30491590216916e-05,0.9243269562721252,7.0213058397445876,303.2417516708374
13340,2.0495498180389404,,8.302928592798486e-05,0.9606476426124573,7.764404924371483,303.4433343410492
13341,2.235891819000244,,8.300941462797646e-05,0.9439722299575806,9.354820940223732,303.6479456424713
13342,2.4168648719787598,,8.298954512216159e-05,0.951836347579956,11.210657316440141,303.8499524593353
13343,1.9757733345031738,,8.29696774110355e-05,0.8880970478057861,7.212194936951566,304.0499472618103
13344,1.8326740264892578,,8.294981149509333e-05,0.8649340271949768,6.250578543906315,304.2496774196625
13345,2.3776040077209473,,8.29299473748302e-05,1.0018904209136963,10.77904538961794,304.45210433006287
13346,1.8865052461624146,,8.291008505074117e-05,0.861975371837616,6.596275992077466,304.65085077285767
13347,2.29892635345459,,8.289022452332132e-05,0.9522082209587097,9.963479454926373,304.85343980789185
13348,2.1914782524108887,,8.287036579306553e-05,0.9125003218650818,8.948431382588465,305.0527608394623
13349,2.3772974014282227,,8.285050886046877e-05,0.9573750495910645,10.775740973075257,305.251202583313
13350,2.117239236831665,,8.283065372602593e-05,0.9074625372886658,8.308168910151311,305.45013189315796
13351,2.3178982734680176,,8.281080039023189e-05,0.9792643189430237,10.154310279937922,305.6524066925049
13352,2.027865409851074,,8.279094885358137e-05,0.9089435935020447,7.597850739406806,305.85154581069946
13353,2.4439096450805664,,8.277109911656916e-05,0.9577994346618652,11.517984059053948,306.05225563049316
13354,2.3643462657928467,,8.275125117969002e-05,0.9581377506256104,10.637082719200176,306.25107526779175
13355,2.1470601558685303,,8.273140504343844e-05,0.9515345096588135,8.559657313379022,306.4476878643036
13356,2.177391529083252,,8.271156070830923e-05,0.912820041179657,8.823260995640513,306.64623522758484
13357,2.1147618293762207,,8.269171817479695e-05,0.9255005717277527,8.287611665402167,306.8426694869995
13358,2.3890421390533447,,8.2671877443396e-05,0.968965470790863,10.903045338356444,307.0423629283905
13359,2.2562475204467773,,8.265203851460094e-05,0.9363784790039062,9.54719620652678,307.24384808540344
13360,1.9698659181594849,,8.263220138890625e-05,0.8965394496917725,7.169715095299432,307.4424133300781
13361,2.00063157081604,,8.261236606680622e-05,0.8973842859268188,7.393724285110724,307.64178681373596
13362,2.3373749256134033,,8.259253254879524e-05,0.9801550507545471,10.35402078188312,307.83985567092896
13363,2.3336009979248047,,8.25727008353677e-05,0.9547679424285889,10.315019097225074,308.0363266468048
13364,2.2639646530151367,,8.25528709270177e-05,0.9497787356376648,9.621158205522777,308.2364058494568
13365,2.6421773433685303,,8.253304282423956e-05,0.9829627275466919,14.043748404869229,308.433269739151
13366,2.5216574668884277,,8.251321652752735e-05,0.9850431680679321,12.449213732351533,308.6313490867615
13367,2.4885807037353516,,8.249339203737538e-05,0.9568356871604919,12.04416973868354,308.8283989429474
13368,2.197611093521118,,8.247356935427757e-05,0.9304158687591553,9.003479318027138,309.0241138935089
13369,2.2354178428649902,,8.2453748478728e-05,0.9342646598815918,9.35038802897855,309.22935032844543
13370,2.579270601272583,,8.24339294112207e-05,1.0108543634414673,13.187515693613015,309.4284682273865
13371,2.263590097427368,,8.241411215224951e-05,0.9589367508888245,9.617555221757067,309.6308591365814
13372,2.009868621826172,,8.23942967023084e-05,0.9180836081504822,7.46233689472185,309.83714294433594
13373,1.9359253644943237,,8.237448306189126e-05,0.8455533981323242,6.930454285346441,310.04019951820374
13374,2.2324442863464355,,8.23546712314918e-05,0.9248659610748291,9.322625419005396,310.24152135849
13375,2.5717129707336426,,8.233486121160382e-05,1.0081781148910522,13.088224996083047,310.441992521286
13376,2.1436023712158203,,8.231505300272104e-05,0.8912291526794434,8.53011097356721,310.6416051387787
13377,2.3797614574432373,,8.229524660533714e-05,1.0405185222625732,10.802325742165351,310.8417296409607
13378,1.9840425252914429,,8.227544201994576e-05,0.8901920318603516,7.272081217176613,311.0434069633484
13379,2.3492987155914307,,8.22556392470405e-05,0.9686424732208252,10.478218935962692,311.2450683116913
13380,2.117828130722046,,8.223583828711484e-05,0.9019279479980469,8.313062980965514,311.4465892314911
13381,2.0921504497528076,,8.22160391406623e-05,0.9126933813095093,8.102320075607894,311.64548325538635
13382,2.8119564056396484,,8.21962418081763e-05,1.0196226835250854,16.642445764626103,311.8446772098541
13383,2.5882112979888916,,8.217644629015032e-05,1.0282450914382935,13.305949925214543,312.0440993309021
13384,2.2509608268737793,,8.215665258707763e-05,0.9074144959449768,9.496856288807667,312.24242782592773
13385,2.3338849544525146,,8.213686069945154e-05,0.947877049446106,10.317948530127298,312.444438457489
13386,2.116359233856201,,8.211707062776537e-05,0.94426029920578,8.300860912791045,312.64330434799194
13387,2.3974034786224365,,8.20972823725123e-05,0.9604082703590393,10.994591594084998,312.84145188331604
13388,1.8661357164382935,,8.207749593418556e-05,0.8591935038566589,6.463272163678536,313.0439085960388
13389,2.283949375152588,,8.205771131327828e-05,0.9192230701446533,9.81536853488689,313.2471423149109
13390,2.4908316135406494,,8.203792851028343e-05,0.9626128673553467,12.07131061281555,313.44753074645996
13391,2.282294988632202,,8.201814752569415e-05,0.9211996793746948,9.799143546391926,313.6511859893799
13392,2.535101890563965,,8.199836836000344e-05,1.0206034183502197,12.617716408783373,313.8514230251312
13393,2.132500648498535,,8.19785910137042e-05,0.9101341366767883,8.435935767545148,314.05152893066406
13394,2.259723663330078,,8.195881548728933e-05,0.9347288012504578,9.580441373674482,314.25234270095825
13395,2.0920345783233643,,8.193904178125169e-05,0.8846918344497681,8.101381302588461,314.4524118900299
13396,2.7811508178710938,,8.191926989608416e-05,1.0138003826141357,16.137581683363575,314.65071058273315
13397,2.3091814517974854,,8.189949983227942e-05,0.958931028842926,10.066181626939013,314.8500611782074
13398,2.260007381439209,,8.187973159033025e-05,0.9200877547264099,9.583159904015568,315.05289459228516
13399,2.1453330516815186,,8.185996517072934e-05,0.9391894340515137,8.5448866523006,315.2506821155548
13400,2.5698163509368896,2.2837983634736805,8.184020057396926e-05,0.9761769771575928,13.063425134839118,315.45361495018005
13401,1.968300461769104,,8.18204378005426e-05,0.877606213092804,7.158499999648223,319.83331418037415
13402,2.413668155670166,,8.1800676850942e-05,0.9555839896202087,11.174877245204932,320.0338568687439
13403,2.3028087615966797,,8.178091772565982e-05,0.9497416019439697,10.002236936183209,320.2532846927643
13404,2.3010776042938232,,8.176116042518855e-05,0.9692886471748352,9.984936469901164,320.52434611320496
13405,1.8369336128234863,,8.174140495002069e-05,0.8870843648910522,6.2772602089379985,320.79986476898193
13406,2.087021827697754,,8.17216513006484e-05,0.9498721361160278,8.060872712948466,321.0576841831207
13407,2.073668956756592,,8.170189947756414e-05,0.8823394179344177,7.95395235545277,321.25569701194763
13408,2.2776999473571777,,8.168214948126024e-05,0.9042425155639648,9.754219370602938,321.45841336250305
13409,1.7368444204330444,,8.166240131222875e-05,0.8756304383277893,5.679393338535942,321.6572456359863
13410,1.890279769897461,,8.164265497096194e-05,0.8821085691452026,6.621220840217339,321.8587384223938
13411,2.1243252754211426,,8.162291045795192e-05,0.9229254126548767,8.36724999386162,322.06133556365967
13412,2.2728848457336426,,8.160316777369084e-05,0.9595931172370911,9.707364708582682,322.2627320289612
13413,2.0982792377471924,,8.158342691867062e-05,0.9521279335021973,8.152129958807706,322.4607355594635
13414,2.0214743614196777,,8.15636878933833e-05,0.9357818961143494,7.5494473463264,322.6725263595581
13415,2.1074674129486084,,8.154395069832092e-05,0.9377793669700623,8.227378325333987,322.87357997894287
13416,2.5075881481170654,,8.152421533397523e-05,0.9969620108604431,12.275288152089898,323.07538866996765
13417,2.2473580837249756,,8.150448180083813e-05,0.9646682143211365,9.462703114377241,323.2782971858978
13418,2.330439805984497,,8.148475009940156e-05,0.9289947152137756,10.282462827411273,323.4778861999512
13419,2.059124708175659,,8.146502023015714e-05,0.8876500725746155,7.839105301751827,323.6769561767578
13420,2.01350474357605,,8.144529219359663e-05,0.8755855560302734,7.4895202512565096,323.87532687187195
13421,1.9771610498428345,,8.142556599021177e-05,0.9117664098739624,7.222210358167755,324.078724861145
13422,2.386603832244873,,8.140584162049406e-05,0.9318104982376099,10.876492753504412,324.28247141838074
13423,2.252960681915283,,8.138611908493519e-05,1.0023977756500244,9.51586762836071,324.48178911209106
13424,2.01583194732666,,8.13663983840267e-05,0.9006765484809875,7.506970187778808,324.6788845062256
13425,2.0146420001983643,,8.134667951825997e-05,0.8814379572868347,7.498042602892093,324.87748980522156
13426,2.0029146671295166,,8.132696248812654e-05,0.8863075375556946,7.4106241544426865,325.0815212726593
13427,2.226792335510254,,8.130724729411777e-05,0.9660699367523193,9.270083021865952,325.2802155017853
13428,2.356966018676758,,8.128753393672506e-05,0.9772248864173889,10.558867399351897,325.47795367240906
13429,2.13407301902771,,8.126782241643967e-05,0.8768609762191772,8.44921061808893,325.67595410346985
13430,1.9546810388565063,,8.12481127337529e-05,0.896704375743866,7.061666267301842,325.8755304813385
13431,2.348001718521118,,8.122840488915598e-05,0.9345203638076782,10.464637526128927,326.07651233673096
13432,2.461109161376953,,8.120869888314e-05,0.9737576246261597,11.717801267385779,326.2745599746704
13433,2.412200689315796,,8.118899471619614e-05,0.9565244913101196,11.15849051526148,326.4705846309662
13434,2.306455373764038,,8.116929238881553e-05,1.0238630771636963,10.038777799781709,326.669828414917
13435,2.1156723499298096,,8.11495919014891e-05,0.9394427537918091,8.295161142619193,326.87051272392273
13436,2.063810348510742,,8.11298932547079e-05,0.9743602871894836,7.875922718971057,327.0735969543457
13437,2.2711992263793945,,8.111019644896284e-05,0.9425389170646667,9.691015569834585,327.27270698547363
13438,1.9257426261901855,,8.109050148474484e-05,0.899795413017273,6.860241369589611,327.47458696365356
13439,2.512694835662842,,8.107080836254473e-05,0.9474108219146729,12.33813454508622,327.67780804634094
13440,2.3231425285339355,,8.10511170828534e-05,0.9834008812904358,10.207701950468024,327.876788854599
13441,2.109015703201294,,8.103142764616149e-05,0.9028702974319458,8.240126561438432,328.0839636325836
13442,2.034893751144409,,8.101174005295974e-05,0.9005503058433533,7.6514391256385315,328.29207968711853
13443,1.987583041191101,,8.099205430373883e-05,0.9096011519432068,7.297873768876318,328.49134612083435
13444,1.6947733163833618,,8.097237039898946e-05,0.862619936466217,5.4454114397354925,328.69349932670593
13445,2.3941609859466553,,8.095268833920206e-05,0.9716957211494446,10.958999446191335,328.89399313926697
13446,2.5911290645599365,,8.093300812486724e-05,1.0345505475997925,13.344830275411834,329.09419441223145
13447,2.205822467803955,,8.091332975647546e-05,0.9200286865234375,9.077714626386724,329.29716444015503
13448,2.069080352783203,,8.089365323451719e-05,0.9193227887153625,7.917538426512026,329.49670481681824
13449,2.0415449142456055,,8.087397855948278e-05,0.9121744632720947,7.702499713135178,329.6952848434448
13450,2.2647900581359863,,8.085430573186265e-05,0.9567704200744629,9.629102837092859,329.8933780193329
13451,2.2795374393463135,,8.083463475214698e-05,0.9359889030456543,9.77215914760734,330.0938994884491
13452,2.1667613983154297,,8.081496562082609e-05,0.8974326848983765,8.729965328558862,330.294150352478
13453,2.0945944786071777,,8.079529833839021e-05,0.8735105395317078,8.122146598087424,330.49554800987244
13454,2.5770797729492188,,8.077563290532943e-05,0.9846713542938232,13.158655735866388,330.6887481212616
13455,2.549006938934326,,8.075596932213389e-05,0.9617711901664734,12.794391859435116,330.89195108413696
13456,2.367233991622925,,8.07363075892937e-05,0.9483261704444885,10.66784409155336,331.0897214412689
13457,2.4283292293548584,,8.071664770729884e-05,0.9572740197181702,11.339919838449891,331.28837871551514
13458,2.308961868286133,,8.06969896766393e-05,0.9260728359222412,10.063971502093825,331.49033188819885
13459,2.268224000930786,,8.067733349780499e-05,0.9363186955451965,9.662225463454357,331.68747782707214
13460,2.753243923187256,,8.065767917128587e-05,1.015450358390808,15.693457773537263,331.89068126678467
13461,2.406766653060913,,8.063802669757168e-05,0.9798352718353271,11.098019323379468,332.08890414237976
13462,2.4057257175445557,,8.061837607715223e-05,0.9651033282279968,11.086473011430217,332.2871265411377
13463,2.152513265609741,,8.059872731051736e-05,0.9421570897102356,8.606461562426787,332.4842405319214
13464,2.5339224338531494,,8.057908039815661e-05,1.0128886699676514,12.60284313140748,332.6838960647583
13465,1.950631856918335,,8.055943534055974e-05,0.878827691078186,7.033130108837204,332.88149547576904
13466,2.0822842121124268,,8.053979213821637e-05,0.9155852794647217,8.022773717211233,333.07763838768005
13467,2.362812042236328,,8.052015079161596e-05,0.9720512628555298,10.620775568925493,333.27333211898804
13468,1.7496416568756104,,8.050051130124805e-05,0.8610571622848511,5.752540923132735,333.4757914543152
13469,2.262207269668579,,8.048087366760224e-05,0.9235901236534119,9.604264990592835,333.68871331214905
13470,2.2944700717926025,,8.04612378911678e-05,0.9297051429748535,9.919178166963246,333.90793895721436
13471,2.427306890487671,,8.044160397243416e-05,1.0185707807540894,11.328332521739606,334.1392879486084
13472,2.212606191635132,,8.04219719118907e-05,0.9353088736534119,9.139504681807045,334.3452157974243
13473,2.025071620941162,,8.04023417100266e-05,0.938900887966156,7.576653572264568,334.5610647201538
13474,2.111316680908203,,8.038271336733114e-05,0.981041431427002,8.259108739367441,334.77913761138916
13475,2.421236038208008,,8.03630868842935e-05,0.9872642159461975,11.259768220875717,334.9865312576294
13476,2.173024892807007,,8.034346226140292e-05,0.9167932271957397,8.784817020616039,335.2192859649658
13477,2.1956324577331543,,8.032383949914834e-05,0.9529027938842773,8.985682324322896,335.4277403354645
13478,2.0855789184570312,,8.030421859801887e-05,0.9202913641929626,8.049249992504558,335.6408760547638
13479,2.2838923931121826,,8.028459955850356e-05,0.9437244534492493,9.81480925109516,335.840384721756
13480,2.339242696762085,,8.026498238109134e-05,0.9906826615333557,10.373377794780122,336.0385522842407
13481,2.1344449520111084,,8.02453670662711e-05,0.9029334187507629,8.452353742681098,336.2387583255768
13482,2.464262008666992,,8.022575361453178e-05,1.0003266334533691,11.754804006698082,336.4380211830139
13483,2.4139299392700195,,8.020614202636209e-05,1.0003916025161743,11.177803027742337,336.6348965167999
13484,2.0874102115631104,,8.018653230225086e-05,0.8877449631690979,8.064004033888772,336.83309864997864
13485,2.0876095294952393,,8.016692444268685e-05,0.9136094450950623,8.065611494690046,337.0363256931305
13486,2.2576115131378174,,8.014731844815865e-05,0.9441169500350952,9.560227397576728,337.24648785591125
13487,2.3171000480651855,,8.012771431915495e-05,0.9729457497596741,10.146208085643092,337.46749687194824
13488,2.456327438354492,,8.010811205616433e-05,0.9311479926109314,11.661903737054203,337.6703906059265
13489,2.2786285877227783,,8.00885116596753e-05,0.9739634394645691,9.763281739634987,337.88208627700806
13490,2.196746826171875,,8.00689131301764e-05,0.963233232498169,8.99570126646514,338.09184527397156
13491,2.1077442169189453,,8.004931646815606e-05,0.9356552362442017,8.229656011541653,338.30338978767395
13492,2.4756312370300293,,8.002972167410272e-05,0.977006196975708,11.88920965430094,338.5211193561554
13493,2.147139072418213,,8.001012874850464e-05,0.925239622592926,8.56033283865537,338.72685861587524
13494,2.304553747177124,,7.999053769185019e-05,0.9460893869400024,10.019705932549698,338.92552876472473
13495,2.439385175704956,,7.997094850462766e-05,0.9461623430252075,11.46598900661963,339.12186193466187
13496,2.3896429538726807,,7.995136118732516e-05,0.9512845873832703,10.909598017847978,339.31946539878845
13497,2.3469109535217285,,7.993177574043093e-05,0.941015362739563,10.453229288768231,339.51740884780884
13498,1.8387748003005981,,7.991219216443308e-05,0.8650487065315247,6.2888284682243265,339.71441173553467
13499,2.0796680450439453,,7.989261045981966e-05,0.9318079352378845,8.001812232143466,339.9141056537628
13500,1.8916001319885254,,7.987303062707874e-05,0.9106265902519226,6.629969023325065,340.1134023666382
13501,2.336782693862915,,7.985345266669832e-05,0.9635070562362671,10.347890617449055,340.3208508491516
13502,2.5344130992889404,,7.983387657916626e-05,0.985873818397522,12.609028428256352,340.5192370414734
13503,2.518233299255371,,7.981430236497048e-05,0.9532290101051331,12.406658437443722,340.71935629844666
13504,2.2794671058654785,,7.979473002459887e-05,0.968860387802124,9.771471861809099,340.92190527915955
13505,2.205608367919922,,7.977515955853913e-05,0.9667377471923828,9.075771296778674,341.1217610836029
13506,1.9609501361846924,,7.975559096727904e-05,0.912099301815033,7.106075598193228,341.3302412033081
13507,2.276944398880005,,7.973602425130631e-05,0.933110237121582,9.746852368425563,341.52826046943665
13508,2.590740203857422,,7.971645941110861e-05,1.0003087520599365,13.339642004158778,341.72679233551025
13509,2.1831753253936768,,7.969689644717354e-05,0.9294525384902954,8.874440804153393,341.9256536960602
13510,2.120666742324829,,7.967733535998866e-05,0.907910168170929,8.336694061860449,342.12508487701416
13511,2.1994800567626953,,7.965777615004151e-05,0.9216212034225464,9.020322224402557,342.32920265197754
13512,1.932574987411499,,7.963821881781947e-05,0.9253047108650208,6.907273503998283,342.52643728256226
13513,2.403679609298706,,7.961866336381003e-05,0.9947429895401001,11.063812078850589,342.72486877441406
13514,1.8795737028121948,,7.95991097885006e-05,0.8786559104919434,6.550711716895421,342.9230363368988
13515,2.4575493335723877,,7.957955809237839e-05,0.9503076076507568,11.67616207078296,343.122074842453
13516,1.9191361665725708,,7.956000827593077e-05,0.8748654723167419,6.815068841552768,343.32008147239685
13517,2.2788751125335693,,7.954046033964497e-05,0.9252600073814392,9.765688927522127,343.5209448337555
13518,2.0470824241638184,,7.952091428400806e-05,0.9590277075767517,7.745270694765073,343.71995782852173
13519,2.383272409439087,,7.95013701095073e-05,0.9283032417297363,10.840318846244198,343.9167995452881
13520,2.309774875640869,,7.948182781662984e-05,0.9816935658454895,10.0721569118912,344.1136076450348
13521,2.3192226886749268,,7.946228740586257e-05,0.9449878931045532,10.167767712535422,344.31365275382996
13522,2.4063823223114014,,7.944274887769254e-05,0.9783044457435608,11.093754832834733,344.51304483413696
13523,2.0645687580108643,,7.942321223260673e-05,0.9158137440681458,7.88189815921226,344.71057200431824
13524,2.2021756172180176,,7.94036774710921e-05,0.9385961294174194,9.04466984878908,344.90765619277954
13525,2.4881365299224854,,7.938414459363536e-05,1.0016810894012451,12.0388212218114,345.1066768169403
13526,1.997748851776123,,7.936461360072341e-05,0.8804363012313843,7.372440947018946,345.30692410469055
13527,2.092696189880371,,7.934508449284305e-05,0.8830106854438782,8.106743043585295,345.50670766830444
13528,2.47110652923584,,7.932555727048089e-05,0.9706457853317261,11.835535975140244,345.7151267528534
13529,2.3790171146392822,,7.930603193412368e-05,0.9792803525924683,10.794288100484668,345.91079449653625
13530,2.451925039291382,,7.928650848425801e-05,0.9725122451782227,11.610676227674933,346.1075098514557
13531,2.086538553237915,,7.926698692137046e-05,0.9205626845359802,8.056978040216018,346.3084807395935
13532,2.5894455909729004,,7.924746724594756e-05,1.0195549726486206,13.322383505693,346.5066816806793
13533,1.9192016124725342,,7.922794945847585e-05,0.9056687355041504,6.81551487446177,346.715220451355
13534,2.1887025833129883,,7.920843355944166e-05,0.907426655292511,8.923627937128185,346.9141368865967
13535,2.1012072563171387,,7.918891954933143e-05,0.9439201354980469,8.176034526141839,347.1119337081909
13536,2.3149232864379883,,7.91694074286315e-05,0.9555055499076843,10.12414622963279,347.3106002807617
13537,2.3550944328308105,,7.914989719782821e-05,0.9688213467597961,10.539124054024006,347.50902032852173
13538,2.053422451019287,,7.91303888574077e-05,0.8987480998039246,7.794531912686732,347.71036767959595
13539,2.2861342430114746,,7.911088240785622e-05,0.9581443667411804,9.836837262748285,347.90784072875977
13540,2.2952775955200195,,7.909137784965993e-05,0.9518688917160034,9.927191373681376,348.1064920425415
13541,2.612720251083374,,7.907187518330494e-05,1.0523290634155273,13.636094045194339,348.3074381351471
13542,2.466468572616577,,7.905237440927728e-05,0.9676517844200134,11.78077037113985,348.50709414482117
13543,2.121915578842163,,7.903287552806305e-05,0.9474862217903137,8.347111733469163,348.70760893821716
13544,2.2819983959198,,7.901337854014809e-05,0.9091777205467224,9.796237622787466,348.91072964668274
13545,2.2572784423828125,,7.899388344601836e-05,0.9545674324035645,9.557043695647835,349.11106634140015
13546,2.870968818664551,,7.897439024615978e-05,1.0831540822982788,17.654113552067347,349.3153021335602
13547,1.7821323871612549,,7.89548989410581e-05,0.8929113149642944,5.942514659625069,349.5172441005707
13548,2.5426180362701416,,7.89354095311991e-05,1.009009599685669,12.712910301229757,349.71884202957153
13549,2.4284703731536865,,7.891592201706853e-05,0.9721077084541321,11.341520510774126,349.92442059516907
13550,2.6786091327667236,,7.889643639915208e-05,1.0191516876220703,14.56482146849951,350.12180280685425
13551,2.4899213314056396,,7.887695267793537e-05,0.9847391247749329,12.06032731412725,350.321884393692
13552,2.079850673675537,,7.885747085390398e-05,0.865666389465332,8.00327372561289,350.5206928253174
13553,2.0895514488220215,,7.883799092754352e-05,0.8977051377296448,8.081289479297686,350.71955394744873
13554,1.9881267547607422,,7.881851289933934e-05,0.896917462348938,7.301842800784459,350.9172739982605
13555,2.3983843326568604,,7.879903676977698e-05,0.9743558764457703,11.005380974145364,351.1135723590851
13556,2.3801944255828857,,7.877956253934186e-05,0.9379538297653198,10.807003817701565,351.31558656692505
13557,2.0173215866088867,,7.876009020851924e-05,0.8684403300285339,7.51816119867632,351.51316833496094
13558,2.2421767711639404,,7.874061977779444e-05,0.9043700695037842,9.413800690643372,351.714510679245
13559,2.448798656463623,,7.872115124765277e-05,0.9920104146003723,11.574433492750629,351.9188141822815
13560,2.145111083984375,,7.870168461857939e-05,0.9414917230606079,8.542990173974285,352.11850452423096
13561,2.4515292644500732,,7.868221989105948e-05,0.9756501913070679,11.606081923348443,352.32519578933716
13562,2.323234796524048,,7.86627570655782e-05,0.9264599084854126,10.208643838063027,352.5225293636322
13563,2.3142287731170654,,7.86432961426205e-05,0.9215528964996338,10.11711731633283,352.7235732078552
13564,1.7634271383285522,,7.862383712267147e-05,0.8170111775398254,5.832391594751041,352.9275255203247
13565,2.546273708343506,,7.86043800062161e-05,0.9825859665870667,12.759469583271434,353.1298542022705
13566,2.3923845291137695,,7.858492479373926e-05,0.9814207553863525,10.939548538707571,353.3271896839142
13567,2.2849743366241455,,7.856547148572582e-05,0.9513669013977051,9.825434066974385,353.5284674167633
13568,1.7931116819381714,,7.854602008266064e-05,0.8788881897926331,6.008118764171668,353.72734546661377
13569,2.057966947555542,,7.852657058502851e-05,0.9193788766860962,7.8300347461157545,353.92644786834717
13570,2.240114688873291,,7.850712299331413e-05,0.9311688542366028,9.394408659804718,354.1345648765564
13571,2.529073715209961,,7.848767730800219e-05,0.9862511157989502,12.541883398685908,354.3355464935303
13572,2.4454851150512695,,7.84682335295774e-05,0.95845627784729,11.536144598998327,354.533855676651
13573,2.405971050262451,,7.844879165852424e-05,0.945568323135376,11.089193219650381,354.73302364349365
13574,2.5218088626861572,,7.842935169532727e-05,0.9573708176612854,12.451098633675118,354.9292097091675
13575,2.22501540184021,,7.840991364047109e-05,0.9304242134094238,9.25362532566797,355.1255407333374
13576,1.7753039598464966,,7.839047749444001e-05,0.8254972696304321,5.9020748574632895,355.32392048835754
13577,2.4229633808135986,,7.837104325771849e-05,0.9373719692230225,11.279234505884297,355.52160358428955
13578,2.3151302337646484,,7.835161093079095e-05,0.9653673768043518,10.126241611439083,355.7182903289795
13579,2.2167601585388184,,7.833218051414155e-05,0.91423499584198,9.177548844161292,355.9159507751465
13580,1.7880001068115234,,7.831275200825458e-05,0.8763239979743958,5.977486170837705,356.11558985710144
13581,2.03998064994812,,7.829332541361441e-05,0.9417056441307068,7.690460386631779,356.31903171539307
13582,2.0521745681762695,,7.827390073070503e-05,0.8962941765785217,7.7848113163876285,356.5193073749542
13583,2.1599228382110596,,7.82544779600106e-05,0.9053345918655396,8.67046860378264,356.7171447277069
13584,2.1915769577026367,,7.823505710201519e-05,0.9271324872970581,8.9493146837113,356.91694688796997
13585,2.318336009979248,,7.821563815720287e-05,0.9796239733695984,10.158756165285993,357.1158323287964
13586,2.132305145263672,,7.819622112605751e-05,0.9350639581680298,8.434286676020111,357.31264662742615
13587,2.1876959800720215,,7.81768060090631e-05,0.9609729647636414,8.914649903742324,357.5086512565613
13588,2.095867156982422,,7.815739280670356e-05,0.8969782590866089,8.132490058976755,357.70502734184265
13589,1.9638036489486694,,7.81379815194626e-05,0.8862180113792419,7.1263818338871445,357.9027831554413
13590,2.0394928455352783,,7.811857214782405e-05,0.8871157169342041,7.686709860954253,358.1007432937622
13591,2.3680598735809326,,7.809916469227167e-05,0.9712278842926025,10.676658110688114,358.3066349029541
13592,2.1457467079162598,,7.807975915328911e-05,0.9513742923736572,8.548422029104398,358.5040547847748
13593,2.080479383468628,,7.806035553136004e-05,0.9406804442405701,8.008307044263537,358.7068712711334
13594,2.4418578147888184,,7.804095382696807e-05,0.9753575921058655,11.494375339287632,358.910781621933
13595,2.165497303009033,,7.802155404059666e-05,0.9798962473869324,8.718936792391004,359.11312985420227
13596,2.232853412628174,,7.800215617272935e-05,0.9318395256996155,9.32644033041616,359.3111848831177
13597,2.378844976425171,,7.798276022384962e-05,0.9349822402000427,10.792430150925094,359.51821517944336
13598,1.9438492059707642,,7.796336619444078e-05,0.8737125396728516,6.985588254403009,359.7152490615845
13599,2.28169584274292,,7.794397408498624e-05,0.9093435406684875,9.793274188294086,359.9144489765167
13600,2.0861692428588867,2.27864859369066,7.79245838959693e-05,0.9387759566307068,8.054003063980776,360.11014127731323
13601,2.4558610916137695,,7.790519562787319e-05,0.9748336672782898,11.656466514169933,364.490261554718
13602,2.426060199737549,,7.788580928118114e-05,0.9817045331001282,11.314218394174645,364.6899001598358
13603,1.9829063415527344,,7.78664248563763e-05,0.8890869617462158,7.263823488787781,364.8913495540619
13604,2.39819073677063,,7.784704235394182e-05,0.964468240737915,11.003250583886418,365.1356098651886
13605,2.252392530441284,,7.782766177436069e-05,0.9243059754371643,9.51046270969292,365.39647221565247
13606,2.4911751747131348,,7.780828311811596e-05,0.9684270620346069,12.07545855893894,365.67224860191345
13607,2.3146440982818604,,7.778890638569064e-05,0.9287532567977905,10.121320082446339,365.902592420578
13608,2.7236974239349365,,7.776953157756756e-05,0.9955592155456543,15.236554224433853,366.104896068573
13609,2.2090511322021484,,7.775015869422962e-05,0.9306195974349976,9.107070885671037,366.30392265319824
13610,1.923590064048767,,7.773078773615968e-05,0.8712937831878662,6.845490155884361,366.50323963165283
13611,2.3959312438964844,,7.771141870384047e-05,0.9647988080978394,10.97841688394902,366.70572566986084
13612,2.452495813369751,,7.769205159775477e-05,1.0059118270874023,11.617305192338659,366.9069287776947
13613,2.272213935852051,,7.767268641838526e-05,0.9544402360916138,9.70085412592681,367.1061534881592
13614,2.255302667617798,,7.76533231662145e-05,0.945366621017456,9.538179771455095,367.30305790901184
13615,2.1319923400878906,,7.763396184172509e-05,0.9198809266090393,8.431648800085961,367.49903106689453
13616,2.2347657680511475,,7.761460244539962e-05,0.9214328527450562,9.344292863912981,367.69994378089905
13617,2.339716911315918,,7.759524497772057e-05,0.9503796100616455,10.37829816806692,367.89707708358765
13618,2.0980589389801025,,7.757588943917031e-05,0.8985515832901001,8.150334252431838,368.0968916416168
13619,2.1502230167388916,,7.755653583023129e-05,0.9337513446807861,8.586773177807608,368.2949116230011
13620,2.021277666091919,,7.75371841513858e-05,0.9071398377418518,7.547962551337123,368.4925606250763
13621,2.154977798461914,,7.751783440311619e-05,0.9048140645027161,8.627698628662706,368.69270968437195
13622,2.165757656097412,,7.749848658590469e-05,0.9126637578010559,8.72120709003896,368.88799571990967
13623,1.7015448808670044,,7.747914070023356e-05,0.8562346696853638,5.482410523901938,369.0882987976074
13624,2.227792739868164,,7.745979674658482e-05,0.9247156977653503,9.279361493657191,369.28881669044495
13625,2.3027660846710205,,7.744045472544063e-05,0.95441734790802,10.001810080569566,369.4875428676605
13626,2.1324617862701416,,7.742111463728312e-05,0.9035505056381226,8.435607934652836,369.6850929260254
13627,2.3267998695373535,,7.740177648259415e-05,0.9356165528297424,10.245103350508586,369.88267159461975
13628,2.441098690032959,,7.738244026185578e-05,0.9516691565513611,11.485652985510649,370.08247470855713
13629,2.2495651245117188,,7.736310597554993e-05,0.9530832767486572,9.48361074961857,370.28304958343506
13630,2.1124391555786133,,7.734377362415837e-05,0.8931679725646973,8.26838458470434,370.4829738140106
13631,2.366144895553589,,7.732444320816291e-05,0.967549741268158,10.656232108915061,370.68322372436523
13632,2.366389513015747,,7.730511472804544e-05,0.9251123666763306,10.658839128217934,370.88030099868774
13633,1.9915188550949097,,7.728578818428766e-05,0.9060162305831909,7.326653440488678,371.0792021751404
13634,2.342634439468384,,7.726646357737111e-05,0.9316931366920471,10.408621358017944,371.2795832157135
13635,2.399956464767456,,7.724714090777753e-05,0.9460551142692566,11.02269649454055,371.4799294471741
13636,2.1849207878112793,,7.722782017598846e-05,0.950729250907898,8.889944333532078,371.67917680740356
13637,1.9416767358779907,,7.720850138248536e-05,0.9293531179428101,6.970428745591914,371.8779308795929
13638,2.138368844985962,,7.718918452774977e-05,0.9393836855888367,8.485585029521147,372.0755980014801
13639,2.333566904067993,,7.716986961226315e-05,0.9424267411231995,10.31466742443594,372.27454447746277
13640,2.479342222213745,,7.715055663650676e-05,0.9638848900794983,11.933412302132009,372.47242403030396
13641,2.0687265396118164,,7.7131245600962e-05,0.9131112694740295,7.91473759264694,372.66961908340454
13642,2.013087749481201,,7.711193650611018e-05,0.8728539347648621,7.486397816602137,372.8667161464691
13643,1.8571548461914062,,7.709262935243249e-05,0.8575401306152344,6.405486227402282,373.064475774765
13644,2.1687066555023193,,7.707332414041011e-05,0.8986976742744446,8.74696388427663,373.26373052597046
13645,2.0413715839385986,,7.70540208705242e-05,0.8969350457191467,7.701164752193117,373.46401166915894
13646,1.9916590452194214,,7.703471954325593e-05,0.8907948136329651,7.3276806369464715,373.67112970352173
13647,2.687997817993164,,7.701542015908617e-05,0.9638701677322388,14.702209931963536,373.8705880641937
13648,2.1226372718811035,,7.699612271849599e-05,0.9568386077880859,8.353137960183842,374.06654834747314
13649,2.2927606105804443,,7.69768272219664e-05,0.9206339120864868,9.902236201572414,374.26404428482056
13650,2.3659441471099854,,7.695753366997818e-05,0.9558205008506775,10.654093101612895,374.46407771110535
13651,2.0775647163391113,,7.693824206301221e-05,0.920221209526062,7.98499947835702,374.66423773765564
13652,2.2752363681793213,,7.691895240154932e-05,0.963785707950592,9.730218654835891,374.8656380176544
13653,2.2217888832092285,,7.689966468607023e-05,0.9467303156852722,9.223816446462891,375.06566309928894
13654,1.8426117897033691,,7.688037891705566e-05,0.8593609929084778,6.313004989278752,375.2669367790222
13655,1.9305613040924072,,7.68610950949863e-05,0.8651866316795349,6.893378437390083,375.4638321399689
13656,2.285531759262085,,7.684181322034267e-05,0.9548258781433105,9.830912513113994,375.66277718544006
13657,1.9783093929290771,,7.682253329360534e-05,0.9322041869163513,7.230508697258195,375.87416672706604
13658,2.5140435695648193,,7.68032553152549e-05,0.968807578086853,12.354786632527478,376.0716106891632
13659,2.2984158992767334,,7.678397928577171e-05,0.93709397315979,9.958394853051159,376.273677110672
13660,2.195349931716919,,7.676470520563618e-05,0.9277529120445251,8.983143993881727,376.4721210002899
13661,2.050095319747925,,7.674543307532873e-05,0.9568178057670593,7.76864157597226,376.6757743358612
13662,2.401926279067993,,7.672616289532965e-05,0.9986857771873474,11.044430558733552,376.87660121917725
13663,2.1895437240600586,,7.670689466611919e-05,0.9726459980010986,8.9311371218957,377.0744128227234
13664,2.0931060314178467,,7.668762838817757e-05,0.8996033668518066,8.110066204556382,377.27588295936584
13665,1.9335073232650757,,7.666836406198503e-05,0.8691110610961914,6.913716405743963,377.4744327068329
13666,2.1359641551971436,,7.664910168802156e-05,0.8815982937812805,8.465204344282347,377.6726951599121
13667,2.273292303085327,,7.66298412667673e-05,0.9104537963867188,9.711320851623729,377.87405228614807
13668,2.44245982170105,,7.661058279870228e-05,0.990297794342041,11.501297115963323,378.07165718078613
13669,2.3989176750183105,,7.659132628430642e-05,0.9386686086654663,11.011252175563813,378.27308559417725
13670,2.366565227508545,,7.657207172405966e-05,0.949248194694519,10.660712205287737,378.47026920318604
13671,2.10111141204834,,7.655281911844189e-05,0.9019583463668823,8.17525093764284,378.67287158966064
13672,2.4158523082733154,,7.653356846793292e-05,0.965321958065033,11.199311556848912,378.8709728717804
13673,2.074270009994507,,7.651431977301256e-05,0.9276893138885498,7.9587345413004105,379.0693244934082
13674,1.6801016330718994,,7.649507303416055e-05,0.8384807109832764,5.366101316769876,379.267315864563
13675,2.179687738418579,,7.647582825185648e-05,0.9154766798019409,8.84354432838361,379.4634552001953
13676,2.1009674072265625,,7.645658542658003e-05,0.9413413405418396,8.174073746851189,379.6636869907379
13677,2.53413724899292,,7.64373445588108e-05,0.9668434262275696,12.60555070371961,379.86271047592163
13678,2.3945653438568115,,7.641810564902837e-05,0.9547484517097473,10.963431700352922,380.0672721862793
13679,2.499971628189087,,7.639886869771208e-05,0.9670013189315796,12.182148326191532,380.2672324180603
13680,2.207650661468506,,7.637963370534148e-05,0.9168849587440491,9.09432562619102,380.46318459510803
13681,2.2170591354370117,,7.636040067239596e-05,0.9217321872711182,9.180293129466248,380.663432598114
13682,2.3058063983917236,,7.634116959935471e-05,0.9776700139045715,10.03226499377545,380.86208939552307
13683,1.9890636205673218,,7.632194048669719e-05,0.8912935256958008,7.308686853108238,381.06424736976624
13684,2.000084161758423,,7.630271333490262e-05,0.873660683631897,7.389678001054842,381.26378870010376
13685,2.360367774963379,,7.62834881444501e-05,0.919404149055481,10.594847255561861,381.4637978076935
13686,1.9913973808288574,,7.626426491581884e-05,0.8776140809059143,7.325763494693225,381.6613848209381
13687,2.4702701568603516,,7.624504364948797e-05,0.9457096457481384,11.825641198237369,381.8616404533386
13688,1.9540616273880005,,7.62258243459364e-05,0.9187914133071899,7.057293544626208,382.06172585487366
13689,2.5339908599853516,,7.620660700564323e-05,0.9330318570137024,12.603705524722496,382.2707178592682
13690,2.2834229469299316,,7.618739162908743e-05,0.9356022477149963,9.810202807685943,382.46994376182556
13691,2.0216243267059326,,7.616817821674778e-05,0.9150787591934204,7.550579586254979,382.6760640144348
13692,2.628864288330078,,7.614896676910321e-05,0.9743791818618774,13.858022243838558,382.872642993927
13693,2.0388898849487305,,7.612975728663245e-05,0.8724838495254517,7.682076474882837,383.07327675819397
13694,2.5224759578704834,,7.611054976981442e-05,0.9571053385734558,12.45940747269833,383.275018453598
13695,1.9259443283081055,,7.609134421912765e-05,0.8574180603027344,6.861625234362835,383.4762876033783
13696,2.187318801879883,,7.607214063505086e-05,0.9221234917640686,8.911288126242516,383.6730148792267
13697,2.4093000888824463,,7.605293901806268e-05,0.9963731169700623,11.12617108836912,383.8703420162201
13698,2.1974258422851562,,7.603373936864158e-05,0.901236891746521,9.00181156683677,384.068151473999
13699,2.480241060256958,,7.601454168726614e-05,0.9552324414253235,11.944143329099676,384.2680380344391
13700,2.1890242099761963,,7.599534597441481e-05,0.9348252415657043,8.926498475401392,384.46612215042114
13701,2.0645411014556885,,7.597615223056594e-05,0.9121547341346741,7.8816801760752755,384.6680631637573
13702,2.2967607975006104,,7.595696045619795e-05,0.949259340763092,9.941926328344223,384.8669753074646
13703,1.8065584897994995,,7.593777065178909e-05,0.8689050078392029,6.089454409633765,385.06694507598877
13704,2.4629688262939453,,7.591858281781766e-05,0.9889513850212097,11.739612726023253,385.2672657966614
13705,2.163741111755371,,7.589939695476188e-05,0.918527364730835,8.703638109493548,385.46355748176575
13706,2.60901141166687,,7.588021306309996e-05,1.0601632595062256,13.585613631850974,385.66352891921997
13707,1.9454177618026733,,7.586103114330988e-05,0.8765814900398254,6.996554137650487,385.8619077205658
13708,2.201901912689209,,7.584185119586979e-05,0.8790994882583618,9.042194620445946,386.06242322921753
13709,2.247455358505249,,7.582267322125769e-05,0.9356287717819214,9.463623641514795,386.2611265182495
13710,1.822571873664856,,7.580349721995158e-05,0.8826618790626526,6.187752119588536,386.46049332618713
13711,2.2555203437805176,,7.578432319242931e-05,0.9564715027809143,9.540256231816839,386.66336154937744
13712,2.647789716720581,,7.576515113916876e-05,0.9989847540855408,14.12278875869491,386.8631329536438
13713,2.252955436706543,,7.574598106064777e-05,0.9217058420181274,9.515817715779555,387.0622572898865
13714,2.056215286254883,,7.572681295734412e-05,0.9267137050628662,7.816331182772868,387.25942754745483
13715,2.368316650390625,,7.57076468297355e-05,0.9433090090751648,10.679399980905231,387.4601571559906
13716,2.2022922039031982,,7.568848267829963e-05,0.9234530925750732,9.04572439833733,387.6604096889496
13717,2.0059773921966553,,7.566932050351407e-05,0.8955260515213013,7.433355651197113,387.85817432403564
13718,1.8933905363082886,,7.56501603058564e-05,0.8906354904174805,6.641849981189717,388.0570936203003
13719,2.1504030227661133,,7.563100208580421e-05,0.9177911281585693,8.588318987857388,388.25693345069885
13720,2.544386148452759,,7.561184584383488e-05,0.9553953409194946,12.735408036208455,388.4549243450165
13721,2.194246530532837,,7.559269158042587e-05,0.9683034420013428,8.973237448614084,388.6548388004303
13722,2.355908155441284,,7.557353929605454e-05,0.9324215054512024,10.547703467719407,388.85569047927856
13723,2.3593058586120605,,7.555438899119825e-05,0.9508837461471558,10.583602385633787,389.0570023059845
13724,2.557905435562134,,7.553524066633426e-05,1.037002444267273,12.908750768827838,389.2561991214752
13725,2.0480706691741943,,7.551609432193979e-05,0.9216761589050293,7.752928703254273,389.4556589126587
13726,2.0644938945770264,,7.549694995849209e-05,0.9032433032989502,7.881308115337531,389.65584564208984
13727,2.1489524841308594,,7.547780757646815e-05,0.9342918992042542,8.575870330165815,389.85279655456543
13728,2.4950850009918213,,7.545866717634512e-05,0.9827101826667786,12.12276392175314,390.050537109375
13729,1.9306353330612183,,7.543952875860009e-05,0.8697923421859741,6.893888765976744,390.2471799850464
13730,2.275181293487549,,7.542039232370992e-05,0.9469808340072632,9.729682780799282,390.4479944705963
13731,2.1391348838806152,,7.540125787215159e-05,0.9538666009902954,8.492087808070298,390.64710783958435
13732,1.9944833517074585,,7.538212540440198e-05,0.8667090535163879,7.348405505826134,390.8420469760895
13733,2.13193941116333,,7.536299492093794e-05,0.9300585389137268,8.431202533793002,391.04165530204773
13734,1.9712965488433838,,7.534386642223623e-05,0.8737506866455078,7.179979650352579,391.2377746105194
13735,2.0292704105377197,,7.532473990877367e-05,0.942398190498352,7.608533227607038,391.43575978279114
13736,2.199559211730957,,7.53056153810268e-05,0.9304071068763733,9.02103625598114,391.6333792209625
13737,2.537332057952881,,7.52864928394723e-05,0.970122218132019,12.645887429810978,391.8311674594879
13738,2.3250930309295654,,7.526737228458683e-05,0.955015242099762,10.22763152760182,392.03433990478516
13739,2.41451096534729,,7.524825371684683e-05,0.9531089067459106,11.184299509918064,392.2318871021271
13740,1.5754867792129517,,7.522913713672882e-05,0.8195050358772278,4.833093695137773,392.42921113967896
13741,1.9765944480895996,,7.521002254470923e-05,0.8782750964164734,7.2181194001980105,392.634503364563
13742,2.323843240737915,,7.51909099412645e-05,0.9422916769981384,10.21485711836327,392.8365693092346
13743,2.0199620723724365,,7.517179932687086e-05,0.9018692970275879,7.538039028303276,393.0438621044159
13744,2.508549690246582,,7.515269070200461e-05,0.9899686574935913,12.287097035259585,393.2424831390381
13745,2.230807065963745,,7.513358406714213e-05,0.948981761932373,9.307374714438012,393.4442958831787
13746,2.1099047660827637,,7.511447942275945e-05,0.9194668531417847,8.247455809701336,393.6422469615936
13747,2.463035821914673,,7.509537676933279e-05,0.9455472230911255,11.740399255011639,393.8412067890167
13748,2.2191739082336426,,7.507627610733824e-05,0.9148604869842529,9.199727906467276,394.04954981803894
13749,2.474907159805298,,7.505717743725176e-05,0.969216525554657,11.88060406430205,394.2495274543762
13750,2.3945536613464355,,7.503808075954941e-05,0.967540442943573,10.963303620696475,394.44916129112244
13751,1.9041355848312378,,7.501898607470716e-05,0.8873922228813171,6.713601779449661,394.6503281593323
13752,2.2937352657318115,,7.499989338320078e-05,0.9183389544487,9.911892171952575,394.85035133361816
13753,2.2587661743164062,,7.49808026855062e-05,0.9350286722183228,9.571272596515243,395.0508451461792
13754,2.2633111476898193,,7.496171398209917e-05,0.9573888182640076,9.614872781402507,395.24894165992737
13755,2.4597373008728027,,7.494262727345547e-05,0.9352781772613525,11.701737100049318,395.4483299255371
13756,2.2695465087890625,,7.492354256005075e-05,0.943682074546814,9.675012286031174,395.6482033729553
13757,2.2601122856140137,,7.490445984236067e-05,0.9212160706520081,9.584165270229954,395.8481237888336
13758,2.620380163192749,,7.48853791208609e-05,0.9951316118240356,13.74094639430776,396.0475811958313
13759,2.187885046005249,,7.486630039602684e-05,0.9057479500770569,8.916335519687028,396.24777388572693
13760,2.4339375495910645,,7.484722366833404e-05,0.9663183689117432,11.40369641291843,396.4464797973633
13761,2.0553741455078125,,7.4828148938258e-05,0.9053661227226257,7.809759312443877,396.64752674102783
13762,2.358924388885498,,7.4809076206274e-05,0.9626791477203369,10.579565831686208,396.8438470363617
13763,2.4077537059783936,,7.479000547285747e-05,0.961546778678894,11.10897906376291,397.03984022140503
13764,2.339914321899414,,7.477093673848366e-05,0.9165189266204834,10.380347156203293,397.23740220069885
13765,2.182417869567871,,7.47518700036278e-05,0.9180917739868164,8.867721352430713,397.44449496269226
13766,2.0419516563415527,,7.473280526876515e-05,0.934714674949646,7.705633281246361,397.6566641330719
13767,2.3236424922943115,,7.471374253437085e-05,0.9371313452720642,10.212806707510406,397.856520652771
13768,2.3598082065582275,,7.469468180091991e-05,0.9778121709823608,10.588920372183235,398.05394530296326
13769,2.3543825149536133,,7.46756230688874e-05,0.9562785625457764,10.531623733322924,398.2544596195221
13770,2.09706449508667,,7.465656633874836e-05,0.9248983263969421,8.142233230978334,398.45843029022217
13771,2.4042084217071533,,7.463751161097774e-05,0.9753903746604919,11.069664307191719,398.6606590747833
13772,2.1646745204925537,,7.461845888605036e-05,0.9127629995346069,8.711765954060676,398.8586940765381
13773,2.132150888442993,,7.45994081644411e-05,0.8794944286346436,8.432985730115243,399.0553002357483
13774,1.9244186878204346,,7.458035944662475e-05,0.8922457098960876,6.85116484252167,399.25614285469055
13775,2.3050856590270996,,7.456131273307607e-05,0.9723135828971863,10.025036950558626,399.45585107803345
13776,2.0691542625427246,,7.454226802426974e-05,0.9022769927978516,7.9181236314990455,399.6556348800659
13777,2.142601490020752,,7.452322532068047e-05,0.9351273775100708,8.52157761705232,399.855012178421
13778,2.1989240646362305,,7.450418462278274e-05,0.9479813575744629,9.015308390222936,400.05618476867676
13779,2.452051877975464,,7.448514593105114e-05,1.0017423629760742,11.612149003969483,400.25710463523865
13780,2.2036311626434326,,7.446610924596023e-05,0.9292065501213074,9.057844362337365,400.4545795917511
13781,2.5215933322906494,,7.444707456798433e-05,1.0051639080047607,12.448415332638948,400.66134095191956
13782,2.31349778175354,,7.442804189759793e-05,0.9477853775024414,10.109724493324899,400.85870027542114
13783,2.389977216720581,,7.440901123527531e-05,0.9489282369613647,10.913245300692488,401.0550844669342
13784,2.2979400157928467,,7.438998258149082e-05,0.9182646870613098,9.953656944850115,401.25494170188904
13785,2.290294647216797,,7.437095593671865e-05,0.9980360269546509,9.877847732775233,401.4564301967621
13786,1.8093419075012207,,7.435193130143306e-05,0.8787890672683716,6.106427515494879,401.6580104827881
13787,1.9476385116577148,,7.433290867610819e-05,0.8983177542686462,7.012108999573448,401.8574321269989
13788,1.8771140575408936,,7.431388806121805e-05,0.8947560787200928,6.534619088988539,402.0573585033417
13789,2.24845552444458,,7.429486945723675e-05,0.9255109429359436,9.473093570504476,402.25951743125916
13790,2.2755348682403564,,7.42758528646383e-05,0.9373810291290283,9.733123559233745,402.4614448547363
13791,2.2243001461029053,,7.425683828389658e-05,0.9231885671615601,9.247008983533325,402.6662485599518
13792,2.536440134048462,,7.423782571548549e-05,0.9788440465927124,12.634613289104946,402.86868143081665
13793,2.0337066650390625,,7.421881515987897e-05,0.8535143733024597,7.642361597536305,403.07312655448914
13794,2.170457601547241,,7.419980661755064e-05,0.9371921420097351,8.762292762197674,403.27410101890564
13795,2.1720762252807617,,7.418080008897439e-05,0.9364601373672485,8.77648710177105,403.47271609306335
13796,2.187680721282959,,7.41617955746239e-05,0.9049311280250549,8.914513878017674,403.67391777038574
13797,2.2241158485412598,,7.414279307497274e-05,0.9359033703804016,9.245304939355563,403.87290358543396
13798,2.1687660217285156,,7.412379259049453e-05,0.9396139979362488,8.747483173927094,404.06894540786743
13799,2.0792806148529053,,7.410479412166289e-05,0.9163164496421814,7.998712688968773,404.2660348415375
13800,2.2422025203704834,2.2788581053415933,7.408579766895117e-05,0.9554485082626343,9.414043091662514,404.4642131328583
13801,2.8356502056121826,,7.40668032328329e-05,0.9895116090774536,17.04147716297809,408.60698223114014
13802,2.4805846214294434,,7.404781081378146e-05,0.9358302354812622,11.948247577976062,408.8023166656494
13803,2.418876886367798,,7.402882041227023e-05,0.9234156012535095,11.233236026999728,409.00203227996826
13804,2.122203826904297,,7.40098320287724e-05,0.9837151765823364,8.349518119052078,409.20222997665405
13805,2.332568645477295,,7.399084566376127e-05,0.962018609046936,10.304375856746876,409.40434670448303
13806,2.6083476543426514,,7.397186131771003e-05,0.9892265200614929,13.5765990733694,409.6047508716583
13807,2.266420841217041,,7.395287899109181e-05,0.9613249897956848,9.644818626123802,409.8044924736023
13808,2.1060445308685303,,7.393389868437969e-05,0.9203144311904907,8.215680060748054,410.0042748451233
13809,2.436065912246704,,7.39149203980468e-05,0.9545920491218567,11.427993461793683,410.2058641910553
13810,2.3359215259552,,7.3895944132566e-05,0.9544824957847595,10.338983182085988,410.4059021472931
13811,2.1018543243408203,,7.387696988841026e-05,0.9166237115859985,8.18132668865414,410.6089835166931
13812,2.265521287918091,,7.385799766605256e-05,0.9711125493049622,9.63614649881605,410.8104078769684
13813,2.5257389545440674,,7.38390274659656e-05,0.9736083149909973,12.500128878612033,411.0122549533844
13814,2.350984573364258,,7.382005928862225e-05,0.9454600214958191,10.49589862133146,411.2123599052429
13815,2.162379264831543,,7.38010931344952e-05,0.9270706176757812,8.691793154046756,411.4117693901062
13816,2.30336856842041,,7.378212900405719e-05,0.9011473655700684,10.007837824234059,411.61221194267273
13817,2.7778701782226562,,7.376316689778082e-05,1.0139915943145752,16.084726839316335,411.8091969490051
13818,2.1809237003326416,,7.37442068161387e-05,0.946824312210083,8.854481369849882,412.00778007507324
13819,2.25107479095459,,7.372524875960339e-05,0.9382649064064026,9.497938650979245,412.2055113315582
13820,2.052161693572998,,7.370629272864729e-05,0.9162935018539429,7.784711090675572,412.4115891456604
13821,2.3485119342803955,,7.368733872374286e-05,0.956088125705719,10.469978111419417,412.6205704212189
13822,2.1517040729522705,,7.366838674536257e-05,0.9428603649139404,8.59950009388814,412.8163642883301
13823,2.2057318687438965,,7.364943679397863e-05,0.9127901196479797,9.07689223122877,413.01620411872864
13824,2.1589972972869873,,7.363048887006338e-05,0.929654061794281,8.66244744278793,413.21427607536316
13825,2.6451618671417236,,7.361154297408907e-05,0.9779689908027649,14.085724914635566,413.4192190170288
13826,2.303661823272705,,7.359259910652783e-05,0.9712883234024048,10.010773101608128,413.6165225505829
13827,1.9933006763458252,,7.357365726785182e-05,0.8845881819725037,7.339719864846296,413.817941904068
13828,2.2741172313690186,,7.35547174585332e-05,0.9130109548568726,9.719335300084351,414.01896047592163
13829,2.249103546142578,,7.353577967904385e-05,0.928391695022583,9.47923433014318,414.21828389167786
13830,2.2657878398895264,,7.351684392985583e-05,0.9535948038101196,9.638715375016648,414.4176149368286
13831,2.3537330627441406,,7.349791021144108e-05,0.9586862921714783,10.5247861675964,414.62132954597473
13832,2.375556707382202,,7.347897852427143e-05,0.9623895883560181,10.757000020786114,414.81849217414856
13833,2.2321410179138184,,7.346004886881875e-05,0.9653306603431702,9.319798589672414,415.0141088962555
13834,2.1048688888549805,,7.344112124555478e-05,0.8611632585525513,8.206027037460439,415.2098939418793
13835,1.8808963298797607,,7.342219565495125e-05,0.8705306053161621,6.559381597769684,415.4096837043762
13836,1.9732856750488281,,7.340327209747988e-05,0.8867151141166687,7.1942757496888765,415.60895323753357
13837,2.2009470462799072,,7.338435057361224e-05,0.9997533559799194,9.033564653425035,415.8068964481354
13838,2.1385691165924072,,7.336543108382001e-05,0.9226137399673462,8.487284621450959,416.00330543518066
13839,2.1487669944763184,,7.334651362857455e-05,0.9070199728012085,8.574279742464226,416.2036588191986
13840,2.2934458255767822,,7.332759820834744e-05,0.9612498879432678,9.90902368749301,416.402028799057
13841,2.579063892364502,,7.330868482361012e-05,1.0332567691802979,13.184789998366135,416.60760045051575
13842,2.4924328327178955,,7.328977347483386e-05,0.9600288271903992,12.090654909959989,416.8057608604431
13843,2.29768967628479,,7.327086416249004e-05,0.915278971195221,9.951165463138341,417.0054714679718
13844,2.247422695159912,,7.325195688704998e-05,0.971933126449585,9.463314532955941,417.2047715187073
13845,2.2161078453063965,,7.323305164898474e-05,0.9397331476211548,9.171564159765671,417.4044830799103
13846,2.3108301162719727,,7.321414844876566e-05,0.9448214173316956,10.08279107091903,417.6010067462921
13847,1.856231451034546,,7.319524728686382e-05,0.9085096716880798,6.399574162448716,417.8049359321594
13848,2.195077896118164,,7.317634816375021e-05,0.9241687059402466,8.980700591287961,418.00555086135864
13849,2.5113654136657715,,7.31574510798959e-05,1.0120351314544678,12.321742855769514,418.2045214176178
13850,2.2671310901641846,,7.313855603577185e-05,0.980890154838562,9.651671281656016,418.40277886390686
13851,2.6778507232666016,,7.311966303184903e-05,0.9961898922920227,14.553779557204692,418.60242676734924
13852,2.3571388721466064,,7.310077206859817e-05,0.9878959059715271,10.560692693969255,418.7989056110382
13853,2.4133667945861816,,7.308188314649018e-05,0.9465912580490112,11.171510079476766,419.0077030658722
13854,2.2580010890960693,,7.306299626599583e-05,0.9712418913841248,9.563952557895583,419.2050712108612
13855,2.0897741317749023,,7.304411142758576e-05,0.890097975730896,8.083089245083164,419.41060042381287
13856,2.285184144973755,,7.302522863173067e-05,0.9336303472518921,9.827495741350859,419.6136722564697
13857,1.916826844215393,,7.300634787890117e-05,0.900078296661377,6.799348809008774,419.8154079914093
13858,2.0483455657958984,,7.298746916956779e-05,0.9223714470863342,7.755060250127205,420.02177143096924
13859,2.2131073474884033,,7.296859250420108e-05,0.9389368891716003,9.144086145992242,420.2209391593933
13860,2.4581711292266846,,7.294971788327153e-05,0.970186173915863,11.683424515261658,420.4194223880768
13861,1.9119679927825928,,7.293084530724944e-05,0.8753851056098938,6.766391914471507,420.6211726665497
13862,2.393939733505249,,7.29119747766052e-05,0.9816312789916992,10.956575009024705,420.82069396972656
13863,2.0182697772979736,,7.28931062918092e-05,0.9233224987983704,7.52529322985239,421.0256185531616
13864,2.0378258228302,,7.287423985333155e-05,0.8881434202194214,7.673906615703941,421.22495555877686
13865,2.1176488399505615,,7.285537546164255e-05,0.9245578050613403,8.31157265909473,421.42433762550354
13866,2.1664767265319824,,7.28365131172123e-05,0.9295880198478699,8.727480507455356,421.62443232536316
13867,2.2297098636627197,,7.281765282051094e-05,0.9665106534957886,9.297168241791386,421.82214522361755
13868,2.210333824157715,,7.279879457200847e-05,0.9335919618606567,9.118759947364895,422.02212619781494
13869,2.2515358924865723,,7.277993837217493e-05,0.9651974439620972,9.502319174897417,422.2241470813751
13870,2.6297338008880615,,7.276108422148031e-05,0.9903849363327026,13.870077208420419,422.42915630340576
13871,2.3516972064971924,,7.274223212039439e-05,0.9728385806083679,10.503381012232119,422.6318335533142
13872,1.9789127111434937,,7.272338206938705e-05,0.9073673486709595,7.234872311046227,422.8302562236786
13873,1.8566313982009888,,7.270453406892817e-05,0.8885982632637024,6.402134165900367,423.0328028202057
13874,2.1568658351898193,,7.268568811948738e-05,0.9288361072540283,8.644003427737214,423.2347011566162
13875,2.486760139465332,,7.26668442215344e-05,0.9917250871658325,12.022262501412834,423.4335286617279
13876,1.9384214878082275,,7.264800237553889e-05,0.9434003233909607,6.947775162393213,423.6335892677307
13877,2.0925028324127197,,7.262916258197044e-05,0.9163381457328796,8.105175695813568,423.8330993652344
13878,2.1193859577178955,,7.261032484129855e-05,0.9075932502746582,8.326023387309847,424.03139758110046
13879,2.1278960704803467,,7.259148915399275e-05,0.9358034729957581,8.397181135982756,424.2354247570038
13880,2.304556131362915,,7.257265552052252e-05,1.0191888809204102,10.019729821418691,424.4347333908081
13881,2.190295457839966,,7.255382394135713e-05,0.9718496203422546,8.937853483504876,424.6327795982361
13882,2.209132194519043,,7.253499441696595e-05,0.964183509349823,9.107809155859695,424.8287615776062
13883,2.3291471004486084,,7.251616694781833e-05,0.9343928694725037,10.26917921853891,425.0275831222534
13884,2.2046310901641846,,7.249734153438341e-05,0.9392591714859009,9.066906079969344,425.2295002937317
13885,1.9777487516403198,,7.247851817713037e-05,0.8697262406349182,7.226456111673346,425.4262385368347
13886,2.4360525608062744,,7.24596968765284e-05,0.9817900061607361,11.427840882638325,425.62666177749634
13887,2.10910701751709,,7.244087763304654e-05,0.9063458442687988,8.240879037312848,425.82396626472473
13888,1.74900221824646,,7.24220604471538e-05,0.8812748789787292,5.748863702054614,426.02120447158813
13889,2.3813183307647705,,7.240324531931924e-05,0.9828535318374634,10.819156693353634,426.22132110595703
13890,2.216322898864746,,7.238443225001168e-05,0.9374606013298035,9.173536749372465,426.4229247570038
13891,2.0458149909973145,,7.23656212397e-05,0.9414872527122498,7.7354603001260225,426.62959814071655
13892,2.2115135192871094,,7.234681228885313e-05,0.9469254612922668,9.12952365175744,426.8280382156372
13893,2.3611361980438232,,7.232800539793968e-05,0.9413723945617676,10.60299170951926,427.0251064300537
13894,2.1773388385772705,,7.230920056742844e-05,0.9305703043937683,8.822796105801995,427.2226130962372
13895,2.368163585662842,,7.229039779778809e-05,0.939045250415802,10.677765466550705,427.4199628829956
13896,2.491408348083496,,7.227159708948724e-05,1.0108239650726318,12.07827456260556,427.61793303489685
13897,2.3236753940582275,,7.225279844299443e-05,0.982145369052887,10.213142732393493,427.8156650066376
13898,1.7370517253875732,,7.223400185877819e-05,0.8798070549964905,5.680570826959113,428.0149459838867
13899,2.292328119277954,,7.221520733730703e-05,0.9656552076339722,9.897954496506872,428.2132155895233
13900,2.188263416290283,,7.219641487904924e-05,0.9090399742126465,8.91970983442903,428.4116439819336
13901,2.147150993347168,,7.217762448447326e-05,0.9347864389419556,8.560434886383222,428.60987520217896
13902,1.894195318222046,,7.215883615404743e-05,0.8819950222969055,6.647197373382115,428.8106360435486
13903,2.2543113231658936,,7.214004988823988e-05,0.9767085909843445,9.528728835198011,429.00972867012024
13904,1.907795786857605,,7.212126568751891e-05,0.9236063957214355,6.738219944531599,429.2078700065613
13905,2.3644495010375977,,7.210248355235268e-05,0.9494831562042236,10.638180897722519,429.4055142402649
13906,1.9407696723937988,,7.208370348320922e-05,0.8647095561027527,6.964108990850309,429.605685710907
13907,2.0178334712982178,,7.206492548055655e-05,0.9139538407325745,7.52201061543054,429.8035056591034
13908,2.0621418952941895,,7.204614954486283e-05,0.9225119352340698,7.862793066528485,430.0024116039276
13909,2.3044204711914062,,7.202737567659586e-05,0.9772940278053284,10.018370635348438,430.19991970062256
13910,2.0795955657958984,,7.200860387622358e-05,0.917862594127655,8.001232287827085,430.3972978591919
13911,1.8691691160202026,,7.198983414421384e-05,0.8751459121704102,6.4829076167889115,430.5990467071533
13912,2.122364044189453,,7.197106648103448e-05,0.8881352543830872,8.350855963347506,430.7993083000183
13913,2.1575143337249756,,7.195230088715313e-05,0.9309437870979309,8.649610869310292,431.00287437438965
13914,2.0064539909362793,,7.193353736303751e-05,0.8815624117851257,7.436899223495621,431.20227432250977
13915,2.47505521774292,,7.191477590915534e-05,0.9821382164955139,11.882363212262211,431.40274715423584
13916,2.126455545425415,,7.18960165259741e-05,0.9366532564163208,8.385093494531025,431.6044614315033
13917,2.234708070755005,,7.187725921396136e-05,0.9362618327140808,9.343753739033543,431.8039789199829
13918,2.02555775642395,,7.18585039735846e-05,0.8795068860054016,7.580337747838518,432.00161123275757
13919,2.1979422569274902,,7.183975080531126e-05,0.9327123761177063,9.006461434663994,432.1993260383606
13920,1.9661014080047607,,7.18209997096087e-05,0.8871282339096069,7.142775369267573,432.3990013599396
13921,2.5148611068725586,,7.180225068694434e-05,1.0017368793487549,12.364891261421478,432.5987102985382
13922,2.059295892715454,,7.178350373778529e-05,0.8992530107498169,7.8404473502510115,432.79700469970703
13923,1.947803020477295,,7.176475886259887e-05,0.8571017384529114,7.013262648237822,432.99976897239685
13924,1.993613600730896,,7.17460160618523e-05,0.9002218246459961,7.342017001567898,433.2013442516327
13925,2.2871031761169434,,7.172727533601257e-05,0.9647451043128967,9.846373119082669,433.40028524398804
13926,1.925197720527649,,7.170853668554683e-05,0.9292123913764954,6.856504203514902,433.5998511314392
13927,2.3842735290527344,,7.168980011092208e-05,0.9727845788002014,10.8511767361758,433.80043864250183
13928,2.0282201766967773,,7.167106561260527e-05,0.9186863303184509,7.6005466831351995,434.00423192977905
13929,1.9549812078475952,,7.165233319106335e-05,0.8478131890296936,7.063786278705628,434.20300126075745
13930,2.059558153152466,,7.163360284676315e-05,0.8859636187553406,7.842503859058118,434.40519404411316
13931,2.207347869873047,,7.161487458017153e-05,0.967422604560852,9.09157235767936,434.60990142822266
13932,2.3745203018188477,,7.159614839175517e-05,0.9701167345046997,10.745857181367361,434.8091402053833
13933,2.1495554447174072,,7.157742428198081e-05,0.9687660932540894,8.581042801211629,435.00749349594116
13934,2.473771095275879,,7.155870225131516e-05,0.9792876839637756,11.867114595340968,435.20762872695923
13935,2.3922276496887207,,7.153998230022469e-05,0.9823428392410278,10.937832483232944,435.4045925140381
13936,2.0806796550750732,,7.152126442917606e-05,0.897558867931366,8.00991104139238,435.60282802581787
13937,2.583409309387207,,7.150254863863572e-05,0.9661839008331299,13.242208071651945,435.8053460121155
13938,2.260577440261841,,7.148383492907014e-05,0.9251887798309326,9.588624426269122,436.0069625377655
13939,2.5385265350341797,,7.14651233009457e-05,0.9937906861305237,12.661001677532772,436.2065906524658
13940,1.9080191850662231,,7.144641375472881e-05,0.9103149771690369,6.739725418950365,436.4064679145813
13941,1.728779673576355,,7.142770629088563e-05,0.8484175205230713,5.63377466773054,436.6072692871094
13942,2.4760990142822266,,7.14090009098825e-05,0.9867889881134033,11.894772457098695,436.80619859695435
13943,2.284532308578491,,7.139029761218555e-05,0.9185066819190979,9.82109190930449,437.00316643714905
13944,2.3957784175872803,,7.137159639826101e-05,0.940528929233551,10.97673922121451,437.211731672287
13945,2.4034388065338135,,7.135289726857483e-05,0.9467604756355286,11.06114820305895,437.4085285663605
13946,2.0318877696990967,,7.133420022359311e-05,0.8967812061309814,7.628473575898036,437.6048355102539
13947,2.3236217498779297,,7.131550526378184e-05,0.969488799571991,10.212594871418256,437.803995847702
13948,2.199951171875,,7.129681238960691e-05,0.9632325768470764,9.024572835705323,438.00396847724915
13949,2.1231651306152344,,7.127812160153423e-05,0.9063358902931213,8.35754840095596,438.2074553966522
13950,2.229635238647461,,7.125943290002966e-05,0.9787885546684265,9.296474466356301,438.40853095054626
13951,2.354328155517578,,7.124074628555887e-05,0.9274982213973999,10.531051255756166,438.61190724372864
13952,2.1242737770080566,,7.122206175858763e-05,0.9503424167633057,8.366819104860188,438.81256103515625
13953,2.4206132888793945,,7.120337931958166e-05,0.94752037525177,11.25275839068589,439.01214146614075
13954,2.2027130126953125,,7.118469896900647e-05,0.956929087638855,9.049531719716164,439.2108132839203
13955,2.396395683288574,,7.116602070732767e-05,0.9815175533294678,10.983516877439975,439.4093818664551
13956,2.0813770294189453,,7.114734453501086e-05,0.9020216464996338,8.015498896036116,439.60985469818115
13957,2.18064022064209,,7.112867045252134e-05,0.962793231010437,8.85197165995386,439.8070194721222
13958,2.31510329246521,,7.110999846032455e-05,0.9138822555541992,10.125968801006593,440.00564908981323
13959,2.1863698959350586,,7.109132855888595e-05,0.9324049353599548,8.902836162656923,440.20693922042847
13960,2.469050168991089,,7.107266074867081e-05,0.974138081073761,11.811222856318704,440.4101905822754
13961,1.9321348667144775,,7.105399503014431e-05,0.8774716258049011,6.904234138861999,440.61297607421875
13962,2.5938265323638916,,7.10353314037717e-05,0.9873749017715454,13.380876119824594,440.81137681007385
13963,2.180931806564331,,7.101666987001816e-05,0.9514694809913635,8.854553146618274,441.0141131877899
13964,2.0450263023376465,,7.099801042934871e-05,0.9221295714378357,7.729361835521058,441.2141168117523
13965,1.9836095571517944,,7.09793530822284e-05,0.8998456597328186,7.268933319219577,441.4152567386627
13966,2.4096555709838867,,7.09606978291223e-05,0.9330955147743225,11.130126946125255,441.6171085834503
13967,2.206223249435425,,7.094204467049525e-05,0.941196620464325,9.081353536820226,441.815021276474
13968,1.9417847394943237,,7.092339360681215e-05,0.8940898776054382,6.971181617759555,442.013400554657
13969,2.547337055206299,,7.09047446385379e-05,0.9886705279350281,12.773044541389163,442.2119541168213
13970,1.97360360622406,,7.088609776613721e-05,0.8960518836975098,7.196563397870985,442.41623187065125
13971,2.297633647918701,,7.086745299007484e-05,0.9279302954673767,9.950607931215709,442.619060754776
13972,2.389533042907715,,7.084881031081553e-05,0.983223557472229,10.908398999296297,442.82541584968567
13973,2.2320430278778076,,7.083016972882378e-05,0.9411060810089111,9.318885387016111,443.0264799594879
13974,2.135044813156128,,7.081153124456423e-05,0.9131239056587219,8.457425502298975,443.22623205184937
13975,2.057575225830078,,7.079289485850138e-05,0.8781641721725464,7.826968152059535,443.42584347724915
13976,2.219395399093628,,7.077426057109978e-05,0.9694593548774719,9.201765787790622,443.62316060066223
13977,1.9078463315963745,,7.075562838282372e-05,0.9226129651069641,6.738560534705915,443.82153058052063
13978,2.4303476810455322,,7.07369982941376e-05,1.0071115493774414,11.362832034621494,444.0215585231781
13979,2.4836947917938232,,7.071837030550576e-05,1.010769009590149,11.985466512110273,444.2223975658417
13980,2.3678295612335205,,7.069974441739246e-05,0.982530951499939,10.674199427639525,444.42294430732727
13981,2.574031114578247,,7.068112063026188e-05,1.0348231792449951,13.118600578176176,444.6263358592987
13982,2.1302061080932617,,7.066249894457823e-05,0.940065860748291,8.416601362340035,444.8263683319092
13983,2.1013786792755127,,7.064387936080552e-05,0.9184272885322571,8.177436206304726,445.0355522632599
13984,2.501638650894165,,7.062526187940786e-05,0.9903318285942078,12.202473180337755,445.2360785007477
13985,2.09134578704834,,7.060664650084926e-05,0.9109368920326233,8.095803063173454,445.43574500083923
13986,2.137850284576416,,7.058803322559359e-05,0.9061998128890991,8.481185881783507,445.63834619522095
13987,2.193239450454712,,7.05694220541048e-05,0.9243534207344055,8.964205228791004,445.83684492111206
13988,2.3034861087799072,,7.05508129868467e-05,0.9465240836143494,10.009014218225241,446.03348660469055
13989,2.1288466453552246,,7.05322060242831e-05,0.9234129786491394,8.405167080408145,446.23144268989563
13990,2.1141459941864014,,7.051360116687772e-05,0.9123728275299072,8.282509433727215,446.4292290210724
13991,2.149036169052124,,7.049499841509426e-05,0.9371091723442078,8.57658803122913,446.6379680633545
13992,2.1551942825317383,,7.047639776939638e-05,0.8801096081733704,8.629566590159714,446.8350262641907
13993,2.7921345233917236,,7.045779923024758e-05,1.0432459115982056,16.315809135510868,447.0330011844635
13994,2.3911523818969727,,7.04392027981114e-05,0.9962625503540039,10.926077705151895,447.23201990127563
13995,2.675614833831787,,7.04206084734514e-05,1.011260986328125,14.521275266797163,447.431893825531
13996,2.199345588684082,,7.040201625673087e-05,0.9371532797813416,9.019109360552132,447.63845467567444
13997,2.161675453186035,,7.038342614841324e-05,0.9485006928443909,8.685677921043126,447.84351563453674
13998,1.9963910579681396,,7.03648381489618e-05,0.8966906070709229,7.362437485207481,448.05206394195557
13999,2.035883665084839,,7.034625225883984e-05,0.8850427865982056,7.659017142066575,448.2698290348053
14000,2.1669976711273193,2.2712739414638943,7.032766847851056e-05,0.9608624577522278,8.732028225708397,448.4803764820099
14001,2.0049636363983154,,7.030908680843718e-05,0.8713306188583374,7.425823862147036,452.92256569862366
14002,1.9812283515930176,,7.02905072490827e-05,0.8991199135780334,7.2516450863804325,453.11997652053833
14003,2.1642725467681885,,7.027192980091018e-05,0.9101465940475464,8.70826475679612,453.34980297088623
14004,2.292722225189209,,7.025335446438267e-05,0.9534982442855835,9.901856107656785,453.6212537288666
14005,2.1026573181152344,,7.023478123996315e-05,0.9511887431144714,8.187898881413366,453.8961429595947
14006,2.241069793701172,,7.021621012811439e-05,0.9884432554244995,9.4033855911436,454.14931201934814
14007,2.528296709060669,,7.019764112929931e-05,0.9849123358726501,12.532142063190319,454.34846687316895
14008,2.489727020263672,,7.017907424398072e-05,0.9597002267837524,12.057984085819394,454.546523809433
14009,2.152250289916992,,7.016050947262128e-05,0.9203816056251526,8.604198569804359,454.75240421295166
14010,2.2286322116851807,,7.014194681568374e-05,0.9760160446166992,9.287154526669163,454.95274353027344
14011,2.1897189617156982,,7.012338627363075e-05,0.9496907591819763,8.932702330564881,455.15180683135986
14012,2.3209800720214844,,7.010482784692479e-05,0.9442281126976013,10.185652088434447,455.3504464626312
14013,2.1441993713378906,,7.008627153602845e-05,0.9254647493362427,8.535204971267031,455.54863595962524
14014,2.1748814582824707,,7.006771734140425e-05,0.9604727029800415,8.801141757887532,455.7483549118042
14015,2.0609617233276367,,7.004916526351447e-05,0.9208729267120361,7.853519092091291,455.9486894607544
14016,2.539599657058716,,7.003061530282157e-05,0.9662190675735474,12.674595770041089,456.1463212966919
14017,2.2330985069274902,,7.001206745978788e-05,0.9677668809890747,9.328726467922252,456.34346103668213
14018,2.14003849029541,,6.99935217348756e-05,0.9760075211524963,8.49976478104733,456.54525208473206
14019,2.094014883041382,,6.997497812854697e-05,0.9930076599121094,8.117440401911391,456.7451903820038
14020,1.985641360282898,,6.995643664126409e-05,0.9075588583946228,7.283717374756524,456.9497272968292
14021,2.106891393661499,,6.993789727348921e-05,0.9102505445480347,8.222640561388951,457.1480553150177
14022,2.3116085529327393,,6.991936002568424e-05,0.9703521132469177,10.090642940826683,457.34628987312317
14023,2.1782150268554688,,6.99008248983112e-05,0.9368196129798889,8.830529923976473,457.54514241218567
14024,2.197396993637085,,6.988229189183214e-05,0.930424153804779,9.001551880488693,457.74329257011414
14025,1.873860478401184,,6.98637610067088e-05,0.8681348562240601,6.513392738165566,457.9520757198334
14026,2.2315187454223633,,6.984523224340306e-05,0.9109941124916077,9.314000939430372,458.17204451560974
14027,2.158190965652466,,6.982670560237681e-05,0.9291608333587646,8.655465452660476,458.39332032203674
14028,2.2379560470581055,,6.980818108409164e-05,0.9249588251113892,9.37415136842697,458.6022398471832
14029,2.0747203826904297,,6.978965868900931e-05,0.8995256423950195,7.962319745310308,458.8244643211365
14030,1.9498344659805298,,6.97711384175914e-05,0.8875107169151306,7.027524189975497,459.0550310611725
14031,1.9705021381378174,,6.975262027029951e-05,0.8960870504379272,7.1742780626535945,459.264865398407
14032,2.3251845836639404,,6.973410424759518e-05,0.9568130373954773,10.228567938099168,459.50231075286865
14033,2.470801830291748,,6.97155903499399e-05,0.9538972973823547,11.831930249184202,459.7133460044861
14034,2.3575525283813477,,6.969707857779501e-05,0.9407272934913635,10.56506209399778,459.917932510376
14035,2.134249687194824,,6.967856893162189e-05,0.9292676448822021,8.45070345650702,460.1312747001648
14036,2.592944860458374,,6.966006141188187e-05,0.9849942326545715,13.369083776531317,460.339736700058
14037,2.4535374641418457,,6.964155601903625e-05,0.9592303037643433,11.629412672049957,460.5443756580353
14038,2.3527610301971436,,6.962305275354613e-05,0.9548370242118835,10.514560703438422,460.7454237937927
14039,2.5371687412261963,,6.960455161587271e-05,0.9885476231575012,12.643822313508528,460.9405553340912
14040,2.266314744949341,,6.95860526064771e-05,0.9064078330993652,9.643795401146061,461.1392402648926
14041,1.8143703937530518,,6.956755572582032e-05,0.8372386693954468,6.137210934438889,461.34191846847534
14042,2.405019998550415,,6.95490609743634e-05,0.9506700038909912,11.078651836948323,461.53898072242737
14043,2.112701177597046,,6.953056835256729e-05,0.937008798122406,8.270551367382389,461.73988580703735
14044,2.1935653686523438,,6.951207786089276e-05,0.8977619409561157,8.967127302555014,461.9388380050659
14045,2.515986442565918,,6.949358949980075e-05,0.9904632568359375,12.378813747168277,462.14281249046326
14046,2.060218334197998,,6.947510326975202e-05,0.910944402217865,7.847683040866104,462.33865308761597
14047,1.9449716806411743,,6.945661917120727e-05,0.8703725337982178,6.993433802667343,462.54000782966614
14048,2.654313802719116,,6.943813720462717e-05,1.006380558013916,14.215228260846274,462.74266481399536
14049,2.3916823863983154,,6.941965737047235e-05,0.9780635833740234,10.931870110382476,462.9402861595154
14050,2.2360668182373047,,6.940117966920338e-05,0.9205015897750854,9.356458170003911,463.1389310359955
14051,2.2803149223327637,,6.938270410128076e-05,0.9174120426177979,9.779759789387453,463.33975481987
14052,2.211106777191162,,6.936423066716497e-05,0.9003942608833313,9.125811045260182,463.5390884876251
14053,2.1162641048431396,,6.934575936731644e-05,0.9653194546699524,8.3000712976431,463.7424268722534
14054,2.133659601211548,,6.932729020219545e-05,0.8839693665504456,8.445718285832834,463.94316267967224
14055,2.1754207611083984,,6.930882317226235e-05,0.9540557265281677,8.805889518634272,464.14200472831726
14056,2.5996007919311523,,6.929035827797742e-05,0.9801508784294128,13.458364274836843,464.3427278995514
14057,2.165839910507202,,6.927189551980074e-05,0.9394297003746033,8.721924477284537,464.54069924354553
14058,2.2494826316833496,,6.925343489819254e-05,0.9438440203666687,9.482828452012098,464.7401340007782
14059,2.2090580463409424,,6.923497641361288e-05,0.9340378642082214,9.10713385344083,464.9430356025696
14060,2.1814076900482178,,6.92165200665218e-05,0.8874847292900085,8.8587678850006,465.14298725128174
14061,2.168957233428955,,6.919806585737927e-05,0.9313917756080627,8.749155954981905,465.3465690612793
14062,2.0711357593536377,,6.91796137866453e-05,0.9330262541770935,7.9338289230771855,465.548015832901
14063,2.566882610321045,,6.916116385477964e-05,0.9821603298187256,13.025156596369378,465.7474582195282
14064,1.9439849853515625,,6.914271606224213e-05,0.8779708743095398,6.986536817646911,465.95062804222107
14065,2.1555376052856445,,6.912427040949265e-05,0.9462695121765137,8.632529825370396,466.14749217033386
14066,1.8151981830596924,,6.910582689699076e-05,0.8542596101760864,6.142293355319623,466.3462529182434
14067,2.379035234451294,,6.908738552519621e-05,0.9727806448936462,10.79448369272789,466.54784989356995
14068,2.469175338745117,,6.906894629456858e-05,0.9920602440834045,11.812701356708239,466.74759793281555
14069,1.9908089637756348,,6.90505092055675e-05,0.8642546534538269,7.3214541584928625,466.9556496143341
14070,2.2671239376068115,,6.903207425865234e-05,0.9750862717628479,9.651602247770313,467.15608048439026
14071,2.4088780879974365,,6.901364145428257e-05,0.9828321933746338,11.121476824884395,467.3557388782501
14072,2.54479718208313,,6.899521079291772e-05,0.9844037890434265,12.740643793170216,467.5561172962189
14073,2.3085780143737793,,6.897678227501698e-05,0.9157247543334961,10.060109148596107,467.75607442855835
14074,2.1258769035339355,,6.89583559010397e-05,0.9237284660339355,8.380242931675891,467.96085476875305
14075,2.0980138778686523,,6.893993167144516e-05,0.8824061751365662,8.14996699758625,468.16080498695374
14076,2.0289700031280518,,6.892150958669244e-05,0.9710879921913147,7.606247911128948,468.35987854003906
14077,2.3608310222625732,,6.89030896472407e-05,0.9491979479789734,10.599756426930774,468.5604739189148
14078,1.8258123397827148,,6.888467185354909e-05,0.8614334464073181,6.207835843416771,468.7614052295685
14079,2.334899663925171,,6.88662562060765e-05,0.9464666247367859,10.328423563898406,468.96114349365234
14080,1.7861486673355103,,6.884784270528197e-05,0.8958958983421326,5.966429455551647,469.15777373313904
14081,2.342231273651123,,6.882943135162441e-05,0.9481926560401917,10.404425803490497,469.35804295539856
14082,2.1392030715942383,,6.881102214556265e-05,0.9145403504371643,8.492666883864521,469.5557267665863
14083,2.5194509029388428,,6.879261508755553e-05,0.9666025638580322,12.42177403099044,469.7517876625061
14084,1.879400610923767,,6.877421017806179e-05,0.8689977526664734,6.549577939960424,469.9499726295471
14085,2.2576229572296143,,6.875580741754019e-05,0.9426177740097046,9.560336806322706,470.1488690376282
14086,2.166799306869507,,6.873740680644926e-05,0.9323136210441589,8.730296275194425,470.34677934646606
14087,2.2189254760742188,,6.871900834524763e-05,0.9232372641563416,9.19744268207073,470.544007062912
14088,2.11116099357605,,6.870061203439391e-05,0.9264425039291382,8.257823000851042,470.74763917922974
14089,2.0879034996032715,,6.86822178743465e-05,0.8911060094833374,8.067982891915356,470.94682240486145
14090,2.159914255142212,,6.866382586556382e-05,1.0008928775787354,8.670394184873043,471.14769530296326
14091,2.3455092906951904,,6.864543600850432e-05,0.9496840238571167,10.438587649574727,471.3535575866699
14092,1.7903716564178467,,6.862704830362625e-05,0.8634961843490601,5.991678898539904,471.55138897895813
14093,1.897451400756836,,6.860866275138794e-05,0.8629891276359558,6.668876471968412,471.7502951622009
14094,2.2473247051239014,,6.859027935224764e-05,0.9678588509559631,9.462387267856188,471.9489562511444
14095,1.8321226835250854,,6.85718981066634e-05,0.8307967185974121,6.2471332812520615,472.14685559272766
14096,2.0414347648620605,,6.855351901509337e-05,0.9028077721595764,7.701651334265084,472.3464126586914
14097,2.2975823879241943,,6.853514207799568e-05,0.9640510082244873,9.950097876180635,472.5435531139374
14098,2.1421658992767334,,6.851676729582823e-05,0.8962315320968628,8.517866505039596,472.74335765838623
14099,2.145982265472412,,6.8498394669049e-05,0.8989210724830627,8.55043591168985,472.947292804718
14100,1.9570995569229126,,6.848002419811588e-05,0.9044411182403564,7.0787657040617304,473.1442811489105
14101,2.1532411575317383,,6.846165588348674e-05,0.9282688498497009,8.612728416794697,473.34503078460693
14102,2.0182297229766846,,6.844328972561935e-05,0.8924728631973267,7.524991815376083,473.545893907547
14103,1.8084628582000732,,6.842492572497143e-05,0.8785648345947266,6.101062023266478,473.7434377670288
14104,2.112597703933716,,6.840656388200073e-05,0.9514595866203308,8.269695627408685,473.93986225128174
14105,2.1647861003875732,,6.838820419716476e-05,0.9200451970100403,8.712738066224343,474.13871002197266
14106,2.381537914276123,,6.836984667092115e-05,1.01510488986969,10.821532662622523,474.3373079299927
14107,2.305612564086914,,6.835149130372746e-05,0.9230788350105286,10.030320585117353,474.53707790374756
14108,1.8887758255004883,,6.833313809604106e-05,0.8647915720939636,6.611270376581129,474.7345952987671
14109,2.087204694747925,,6.831478704831942e-05,0.8852828145027161,8.062346915750737,474.9332866668701
14110,2.1917948722839355,,6.829643816101986e-05,0.9071374535560608,8.951265082375949,475.13199639320374
14111,1.98562490940094,,6.827809143459972e-05,0.9183784127235413,7.283597552167373,475.33623218536377
14112,2.314431667327881,,6.825974686951624e-05,0.963729977607727,10.119170229121472,475.5341773033142
14113,2.0854225158691406,,6.824140446622661e-05,0.9432469010353088,8.047991167419468,475.7352683544159
14114,1.8438135385513306,,6.822306422518801e-05,0.8952698111534119,6.320596196200277,475.9332821369171
14115,2.129216194152832,,6.820472614685745e-05,0.9301857948303223,8.408273773798447,476.1346278190613
14116,1.9558207988739014,,6.818639023169197e-05,0.8901469707489014,7.069719460651602,476.3313374519348
14117,2.474149465560913,,6.816805648014867e-05,0.9445917010307312,11.871605608452318,476.5318295955658
14118,2.568129777908325,,6.81497248926843e-05,1.00443434715271,13.0414112835482,476.73932099342346
14119,2.0096073150634766,,6.813139546975582e-05,0.8877774477005005,7.460387190372308,476.9384458065033
14120,1.7812882661819458,,6.811306821182009e-05,0.8382698893547058,5.937500574875821,477.13803577423096
14121,2.3742926120758057,,6.809474311933374e-05,0.9288666248321533,10.74341073843252,477.33843874931335
14122,2.216993808746338,,6.807642019275362e-05,0.9187577366828918,9.17969343088506,477.53857040405273
14123,2.219538927078247,,6.805809943253636e-05,0.9175761938095093,9.203086593473103,477.74841713905334
14124,2.5056910514831543,,6.803978083913848e-05,0.9798840284347534,12.252022819525939,477.9453730583191
14125,2.3268308639526367,,6.802146441301659e-05,0.9647805690765381,10.2454208964175,478.1449100971222
14126,1.9730650186538696,,6.800315015462722e-05,0.8956426382064819,7.192688461866657,478.3452696800232
14127,2.113523244857788,,6.798483806442671e-05,0.8997519612312317,8.277353112252639,478.5467863082886
14128,2.0460689067840576,,6.79665281428715e-05,0.8902825713157654,7.737424705000099,478.7608861923218
14129,1.8317179679870605,,6.79482203904179e-05,0.9083192348480225,6.244605480899569,478.9666452407837
14130,2.003633499145508,,6.792991480752226e-05,0.8717664480209351,7.415953063409103,479.16492676734924
14131,2.1731739044189453,,6.79116113946407e-05,0.9685677289962769,8.78612615789677,479.3637475967407
14132,1.9711090326309204,,6.789331015222943e-05,0.8755848407745361,7.178633413987498,479.5677762031555
14133,2.3749659061431885,,6.787501108074457e-05,0.9687106609344482,10.75064664882058,479.76571559906006
14134,2.0589003562927246,,6.785671418064219e-05,0.9312699437141418,7.837346780987955,479.9637784957886
14135,2.64815354347229,,6.783841945237828e-05,1.0245749950408936,14.127927941883533,480.1631898880005
14136,1.9530267715454102,,6.782012689640885e-05,0.9258190989494324,7.04999404078721,480.3623046875
14137,2.2041847705841064,,6.78018365131897e-05,0.9631754755973816,9.062860245189926,480.5607669353485
14138,2.111344814300537,,6.778354830317673e-05,0.9052217602729797,8.259341099382457,480.7619581222534
14139,2.082305431365967,,6.776526226682577e-05,0.8992617726325989,8.022943956287,480.9609286785126
14140,2.2658185958862305,,6.774697840459244e-05,0.9913382530212402,9.639011827873782,481.16025280952454
14141,2.146235704421997,,6.77286967169325e-05,0.9129498600959778,8.552603199811813,481.3607394695282
14142,2.0288963317871094,,6.771041720430158e-05,0.9416853785514832,7.605687569286616,481.5591456890106
14143,2.3071377277374268,,6.769213986715523e-05,0.9313212037086487,10.045630137295348,481.75857758522034
14144,2.699720859527588,,6.767386470594898e-05,1.0249472856521606,14.87557876918576,481.9602565765381
14145,2.2170796394348145,,6.765559172113829e-05,0.9060665369033813,9.180481364106178,482.15871143341064
14146,2.1306092739105225,,6.763732091317863e-05,0.9250410199165344,8.41999533242723,482.35644721984863
14147,2.3840129375457764,,6.761905228252525e-05,0.9706036448478699,10.848349380086345,482.5551862716675
14148,2.197126626968384,,6.76007858296335e-05,0.9632556438446045,8.999118489862306,482.7581396102905
14149,1.7241928577423096,,6.75825215549587e-05,0.8839705586433411,5.607992754524876,482.9639849662781
14150,2.597886085510254,,6.75642594589559e-05,1.0207774639129639,13.435306905159381,483.1645174026489
14151,1.7375824451446533,,6.754599954208032e-05,0.888692319393158,5.683586418274636,483.36822390556335
14152,1.777564525604248,,6.752774180478706e-05,0.848833441734314,5.915431977421676,483.56664276123047
14153,2.15851092338562,,6.75094862475311e-05,0.9066140055656433,8.65823527885613,483.7672154903412
14154,2.1526968479156494,,6.749123287076745e-05,0.9346451759338379,8.60804170152448,483.96932339668274
14155,2.3903636932373047,,6.747298167495109e-05,0.9326539635658264,10.917463828850975,484.16607213020325
14156,2.0318524837493896,,6.745473266053677e-05,0.9003801941871643,7.62820440271214,484.36415791511536
14157,2.2198703289031982,,6.743648582797935e-05,0.9521641731262207,9.206137018595673,484.5682363510132
14158,2.0617542266845703,,6.741824117773367e-05,0.9146749377250671,7.859745499233916,484.77075934410095
14159,2.477872610092163,,6.739999871025428e-05,0.9876024723052979,11.915887695102496,484.9780559539795
14160,2.255340099334717,,6.738175842599591e-05,0.92862868309021,9.538536808582437,485.17969703674316
14161,2.452864170074463,,6.736352032541318e-05,0.9461310505867004,11.621585292850405,485.37960386276245
14162,2.1075239181518555,,6.734528440896059e-05,0.9215212464332581,8.227843228153041,485.58232164382935
14163,2.4770147800445557,,6.732705067709265e-05,0.9724341630935669,11.905670271626715,485.78234338760376
14164,1.8177909851074219,,6.730881913026381e-05,0.8596175312995911,6.158239770124054,485.9839243888855
14165,2.269932985305786,,6.729058976892845e-05,0.9289371967315674,9.678752173721572,486.1855101585388
14166,2.546198606491089,,6.727236259354081e-05,1.0059596300125122,12.758511359452514,486.385276556015
14167,2.2954559326171875,,6.725413760455524e-05,0.9416694641113281,9.928961918046168,486.5836081504822
14168,2.1741433143615723,,6.723591480242595e-05,0.9344813227653503,8.794647645691565,486.7824556827545
14169,2.119257926940918,,6.721769418760706e-05,0.9385166168212891,8.324957468303113,486.98109126091003
14170,2.0185813903808594,,6.719947576055268e-05,0.9009409546852112,7.527638575076513,487.17871022224426
14171,2.4220633506774902,,6.718125952171693e-05,0.9844749569892883,11.269087421942412,487.37924003601074
14172,2.7088816165924072,,6.716304547155365e-05,1.0076113939285278,15.012476418177929,487.5770654678345
14173,2.4141266345977783,,6.714483361051695e-05,0.9496989846229553,11.180001865615981,487.7749366760254
14174,2.088503360748291,,6.712662393906069e-05,0.9060578346252441,8.072824013226018,487.9761369228363
14175,2.3204877376556396,,6.710841645763862e-05,1.0041896104812622,10.180638576136241,488.1759672164917
14176,1.7732789516448975,,6.709021116670456e-05,0.8706696629524231,5.890135200502147,488.3741703033447
14177,2.4603164196014404,,6.707200806671224e-05,0.9660729765892029,11.708515757795928,488.57032442092896
14178,2.6990036964416504,,6.705380715811535e-05,1.0217087268829346,14.864914377721568,488.7680594921112
14179,2.4182703495025635,,6.703560844136746e-05,0.9839025735855103,11.226424721096356,488.96698093414307
14180,2.336036443710327,,6.701741191692213e-05,0.9604737758636475,10.340171383094958,489.16828203201294
14181,2.3399338722229004,,6.699921758523295e-05,0.9883036017417908,10.380550097331872,489.37635564804077
14182,2.2108383178710938,,6.698102544675325e-05,0.9580060243606567,9.123361465052929,489.57340383529663
14183,2.312396764755249,,6.696283550193643e-05,0.9299602508544922,10.098599640259705,489.7764344215393
14184,1.7724268436431885,,6.694464775123597e-05,0.8462167978286743,5.885118306937786,489.97723269462585
14185,1.8986008167266846,,6.692646219510503e-05,0.8857647180557251,6.676546192091228,490.17854499816895
14186,2.253347396850586,,6.690827883399687e-05,0.9335833191871643,9.519548268128275,490.38751554489136
14187,2.5803542137145996,,6.689009766836475e-05,1.0119128227233887,13.201813594990748,490.5839374065399
14188,2.438377857208252,,6.687191869866162e-05,0.9869226813316345,11.454444919072852,490.7833378314972
14189,2.118042230606079,,6.685374192534068e-05,0.9102070927619934,8.31484299732955,490.9826056957245
14190,2.10710072517395,,6.683556734885496e-05,0.9166021943092346,8.22436199934333,491.1866924762726
14191,2.128127098083496,,6.681739496965729e-05,0.9393638372421265,8.39912134072561,491.3905601501465
14192,2.250591516494751,,6.679922478820068e-05,0.9370132088661194,9.493349648771206,491.5908064842224
14193,2.2747440338134766,,6.678105680493792e-05,0.9523908495903015,9.72542931288049,491.7935600280762
14194,2.559845209121704,,6.676289102032184e-05,0.9805649518966675,12.933815123983821,491.99342036247253
14195,2.344251871109009,,6.674472743480518e-05,0.9405965805053711,10.425470213800745,492.1921663284302
14196,1.95968496799469,,6.67265660488406e-05,0.9088505506515503,7.0970909021648945,492.3891694545746
14197,2.465701103210449,,6.670840686288081e-05,0.981890082359314,11.771732458903568,492.58575797080994
14198,2.2598488330841064,,6.669024987737826e-05,0.9296824336051941,9.581640630218464,492.7837333679199
14199,2.1797163486480713,,6.667209509278552e-05,0.9336613416671753,8.843797347835824,492.9820282459259
14200,2.030186653137207,2.269697062174479,6.665394250955512e-05,0.8925169110298157,7.615507684529135,493.1828899383545
14201,2.1805131435394287,,6.663579212813936e-05,0.9405332803726196,8.850846848512877,497.56835985183716
14202,2.4301304817199707,,6.661764394899064e-05,0.9693359732627869,11.360364303171611,497.7666366100311
14203,2.193340539932251,,6.659949797256126e-05,0.9358633756637573,8.965111461418655,497.98167395591736
14204,2.5115833282470703,,6.658135419930349e-05,1.0123769044876099,12.324428235785906,498.25396943092346
14205,2.111691474914551,,6.656321262966949e-05,0.924575924873352,8.262204783973969,498.5321559906006
14206,2.475924491882324,,6.654507326411146e-05,0.9931807518005371,11.892696733998546,498.79298520088196
14207,2.2408854961395264,,6.65269361030814e-05,0.9513108134269714,9.401652729793904,498.9890866279602
14208,1.8800264596939087,,6.650880114703133e-05,0.8574482798576355,6.553678268217956,499.1907072067261
14209,2.426898956298828,,6.649066839641327e-05,0.9464302659034729,11.323712250048873,499.3879430294037
14210,1.9530433416366577,,6.647253785167917e-05,0.9433134198188782,7.0501108607996175,499.5871858596802
14211,2.5085952281951904,,6.645440951328079e-05,0.9880858063697815,12.28765657719302,499.79262018203735
14212,2.156344175338745,,6.643628338166996e-05,0.919270396232605,8.639495374133933,499.99369740486145
14213,2.0701723098754883,,6.64181594572985e-05,0.9150999784469604,7.926188760787694,500.19265937805176
14214,2.399923086166382,,6.640003774061802e-05,0.9304842352867126,11.022328578491791,500.39488911628723
14215,2.144479513168335,,6.638191823208023e-05,0.9077556133270264,8.537596374161252,500.59924149513245
14216,2.0970730781555176,,6.636380093213672e-05,0.9113451242446899,8.142303116626644,500.80012226104736
14217,2.4189157485961914,,6.634568584123896e-05,0.9730855226516724,11.233672584066543,501.0022850036621
14218,1.857082486152649,,6.632757295983843e-05,0.9002243876457214,6.405022742939686,501.2013850212097
14219,2.073448419570923,,6.630946228838664e-05,0.9153502583503723,7.952198406597934,501.40033888816833
14220,2.151245355606079,,6.629135382733483e-05,0.9302546977996826,8.595556258648474,501.6015167236328
14221,2.3398594856262207,,6.627324757713438e-05,0.9552887678146362,10.379777952257447,501.8044550418854
14222,2.3053996562957764,,6.625514353823652e-05,0.9638218879699707,10.028185279036888,502.00675559043884
14223,2.485212564468384,,6.623704171109246e-05,0.9213985204696655,12.003671537724614,502.20635414123535
14224,2.114666223526001,,6.621894209615338e-05,0.9446643590927124,8.286819359117768,502.40424847602844
14225,1.9943273067474365,,6.620084469387032e-05,0.9046569466590881,7.347258913645044,502.60691237449646
14226,2.0951528549194336,,6.618274950469438e-05,0.9160541892051697,8.126683078766275,502.81113839149475
14227,2.0806689262390137,,6.616465652907644e-05,0.9370655417442322,8.009825104830965,503.0158951282501
14228,2.1413145065307617,,6.614656576746749e-05,0.9510090351104736,8.510617541581382,503.2157635688782
14229,2.401885986328125,,6.612847722031844e-05,0.9667150378227234,11.04398555733128,503.4135684967041
14230,2.5096731185913086,,6.611039088807998e-05,0.9685842394828796,12.3009084649666,503.6130871772766
14231,1.7622737884521484,,6.609230677120295e-05,0.8912926316261292,5.825668684305305,503.81391859054565
14232,2.528820514678955,,6.60742248701381e-05,1.0056838989257812,12.538708189148881,504.0136661529541
14233,2.057039976119995,,6.605614518533595e-05,0.914548397064209,7.822779890608172,504.2170295715332
14234,2.083251953125,,6.603806771724714e-05,0.9168156385421753,8.030541442338842,504.419065952301
14235,2.057816982269287,,6.60199924663223e-05,0.9061062932014465,7.828860600756391,504.6215569972992
14236,2.2071282863616943,,6.600191943301182e-05,0.9519852995872498,9.089576217465105,504.8237659931183
14237,1.7892733812332153,,6.598384861776614e-05,0.8532469272613525,5.9851019985754625,505.03166937828064
14238,2.472717046737671,,6.596578002103565e-05,0.9623401165008545,11.854612670524281,505.2333266735077
14239,2.3960654735565186,,6.59477136432707e-05,0.9468172192573547,10.979890612021862,505.43069219589233
14240,2.014946222305298,,6.592964948492146e-05,0.9051068425178528,7.500324020221821,505.6311357021332
14241,2.2768001556396484,,6.591158754643819e-05,0.9715922474861145,9.745446552248843,505.8340678215027
14242,2.1913840770721436,,6.58935278282711e-05,0.9375105500221252,8.94758870071232,506.04040241241455
14243,2.0473227500915527,,6.587547033087016e-05,0.8992137312889099,7.747132307818329,506.23987102508545
14244,2.3086049556732178,,6.585741505468548e-05,0.9435495138168335,10.060380184660078,506.437940120697
14245,1.9592607021331787,,6.583936200016704e-05,0.8924707770347595,7.09408048743232,506.63737964630127
14246,2.062196969985962,,6.582131116776475e-05,0.9066293239593506,7.863226119358111,506.83950567245483
14247,2.175015926361084,,6.580326255792852e-05,0.967391312122345,8.80232531008253,507.0423517227173
14248,2.5177245140075684,,6.57852161711082e-05,0.9776007533073425,12.400347718192785,507.24491000175476
14249,2.3637874126434326,,6.576717200775343e-05,0.9368870258331299,10.63113981278263,507.44363379478455
14250,2.1797564029693604,,6.574913006831403e-05,0.9054080247879028,8.844151587230572,507.6441743373871
14251,2.1659741401672363,,6.573109035323962e-05,0.9208985567092896,8.723095296819563,507.8487660884857
14252,1.7373396158218384,,6.571305286297977e-05,0.8475033640861511,5.68220644438937,508.05193614959717
14253,2.207989454269409,,6.569501759798401e-05,0.9231876730918884,9.097407240227094,508.2515161037445
14254,2.0323903560638428,,6.56769845587019e-05,0.91340172290802,7.6323085063122535,508.4502372741699
14255,1.8043241500854492,,6.56589537455828e-05,0.8525452017784119,6.075863688607337,508.64868783950806
14256,2.40256929397583,,6.56409251590761e-05,0.9973089098930359,11.051534575981112,508.8463659286499
14257,2.412668466567993,,6.562289879963115e-05,0.9680410623550415,11.163711424309422,509.0433347225189
14258,1.8528547286987305,,6.560487466769726e-05,0.8516653776168823,6.378001021187176,509.24638962745667
14259,2.2576634883880615,,6.558685276372349e-05,0.9267768263816833,9.56072430570146,509.44649958610535
14260,1.9399008750915527,,6.55688330881591e-05,0.8935613036155701,6.958061219270736,509.64517283439636
14261,2.2267239093780518,,6.555081564145323e-05,0.922052800655365,9.26944872764097,509.84588623046875
14262,2.138606548309326,,6.553280042405478e-05,0.9095381498336792,8.487602321032304,510.04363989830017
14263,2.081559896469116,,6.551478743641282e-05,0.9203729033470154,8.016964800703628,510.242751121521
14264,2.3644304275512695,,6.549677667897628e-05,0.9875596165657043,10.637977992459671,510.4406635761261
14265,2.304250478744507,,6.547876815219402e-05,0.9983937740325928,10.016667732754579,510.63796615600586
14266,2.0859923362731934,,6.546076185651487e-05,0.9402866959571838,8.05257838381893,510.837694644928
14267,2.3581433296203613,,6.544275779238765e-05,0.9421784281730652,10.57130578998322,511.03860902786255
14268,2.3740808963775635,,6.542475596026096e-05,0.9661538600921631,10.741136430488373,511.2363820075989
14269,2.050985336303711,,6.54067563605835e-05,0.8970833420753479,7.775558873388839,511.4335551261902
14270,2.2353932857513428,,6.538875899380387e-05,0.9196572303771973,9.350158413256436,511.6297855377197
14271,2.218122720718384,,6.537076386037065e-05,0.9173294305801392,9.190062348395239,511.830527305603
14272,1.949782133102417,,6.535277096073226e-05,0.9317226409912109,7.027156429031707,512.029002904892
14273,2.637094736099243,,6.533478029533715e-05,1.001666784286499,13.972550635558846,512.2275443077087
14274,2.142613172531128,,6.531679186463369e-05,0.9447852373123169,8.52167717105277,512.4296510219574
14275,1.9740856885910034,,6.529880566907022e-05,0.8784292936325073,7.200033570575018,512.6349778175354
14276,2.5608696937561035,,6.528082170909501e-05,0.963005542755127,12.947072408625173,512.8414976596832
14277,2.5590100288391113,,6.526283998515629e-05,1.0343666076660156,12.923017566194883,513.0404696464539
14278,2.1071910858154297,,6.52448604977021e-05,0.9577468633651733,8.225105191546506,513.2396075725555
14279,2.286611318588257,,6.522688324718064e-05,0.938959538936615,9.841531297174683,513.4388556480408
14280,2.135127544403076,,6.520890823403995e-05,0.9697445034980774,8.458125224600803,513.6451303958893
14281,2.3119213581085205,,6.519093545872794e-05,0.917229413986206,10.093799839886977,513.8436858654022
14282,2.2662105560302734,,6.517296492169259e-05,0.9470763802528381,9.642790676868985,514.0420310497284
14283,2.1938486099243164,,6.51549966233818e-05,0.9770992994308472,8.96966752282876,514.243182182312
14284,2.31440806388855,,6.513703056424331e-05,0.9642885327339172,10.118931384719675,514.4418215751648
14285,2.2032041549682617,,6.511906674472486e-05,0.946917712688446,9.053977418940155,514.649608373642
14286,2.1849212646484375,,6.510110516527429e-05,0.9217727184295654,8.889948572588882,514.8482911586761
14287,2.4052681922912598,,6.508314582633922e-05,0.9850843548774719,11.081401830242696,515.0473897457123
14288,2.2023861408233643,,6.506518872836714e-05,0.9467190504074097,9.04657416573962,515.2456233501434
14289,2.232670783996582,,6.504723387180566e-05,0.9840630292892456,9.324737210904921,515.4421112537384
14290,2.3871147632598877,,6.50292812571023e-05,0.9506314396858215,10.882051310885519,515.642124414444
14291,2.103254795074463,,6.501133088470437e-05,0.9285032749176025,8.192792424083427,515.8427319526672
14292,1.8583636283874512,,6.499338275505933e-05,0.9125983715057373,6.413233746699311,516.0413732528687
14293,2.3248965740203857,,6.497543686861449e-05,0.9779714345932007,10.225622436080096,516.2411425113678
14294,2.5539371967315674,,6.495749322581706e-05,0.9957464933395386,12.857627264995859,516.441650390625
14295,2.206286907196045,,6.493955182711429e-05,0.9342520833015442,9.081931653850402,516.6434631347656
14296,2.438436269760132,,6.492161267295329e-05,1.0000211000442505,11.455114021972758,516.8450963497162
14297,2.4598934650421143,,6.490367576378118e-05,0.9438711404800415,11.703564634797058,517.0471684932709
14298,2.4790725708007812,,6.488574110004497e-05,0.9965456128120422,11.930194874454713,517.2470602989197
14299,2.3109962940216064,,6.486780868219171e-05,0.944761335849762,10.084466745675297,517.4481284618378
14300,2.162338972091675,,6.484987851066821e-05,0.8793116807937622,8.691442944941702,517.6519763469696
14301,2.35787296295166,,6.483195058592141e-05,0.9850083589553833,10.568448047589515,517.8540349006653
14302,2.6688084602355957,,6.481402490839808e-05,1.0818411111831665,14.422773641938669,518.0529391765594
14303,2.2734365463256836,,6.479610147854506e-05,0.9360885620117188,9.712721745043781,518.2493462562561
14304,2.027517080307007,,6.477818029680893e-05,0.9310767650604248,7.595204644406144,518.4473316669464
14305,2.746453285217285,,6.476026136363639e-05,1.0085325241088867,15.58725020001762,518.6467244625092
14306,1.9716287851333618,,6.474234467947403e-05,0.892780601978302,7.182365496464115,518.84592461586
14307,2.2711002826690674,,6.472443024476837e-05,0.9409477710723877,9.690056752232536,519.0484232902527
14308,2.1580893993377686,,6.470651805996591e-05,0.9250958561897278,8.654586393574611,519.2515306472778
14309,2.3318896293640137,,6.468860812551308e-05,0.956082284450531,10.297381394447882,519.4512543678284
14310,2.3048720359802246,,6.467070044185616e-05,0.9647140502929688,10.022895600349234,519.6523504257202
14311,2.475162982940674,,6.465279500944153e-05,0.9794706702232361,11.883643786482992,519.8581404685974
14312,2.258002281188965,,6.463489182871546e-05,0.957918107509613,9.563963959022276,520.0592942237854
14313,2.4154608249664307,,6.461699090012404e-05,0.9642292261123657,11.194928071412475,520.2577629089355
14314,2.0613255500793457,,6.459909222411347e-05,0.9067379236221313,7.8563769322798835,520.4555795192719
14315,2.332834482192993,,6.458119580112984e-05,0.9731765985488892,10.30711550231501,520.6556434631348
14316,2.3825480937957764,,6.456330163161918e-05,0.9655084609985352,10.832469876634278,520.8580803871155
14317,2.2939512729644775,,6.454540971602742e-05,0.946972131729126,9.91403344360788,521.0690729618073
14318,2.353379249572754,,6.452752005480051e-05,0.9781386256217957,10.521063018312743,521.2693376541138
14319,2.0418221950531006,,6.450963264838435e-05,0.9311625957489014,7.70463576460472,521.4677495956421
14320,2.0949583053588867,,6.449174749722466e-05,0.9389535784721375,8.125102189930198,521.6675519943237
14321,2.0711023807525635,,6.447386460176719e-05,0.9238900542259216,7.933564107386184,521.8749051094055
14322,2.209752321243286,,6.44559839624577e-05,0.9214829206466675,9.113458903315186,522.0768911838531
14323,2.2517669200897217,,6.443810557974174e-05,0.9428464770317078,9.504514726527505,522.2729165554047
14324,2.3358256816864014,,6.44202294540649e-05,0.9352623820304871,10.337992297288851,522.4709265232086
14325,2.4263806343078613,,6.440235558587273e-05,1.0163123607635498,11.317844441808687,522.6711785793304
14326,2.193941354751587,,6.438448397561069e-05,0.9737520217895508,8.97049945167179,522.8730108737946
14327,2.699136734008789,,6.436661462372418e-05,1.0382264852523804,14.866892101318957,523.0750408172607
14328,2.4432504177093506,,6.434874753065859e-05,0.9829912781715393,11.510393590898065,523.2742590904236
14329,2.3910632133483887,,6.433088269685913e-05,0.9812477827072144,10.925103486096706,523.4723196029663
14330,2.2263054847717285,,6.431302012277108e-05,0.9217737913131714,9.265570973536718,523.6691634654999
14331,2.0622434616088867,,6.429515980883964e-05,0.9233018755912781,7.863591702000024,523.8709588050842
14332,2.4910781383514404,,6.427730175550996e-05,0.9894692301750183,12.074286857224346,524.0741541385651
14333,1.7876452207565308,,6.425944596322704e-05,0.8435870409011841,5.975365220721833,524.2722280025482
14334,2.172008514404297,,6.424159243243591e-05,0.9418094158172607,8.775892858255709,524.4711048603058
14335,2.418948173522949,,6.422374116358154e-05,0.988542377948761,11.234036840982773,524.6683146953583
14336,1.8986661434173584,,6.420589215710884e-05,0.9293389916419983,6.6769823630057346,524.869889497757
14337,2.5555343627929688,,6.418804541346265e-05,0.9736030101776123,12.87817943914223,525.0696232318878
14338,2.102149724960327,,6.417020093308779e-05,0.9235865473747253,8.183743814619033,525.2763395309448
14339,2.2206976413726807,,6.415235871642891e-05,0.9282005429267883,9.213756521967401,525.4735462665558
14340,2.2433815002441406,,6.413451876393072e-05,0.9105663299560547,9.425148604298887,525.6722505092621
14341,1.8385486602783203,,6.411668107603791e-05,0.8865986466407776,6.287406473205474,525.8740246295929
14342,1.7556405067443848,,6.409884565319493e-05,0.8843671083450317,5.787153265821125,526.0756933689117
14343,2.191107988357544,,6.408101249584632e-05,0.9529565572738647,8.94511871343267,526.2758910655975
14344,1.9517607688903809,,6.40631816044366e-05,0.8890728950500488,7.0410743769640165,526.474089384079
14345,2.145426034927368,,6.404535297941005e-05,0.9170829653739929,8.54568122053714,526.6727566719055
14346,2.2456891536712646,,6.402752662121106e-05,0.9386304020881653,9.446923695795833,526.874338388443
14347,2.3356847763061523,,6.400970253028388e-05,0.9758210778236389,10.336535721175306,527.0752675533295
14348,2.409970283508301,,6.399188070707287e-05,1.0077698230743408,11.133630287717342,527.2761657238007
14349,2.0981838703155518,,6.397406115202201e-05,0.9203653931617737,8.151352548181551,527.4788641929626
14350,2.303311586380005,,6.395624386557552e-05,0.9516395926475525,10.00726757346197,527.6785199642181
14351,2.0813686847686768,,6.393842884817745e-05,0.911071240901947,8.01543200978017,527.881758928299
14352,2.175607919692993,,6.392061610027172e-05,0.9544245600700378,8.807537770690127,528.082204580307
14353,2.146561622619629,,6.390280562230233e-05,0.9379688501358032,8.55539110312129,528.2819488048553
14354,2.351029396057129,,6.388499741471321e-05,0.9880141615867615,10.496369086315443,528.4822432994843
14355,2.317655086517334,,6.386719147794808e-05,0.9439281821250916,10.151841184422722,528.6829957962036
14356,2.575585126876831,,6.384938781245075e-05,1.0157567262649536,13.1390028934334,528.8796257972717
14357,2.0478432178497314,,6.383158641866496e-05,0.8993131518363953,7.751165489882461,529.0762581825256
14358,2.0520925521850586,,6.381378729703434e-05,0.9149150252342224,7.784172863553154,529.2736229896545
14359,2.2292113304138184,,6.379599044800251e-05,0.9717052578926086,9.29253444944797,529.471916437149
14360,2.130797863006592,,6.377819587201307e-05,0.9153878092765808,8.421583401477427,529.6746895313263
14361,2.3274035453796387,,6.376040356950937e-05,0.9316459894180298,10.251289939062152,529.8819425106049
14362,2.0473883152008057,,6.374261354093494e-05,0.9122212529182434,7.747640266046473,530.0814974308014
14363,2.1192901134490967,,6.37248257867331e-05,0.9323297739028931,8.325225423927009,530.2800898551941
14364,1.9427810907363892,,6.370704030734727e-05,0.9041239619255066,6.978130824573611,530.480815410614
14365,2.232511520385742,,6.36892571032206e-05,0.9558321833610535,9.323252237840805,530.6807565689087
14366,2.3982431888580322,,6.36714761747963e-05,0.935174286365509,11.003827742484209,530.8795444965363
14367,2.2258517742156982,,6.365369752251758e-05,0.9362763166427612,9.261368039708197,531.0785112380981
14368,2.1177475452423096,,6.363592114682747e-05,0.8658016920089722,8.312393095788988,531.277834892273
14369,2.2362732887268066,,6.361814704816905e-05,0.9382415413856506,9.358390201949204,531.4796848297119
14370,2.1672027111053467,,6.360037522698532e-05,0.9853957295417786,8.73381882414979,531.6813945770264
14371,2.1319096088409424,,6.358260568371912e-05,0.9346747398376465,8.430951268121142,531.8875634670258
14372,2.3209822177886963,,6.356483841881334e-05,0.9419859647750854,10.185673944496179,532.0872271060944
14373,2.261645555496216,,6.354707343271086e-05,0.9599788784980774,9.598871653731171,532.2856907844543
14374,2.344846248626709,,6.352931072585434e-05,1.010150671005249,10.43166872085141,532.4878919124603
14375,2.3728139400482178,,6.351155029868647e-05,0.9820354580879211,10.727536496783635,532.6869530677795
14376,2.20232892036438,,6.349379215164994e-05,0.9751571416854858,9.0460565314234,532.8865442276001
14377,2.4530067443847656,,6.347603628518731e-05,0.9613551497459412,11.623242350482275,533.0871496200562
14378,2.379303216934204,,6.345828269974109e-05,0.9606215953826904,10.797376812905052,533.2879719734192
14379,2.4237825870513916,,6.344053139575378e-05,0.9764869213104248,11.288478310923463,533.4865355491638
14380,2.190390110015869,,6.342278237366778e-05,0.904322624206543,8.938699510823527,533.6831364631653
14381,2.1803760528564453,,6.340503563392541e-05,0.9696340560913086,8.8496335630404,533.8878405094147
14382,1.7753432989120483,,6.338729117696896e-05,0.8619462251663208,5.902307044139972,534.0873072147369
14383,2.457793951034546,,6.336954900324076e-05,0.9491084218025208,11.679018613282308,534.2872273921967
14384,2.2262704372406006,,6.335180911318286e-05,0.9293304681777954,9.265246243840124,534.4874668121338
14385,2.28464674949646,,6.333407150723746e-05,0.9386284351348877,9.822215908392565,534.6889524459839
14386,1.867911458015442,,6.33163361858466e-05,0.8738556504249573,6.474759461001205,534.8904750347137
14387,2.4837589263916016,,6.329860314945233e-05,0.9670000076293945,11.98623521983433,535.0910646915436
14388,2.1229867935180664,,6.328087239849656e-05,0.8990179896354675,8.356058072929029,535.2910890579224
14389,2.2229671478271484,,6.326314393342127e-05,0.876875102519989,9.234690948286218,535.4930078983307
14390,2.239781379699707,,6.324541775466817e-05,0.9259025454521179,9.391277938995975,535.6943154335022
14391,1.9639900922775269,,6.322769386267911e-05,0.9030058979988098,7.12771062410715,535.9018249511719
14392,2.208474636077881,,6.320997225789587e-05,0.9945631623268127,9.101822207668647,536.1014063358307
14393,2.29813551902771,,6.319225294076003e-05,0.9759957790374756,9.955603107215873,536.3093667030334
14394,2.2636849880218506,,6.317453591171322e-05,0.940044641494751,9.618467880590211,536.5067939758301
14395,2.375593900680542,,6.315682117119699e-05,0.9720281958580017,10.757400116537523,536.716680765152
14396,2.1451501846313477,,6.313910871965293e-05,0.9238967895507812,8.543324216947774,536.9153892993927
14397,1.7464338541030884,,6.31213985575223e-05,0.8840882778167725,5.734117471608009,537.1117224693298
14398,2.232664108276367,,6.310369068524665e-05,0.9579511284828186,9.324674961776003,537.3134877681732
14399,2.362190008163452,,6.308598510326728e-05,0.9404121041297913,10.614171138944444,537.5110063552856
14400,2.4775068759918213,2.2681156343883937,6.306828181202539e-05,1.0072683095932007,11.911530445482509,537.7121183872223
14401,2.1601459980010986,,6.305058081196222e-05,0.9629392027854919,8.672403719647793,542.092360496521
14402,2.2556562423706055,,6.303288210351899e-05,0.9386096000671387,9.541552827288573,542.315034866333
14403,1.9921386241912842,,6.301518568713669e-05,0.9133793115615845,7.3311956812957835,542.5119450092316
14404,2.2842679023742676,,6.299749156325642e-05,0.9475126266479492,9.81849549494058,542.7717933654785
14405,2.116346836090088,,6.297979973231921e-05,0.9288175702095032,8.300758001296847,543.0461716651917
14406,2.2805967330932617,,6.296211019476587e-05,0.9645734429359436,9.782516219308752,543.3205351829529
14407,2.2148900032043457,,6.294442295103734e-05,0.9336943626403809,9.160401441384113,543.5359935760498
14408,2.264092206954956,,6.292673800157443e-05,0.9550279378890991,9.622385500429003,543.7375309467316
14409,2.193399429321289,,6.290905534681788e-05,0.9466325640678406,8.965639426900905,543.9380533695221
14410,1.852927565574646,,6.28913749872084e-05,0.8543859124183655,6.378465591774876,544.1349308490753
14411,2.0924601554870605,,6.287369692318665e-05,0.9071316719055176,8.104829799213897,544.3370513916016
14412,2.0742337703704834,,6.285602115519323e-05,0.9111031889915466,7.958446124979012,544.5335285663605
14413,2.22499680519104,,6.283834768366857e-05,0.9210792779922485,9.253453240844344,544.7302420139313
14414,2.332444429397583,,6.28206765090532e-05,0.968133270740509,10.303095967067158,544.9297358989716
14415,2.034097194671631,,6.28030076317876e-05,0.9325388073921204,7.64534674906007,545.128782749176
14416,2.0228302478790283,,6.278534105231199e-05,0.9135689735412598,7.55969048245438,545.3259735107422
14417,2.0099594593048096,,6.276767677106674e-05,0.940182089805603,7.463014785378585,545.5220930576324
14418,2.2630865573883057,,6.275001478849207e-05,0.9431999325752258,9.612713616698318,545.7202732563019
14419,2.2640349864959717,,6.273235510502818e-05,0.9406263828277588,9.62183491886656,545.9186680316925
14420,2.575899600982666,,6.27146977211152e-05,0.997429609298706,13.143135419372017,546.1219007968903
14421,2.3624801635742188,,6.269704263719323e-05,0.9634625911712646,10.617251344978826,546.3268973827362
14422,1.973273754119873,,6.267938985370219e-05,0.9016069769859314,7.194189987749963,546.5239236354828
14423,2.183947801589966,,6.266173937108209e-05,0.9521464705467224,8.881298746887714,546.7240674495697
14424,2.468278408050537,,6.264409118977287e-05,0.9735069870948792,11.802110932423789,546.9268827438354
14425,2.3648102283477783,,6.262644531021426e-05,0.9548223614692688,10.64201907232855,547.1278338432312
14426,2.3284053802490234,,6.260880173284611e-05,0.9879816174507141,10.261565184969683,547.3299944400787
14427,2.068366289138794,,6.259116045810813e-05,0.9036033153533936,7.911886818212591,547.527074098587
14428,2.045639753341675,,6.257352148643998e-05,0.8889157772064209,7.734104874961967,547.7244911193848
14429,2.5744683742523193,,6.255588481828129e-05,1.029916763305664,13.12433806748421,547.9221196174622
14430,2.0466561317443848,,6.25382504540716e-05,0.9087470769882202,7.74196964823698,548.1217067241669
14431,2.3973233699798584,,6.252061839425046e-05,0.9486151337623596,10.99371086755407,548.3244626522064
14432,2.209615707397461,,6.250298863925719e-05,0.9798234105110168,9.112213963685566,548.5238008499146
14433,2.4998412132263184,,6.248536118953124e-05,1.000016689300537,12.180559695363998,548.7214794158936
14434,2.29720139503479,,6.246773604551198e-05,0.9594687223434448,9.946307681705354,548.9175868034363
14435,2.2166974544525146,,6.245011320763858e-05,0.9739641547203064,9.176973392388287,549.1157946586609
14436,2.3535830974578857,,6.243249267635027e-05,0.936078667640686,10.523207933369138,549.3157057762146
14437,2.3415677547454834,,6.241487445208622e-05,0.9860652685165405,10.397524560073489,549.514533996582
14438,2.181483745574951,,6.239725853528551e-05,0.958891749382019,8.859441668880471,549.713485956192
14439,2.4084901809692383,,6.23796449263872e-05,0.9822365641593933,11.117163562486564,549.9094257354736
14440,2.2112743854522705,,6.23620336258303e-05,0.9367843866348267,9.1273407347714,550.1098582744598
14441,2.0096242427825928,,6.234442463405361e-05,0.884072482585907,7.460513478780049,550.3088271617889
14442,1.8993217945098877,,6.232681795149607e-05,0.8681678771972656,6.681361569245639,550.5053789615631
14443,2.120333671569824,,6.230921357859649e-05,0.9384005069732666,8.333917815243964,550.7056396007538
14444,2.1922473907470703,,6.229161151579364e-05,0.9457196593284607,8.955316611720917,550.9058859348297
14445,2.5929718017578125,,6.227401176352613e-05,0.9854105114936829,13.369443961872468,551.1066105365753
14446,2.3787264823913574,,6.225641432223263e-05,0.9326501488685608,10.79115138810624,551.305098772049
14447,2.3310303688049316,,6.223881919235177e-05,0.9425027370452881,10.28853706109139,551.5041556358337
14448,2.285975933074951,,6.222122637432192e-05,0.9702324271202087,9.835280116924709,551.7033333778381
14449,2.264806032180786,,6.220363586858168e-05,0.967346727848053,9.629256654041496,551.9052968025208
14450,1.990085244178772,,6.218604767556946e-05,0.8837732672691345,7.316157395557588,552.1058828830719
14451,2.2670485973358154,,6.21684617957235e-05,0.9413902759552002,9.650875120832733,552.3086929321289
14452,1.8932641744613647,,6.215087822948213e-05,0.8814699053764343,6.641010757783129,552.5106427669525
14453,2.3698744773864746,,6.213329697728365e-05,0.9436922669410706,10.696049603743782,552.7098603248596
14454,2.26349139213562,,6.21157180395661e-05,0.9413876533508301,9.616605965012104,552.9061012268066
14455,2.1133179664611816,,6.209814141676767e-05,0.923424482345581,8.27565412486628,553.1070826053619
14456,1.9339030981063843,,6.208056710932639e-05,0.8667256832122803,6.9164532223031445,553.3061408996582
14457,2.2421228885650635,,6.206299511768033e-05,0.9179425239562988,9.413293464262312,553.5048356056213
14458,2.11103892326355,,6.204542544226733e-05,0.9079930782318115,8.256815027339831,553.7044262886047
14459,2.1706271171569824,,6.202785808352525e-05,0.908301830291748,8.76377823349972,553.9023027420044
14460,2.137676239013672,,6.201029304189209e-05,0.9240430593490601,8.47970989746196,554.0992240905762
14461,2.1696133613586426,,6.199273031780544e-05,0.9040560126304626,8.754898404249824,554.2972466945648
14462,2.1874682903289795,,6.197516991170309e-05,0.9668849110603333,8.912620360458295,554.4943761825562
14463,2.32370662689209,,6.195761182402272e-05,0.9887259602546692,10.213461722765127,554.6925241947174
14464,2.441955089569092,,6.194005605520181e-05,0.9823974967002869,11.495493506506996,554.8905589580536
14465,2.3207170963287354,,6.192250260567799e-05,0.9517515897750854,10.182973861690092,555.0937054157257
14466,1.9872907400131226,,6.190495147588874e-05,0.8684513568878174,7.2957409035116525,555.2935631275177
14467,2.447483539581299,,6.188740266627142e-05,0.9390674829483032,11.55922176465362,555.4945964813232
14468,2.087904453277588,,6.186985617726342e-05,0.943644642829895,8.067990586147095,555.6911935806274
14469,1.8590296506881714,,6.185231200930205e-05,0.9098176956176758,6.417506526119589,555.8897078037262
14470,2.271514654159546,,6.183477016282454e-05,0.9696438312530518,9.694072867516152,556.0902252197266
14471,2.289548397064209,,6.181723063826811e-05,0.9166960716247559,9.870479137147173,556.2949497699738
14472,2.243997097015381,,6.179969343606989e-05,0.9713931679725647,9.430952481588927,556.4933359622955
14473,2.100411891937256,,6.178215855666695e-05,0.9411700367927551,8.169534184923663,556.6907820701599
14474,2.4474050998687744,,6.176462600049626e-05,0.9641830325126648,11.558315098181188,556.8919341564178
14475,2.2507667541503906,,6.174709576799482e-05,0.934385359287262,9.49501338687835,557.0935990810394
14476,1.8994770050048828,,6.172956785959956e-05,0.8854224681854248,6.682398667164201,557.2950809001923
14477,2.190579652786255,,6.171204227574723e-05,0.9281399250030518,8.940393937270523,557.4937074184418
14478,2.025968074798584,,6.169451901687467e-05,0.9306668639183044,7.5834487379069335,557.7006394863129
14479,2.193197727203369,,6.167699808341859e-05,0.9645673036575317,8.963831220805623,557.9037575721741
14480,2.2832260131835938,,6.165947947581566e-05,0.9904943108558655,9.808271037916263,558.1058986186981
14481,1.9855902194976807,,6.16419631945025e-05,0.8921382427215576,7.28334488925536,558.311764717102
14482,1.893149733543396,,6.162444923991573e-05,0.8947104215621948,6.64025079790185,558.512932062149
14483,1.945652961730957,,6.16069376124917e-05,0.8632597327232361,6.99819992021828,558.7134549617767
14484,2.205472946166992,,6.158942831266692e-05,0.8927892446517944,9.074542323137235,558.9148807525635
14485,2.2556111812591553,,6.157192134087781e-05,0.9471310973167419,9.541122884000147,559.1172821521759
14486,2.2100887298583984,,6.15544166975606e-05,0.9721020460128784,9.116525265150084,559.3199844360352
14487,2.071833372116089,,6.15369143831516e-05,0.9060125946998596,7.939365594390772,559.5217669010162
14488,2.4672021865844727,,6.151941439808699e-05,0.9689213633537292,11.789416079755236,559.722395658493
14489,2.467170476913452,,6.150191674280296e-05,0.9825758337974548,11.789042247176909,559.9235844612122
14490,2.256162166595459,,6.148442141773554e-05,0.9760080575942993,9.546381351337269,560.126889705658
14491,2.0103700160980225,,6.146692842332082e-05,0.9045794606208801,7.4660794058539,560.33154463768
14492,2.356654405593872,,6.144943775999479e-05,0.9514625668525696,10.555577630723896,560.5338349342346
14493,2.003260850906372,,6.143194942819324e-05,0.9067170023918152,7.413190036409058,560.7315645217896
14494,2.1339011192321777,,6.141446342835211e-05,0.9199129939079285,8.447758325339262,560.9318566322327
14495,2.117940902709961,,6.139697976090723e-05,0.9281747937202454,8.314000514466306,561.1322228908539
14496,2.3005189895629883,,6.137949842629427e-05,0.9509316682815552,9.979360294914375,561.3290650844574
14497,2.056018114089966,,6.136201942494893e-05,0.9072627425193787,7.814790171759084,561.5273621082306
14498,1.8559449911117554,,6.134454275730687e-05,0.8876656889915466,6.397741203475427,561.7269809246063
14499,2.192727565765381,,6.132706842380353e-05,0.9249287247657776,8.959617763609128,561.9270238876343
14500,1.8064700365066528,,6.130959642487455e-05,0.9121468663215637,6.088915801160791,562.1275069713593
14501,2.181879758834839,,6.129212676095542e-05,0.9708966016769409,8.862950820045885,562.3329319953918
14502,2.082669973373413,,6.127465943248137e-05,0.9365819692611694,8.025869189535259,562.5348377227783
14503,1.8884429931640625,,6.12571944398878e-05,0.8881723284721375,6.6090702981638785,562.7321145534515
14504,2.1874237060546875,,6.123973178360999e-05,0.8912256956100464,8.912223006605416,562.9300873279572
14505,2.3013756275177,,6.122227146408323e-05,0.9466573596000671,9.987912656322438,563.13325715065
14506,2.5806448459625244,,6.120481348174253e-05,0.97243332862854,13.205651025366041,563.3312425613403
14507,2.1331422328948975,,6.118735783702307e-05,0.890426516532898,8.441349868918083,563.5312597751617
14508,1.9268536567687988,,6.116990453035993e-05,0.8673372864723206,6.86786754319946,563.7292876243591
14509,1.862127661705017,,6.1152453562188e-05,0.8751586079597473,6.437418860427713,563.9275372028351
14510,2.095107078552246,,6.113500493294219e-05,0.8922558426856995,8.126311077252149,564.1267392635345
14511,2.215049982070923,,6.111755864305753e-05,0.9245079159736633,9.161867029252516,564.3304586410522
14512,2.314180374145508,,6.110011469296866e-05,0.9536321759223938,10.116627670108874,564.5309462547302
14513,1.9868861436843872,,6.108267308311039e-05,0.9234388470649719,7.292789670595948,564.7293183803558
14514,2.16921329498291,,6.106523381391746e-05,0.9095445871353149,8.751396564306242,564.927255153656
14515,2.222057580947876,,6.104779688582442e-05,0.9333445429801941,9.22629519808632,565.12402176857
14516,2.3094823360443115,,6.1030362299265834e-05,0.9673898220062256,10.069210838114358,565.3232052326202
14517,2.2965340614318848,,6.101293005467633e-05,0.9414258003234863,9.939672390587125,565.5316331386566
14518,2.186417818069458,,6.099550015249025e-05,0.9328539967536926,8.90326281579103,565.7436985969543
14519,2.3515889644622803,,6.0978072593142046e-05,0.9870073199272156,10.502244166426259,565.959077835083
14520,2.2025861740112305,,6.096064737706602e-05,0.9721243977546692,9.048383961812865,566.1724584102631
14521,2.2679922580718994,,6.09432245046965e-05,0.9753234386444092,9.65998657113592,566.3802266120911
14522,2.17918062210083,,6.09258039764677e-05,0.925659716129303,8.83906075968946,566.5987019538879
14523,2.071227788925171,,6.090838579281376e-05,0.9177812933921814,7.934559103552177,566.8442873954773
14524,2.24125075340271,,6.0890969954168865e-05,0.9638643860816956,9.405087378966485,567.0596039295197
14525,2.1716089248657227,,6.087355646096696e-05,0.9309695959091187,8.772386803815891,567.2712197303772
14526,2.4314346313476562,,6.085614531364207e-05,1.0142390727996826,11.375189583138395,567.4782319068909
14527,2.073709487915039,,6.0838736512628164e-05,0.895915150642395,7.954274744889335,567.6916174888611
14528,2.172095775604248,,6.082133005835906e-05,0.9212716221809387,8.776658686610228,567.89719414711
14529,1.9344085454940796,,6.080392595126859e-05,0.8776900768280029,6.91995000916292,568.111643075943
14530,2.523778200149536,,6.0786524191790496e-05,0.9763859510421753,12.47564320901793,568.3362231254578
14531,2.3953816890716553,,6.0769124780358525e-05,0.9579136967658997,10.972385299476434,568.5588726997375
14532,2.120285749435425,,6.0751727717406275e-05,0.9238112568855286,8.333518445683746,568.7639050483704
14533,2.162667751312256,,6.073433300336738e-05,0.9803646206855774,8.694300980584485,568.9851021766663
14534,2.194728136062622,,6.071694063867528e-05,0.929967999458313,8.977560050200275,569.1904346942902
14535,2.3141374588012695,,6.069955062376348e-05,0.9536657929420471,10.11619352086578,569.3944342136383
14536,2.1272377967834473,,6.068216295906537e-05,0.9598339796066284,8.391655311464845,569.6039502620697
14537,2.5109333992004395,,6.066477764501437e-05,0.9890968799591064,12.316420834295624,569.8453075885773
14538,2.4274325370788574,,6.064739468204365e-05,0.9752905964851379,11.329755977529102,570.0534167289734
14539,2.224709987640381,,6.0630014070586487e-05,0.935356080532074,9.250799568628741,570.2960426807404
14540,2.08143949508667,,6.0612635811076065e-05,0.8937748670578003,8.015999605165204,570.5238976478577
14541,2.447269916534424,,6.0595259903945505e-05,0.9665727019309998,11.556752712213394,570.7354516983032
14542,2.160583972930908,,6.057788634962782e-05,0.9554324150085449,8.676202846958716,570.9440379142761
14543,2.1186749935150146,,6.05605151485561e-05,0.9286743998527527,8.32010598650845,571.1577460765839
14544,2.1440865993499756,,6.054314630116313e-05,0.9244832396507263,8.534242493506444,571.3586161136627
14545,2.3737149238586426,,6.05257798078819e-05,0.9760178923606873,10.737206188956897,571.5829002857208
14546,2.0954430103302,,6.0508415669145226e-05,0.9267940521240234,8.129041421959638,571.7866961956024
14547,2.4082369804382324,,6.04910538853858e-05,0.9919072389602661,11.114349047102694,571.9843821525574
14548,2.3659563064575195,,6.047369445703635e-05,0.9778575897216797,10.654222649221184,572.1865782737732
14549,2.010042190551758,,6.045633738452954e-05,0.8759079575538635,7.463632235438626,572.3940150737762
14550,2.2757015228271484,,6.043898266829792e-05,0.9375075101852417,9.73474576408889,572.5882697105408
14551,1.9597523212432861,,6.042163030877406e-05,0.8933593034744263,7.097568930390934,572.7913575172424
14552,2.1314940452575684,,6.040428030639039e-05,0.9276975989341736,8.4274483996836,572.9920899868011
14553,2.1798324584960938,,6.0386932661579377e-05,0.9436991214752197,8.844824259417944,573.2028975486755
14554,2.176295518875122,,6.036958737477329e-05,0.9771531224250793,8.813595909004611,573.4039223194122
14555,2.329181432723999,,6.035224444640445e-05,0.9457927346229553,10.269531788880114,573.6062223911285
14556,1.848344326019287,,6.033490387690513e-05,0.8628283739089966,6.349298447035176,573.8053896427155
14557,2.2690305709838867,,6.0317565666707416e-05,0.9607846140861511,9.6700218689104,574.00523686409
14558,2.0059473514556885,,6.030022981624345e-05,0.9213085174560547,7.433132351039549,574.2038192749023
14559,2.5031275749206543,,6.0282896325945374e-05,0.9837095141410828,12.220655268353418,574.404670715332
14560,2.303553342819214,,6.026556519624508e-05,0.9362730979919434,10.009687187303571,574.6035702228546
14561,1.9738919734954834,,6.0248236427574455e-05,0.9082078337669373,7.198638950467991,574.8104631900787
14562,2.4150848388671875,,6.023091002036559e-05,0.9747874736785889,11.190719725265,575.0100245475769
14563,1.886136770248413,,6.021358597505011e-05,0.8446409106254578,6.593845871000317,575.2076859474182
14564,2.212085723876953,,6.0196264292059853e-05,0.9259117245674133,9.134749101964783,575.4086127281189
14565,1.8759979009628296,,6.0178944971826495e-05,0.8841889500617981,6.527329499825455,575.6068041324615
14566,2.1953468322753906,,6.0161628014781755e-05,0.9198604226112366,8.983116151195325,575.8062961101532
14567,2.371845245361328,,6.01443134213571e-05,0.9813892841339111,10.717149820746943,576.0068497657776
14568,1.5821173191070557,,6.012700119198411e-05,0.8131377696990967,4.865246192106144,576.206969499588
14569,2.3962907791137695,,6.01096913270943e-05,0.9748284816741943,10.982364721099556,576.4123365879059
14570,2.2152907848358154,,6.009238382711897e-05,0.9252377152442932,9.164073497815941,576.6150777339935
14571,2.3419787883758545,,6.007507869248954e-05,0.9508184790611267,10.401799170784486,576.8152348995209
14572,1.8343920707702637,,6.005777592363729e-05,0.8861824870109558,6.261326544753627,577.0146822929382
14573,2.273925304412842,,6.004047552099343e-05,0.9830338954925537,9.717470076643199,577.2142195701599
14574,1.9538614749908447,,6.002317748498915e-05,0.9353787302970886,7.055881151757443,577.424745798111
14575,2.4583120346069336,,6.000588181605562e-05,0.9659852981567383,11.685070888624299,577.6282918453217
14576,2.1395208835601807,,5.9988588514623775e-05,0.884303867816925,8.49536638396697,577.8286123275757
14577,2.1607494354248047,,5.9971297581124665e-05,0.9341886639595032,8.67763855189371,578.0336399078369
14578,2.141052722930908,,5.995400901598928e-05,0.938362717628479,8.508389893078014,578.2342700958252
14579,2.113816738128662,,5.993672281964838e-05,0.9142096638679504,8.279782816225175,578.4346587657928
14580,2.378117322921753,,5.991943899253285e-05,0.9834154844284058,10.784579857808405,578.6334681510925
14581,2.0292270183563232,,5.990215753507346e-05,0.8875172138214111,7.608203083915944,578.833658695221
14582,2.278876543045044,,5.988487844770088e-05,0.966343343257904,9.765702897462187,579.0343255996704
14583,2.656937599182129,,5.986760173084576e-05,0.9859403967857361,14.252575100305046,579.2324752807617
14584,2.5555431842803955,,5.985032738493869e-05,0.9795247316360474,12.878293044341316,579.4301915168762
14585,1.6872382164001465,,5.983305541041024e-05,0.8745103478431702,5.404533921591362,579.6291103363037
14586,2.129117012023926,,5.981578580769075e-05,0.9206289649009705,8.40743986466026,579.8259811401367
14587,2.1684536933898926,,5.979851857721071e-05,0.953836977481842,8.744751513649913,580.0244581699371
14588,2.201303005218506,,5.978125371940048e-05,0.9256574511528015,9.036780803885623,580.2281494140625
14589,2.5846517086029053,,5.976399123469027e-05,0.9830042719841003,13.258670404851662,580.4296109676361
14590,2.5352272987365723,,5.9746731123510367e-05,0.9593268036842346,12.619298872765562,580.6338741779327
14591,2.236392021179199,,5.97294733862909e-05,0.9518848657608032,9.359501412535401,580.8382363319397
14592,2.5687718391418457,,5.971221802346198e-05,0.982691764831543,13.049787356851995,581.0409808158875
14593,2.094447374343872,,5.9694965035453704e-05,0.9160982966423035,8.120951883571605,581.2395594120026
14594,2.228067636489868,,5.9677714422696056e-05,0.9717518091201782,9.281912709427601,581.440949678421
14595,2.2760345935821533,,5.9660466185618905e-05,0.9517155289649963,9.73798866323777,581.6415011882782
14596,2.3399746417999268,,5.9643220324652136e-05,0.9388315677642822,10.380973316595817,581.8398756980896
14597,2.3854758739471436,,5.962597684022559e-05,0.972004234790802,10.864231439678232,582.0370347499847
14598,2.4595301151275635,,5.960873573276907e-05,0.9777220487594604,11.699312918064297,582.2370541095734
14599,1.6570720672607422,,5.9591497002712164e-05,0.8559613823890686,5.243934457537707,582.4372470378876
14600,2.4866552352905273,2.267573441399468,5.957426065048454e-05,0.9877514839172363,12.021001382035339,582.6361737251282
14601,1.9242682456970215,,5.95570266765158e-05,0.9140843152999878,6.850134216261654,587.0689673423767
14602,2.3119540214538574,,5.9539795081235435e-05,0.9411339163780212,10.094129542541474,587.2798931598663
14603,1.7645652294158936,,5.95225658650729e-05,0.8768106698989868,5.839033166282719,587.4865379333496
14604,2.337883710861206,,5.950533902845768e-05,0.9743367433547974,10.359290095273176,587.7700777053833
14605,2.2640018463134766,,5.9488114571818975e-05,0.9533700942993164,9.621516054785046,588.0398898124695
14606,2.1531858444213867,,5.947089249558613e-05,0.9642907977104187,8.612252033172602,588.3063156604767
14607,1.8932679891586304,,5.945367280018839e-05,0.899491548538208,6.641036091277027,588.501647233963
14608,1.8917404413223267,,5.943645548605485e-05,0.8644556403160095,6.630899335126039,588.703831911087
14609,2.3134186267852783,,5.941924055361465e-05,0.9922598600387573,10.108924290073945,588.906765460968
14610,2.0913095474243164,,5.940202800329687e-05,0.9036418795585632,8.095509679630362,589.1145827770233
14611,2.255650520324707,,5.938481783553034e-05,0.9604635834693909,9.541498230241556,589.317232131958
14612,2.273831367492676,,5.9367610050744156e-05,0.9442095160484314,9.716557290305234,589.5173797607422
14613,2.363959789276123,,5.9350404649367114e-05,0.9402139186859131,10.632972530819563,589.7221808433533
14614,2.236747980117798,,5.9333201631828065e-05,0.9407184720039368,9.36283360375046,589.9207184314728
14615,2.3409314155578613,,5.931600099855564e-05,0.966261625289917,10.390910312417333,590.1198391914368
14616,2.058091640472412,,5.929880274997861e-05,0.9440977573394775,7.831011156861929,590.3208746910095
14617,2.3168318271636963,,5.928160688652563e-05,0.9646251201629639,10.143487025502578,590.518673658371
14618,2.3885438442230225,,5.926441340862515e-05,0.949411153793335,10.897613760605516,590.7233958244324
14619,1.8804618120193481,,5.9247222316705766e-05,0.9099036455154419,6.556532048447063,590.9200685024261
14620,2.1463475227355957,,5.923003361119594e-05,0.9330095052719116,8.55355959094852,591.1206665039062
14621,2.4085488319396973,,5.9212847292523965e-05,0.9756227731704712,11.117815614039795,591.3217153549194
14622,2.114009380340576,,5.919566336111824e-05,0.9194251298904419,8.281378005546527,591.5240535736084
14623,2.1638858318328857,,5.917848181740701e-05,0.9358099699020386,8.704897791823878,591.7260971069336
14624,2.171473503112793,,5.9161302661818505e-05,0.9284587502479553,8.771198912252535,591.9265034198761
14625,2.3902647495269775,,5.914412589478085e-05,0.969444751739502,10.916383667910834,592.122739315033
14626,1.992500901222229,,5.912695151672221e-05,0.8893207311630249,7.333852086248676,592.319393157959
14627,1.8735765218734741,,5.910977952807049e-05,0.8804322481155396,6.511543480346865,592.5185177326202
14628,2.352895498275757,,5.909260992925373e-05,0.9377275705337524,10.515974671278315,592.7169179916382
14629,2.018984317779541,,5.9075442720699835e-05,0.9568166136741638,7.530672278045763,592.9150021076202
14630,1.9416528940200806,,5.90582779028367e-05,0.8658308982849121,6.970262559601287,593.1162304878235
14631,2.4001712799072266,,5.904111547609203e-05,0.9560280442237854,11.025064590971049,593.3175196647644
14632,2.4380993843078613,,5.90239554408936e-05,0.9576539397239685,11.451255610662466,593.5187227725983
14633,1.9900881052017212,,5.900679779766908e-05,0.8878386616706848,7.316178327281739,593.7181053161621
14634,2.0002574920654297,,5.89896425468461e-05,0.9123618602752686,7.390958967223369,593.9176232814789
14635,2.538602590560913,,5.897248968885218e-05,1.0080353021621704,12.661964653303679,594.1135153770447
14636,2.243875503540039,,5.89553392241149e-05,0.9524010419845581,9.42980580901627,594.3100843429565
14637,2.137968063354492,,5.8938191153061584e-05,0.9209189414978027,8.48218484432044,594.5069637298584
14638,2.245924234390259,,5.8921045476119656e-05,0.9487738609313965,9.44914474646339,594.7072942256927
14639,2.4506783485412598,,5.8903902193716465e-05,0.9716590642929077,11.59621032414691,594.905802488327
14640,2.4832780361175537,,5.8886761306279186e-05,0.9659774303436279,11.98047254161367,595.1053297519684
14641,2.3148179054260254,,5.8869622814235055e-05,0.9648648500442505,10.123079393070997,595.3077688217163
14642,2.326876640319824,,5.88524867180112e-05,0.9823230504989624,10.245889905301125,595.5085694789886
14643,2.400202989578247,,5.883535301803472e-05,0.960820734500885,11.025414197685135,595.7066667079926
14644,2.3118984699249268,,5.881822171473262e-05,0.9476225972175598,10.093568813786977,595.9066185951233
14645,2.1263315677642822,,5.880109280853186e-05,0.9151437878608704,8.384053994689904,596.1066899299622
14646,2.649973154067993,,5.8783966299859366e-05,1.0222363471984863,14.153658672117098,596.3077754974365
14647,2.0847713947296143,,5.876684218914192e-05,0.968376100063324,8.04275265587752,596.5055346488953
14648,2.386901617050171,,5.87497204768063e-05,0.9200565814971924,10.879732090070004,596.7066609859467
14649,1.9763537645339966,,5.8732601163279306e-05,0.8653655052185059,7.216382326606913,596.9030451774597
14650,1.7780624628067017,,5.871548424898748e-05,0.8784990310668945,5.918378224533965,597.1007359027863
14651,2.1174802780151367,,5.8698369734357496e-05,0.9271942973136902,8.310171762393136,597.3045108318329
14652,2.256024122238159,,5.868125761981585e-05,0.9425705671310425,9.545063618213987,597.5070714950562
14653,2.1106276512145996,,5.866414790578905e-05,0.9235855937004089,8.253419928308258,597.7047982215881
14654,2.4620883464813232,,5.864704059270351e-05,0.9844143986701965,11.729280783211006,597.9046051502228
14655,2.2463533878326416,,5.862993568098564e-05,0.9530669450759888,9.453200749720537,598.1059949398041
14656,2.3479137420654297,,5.8612833171061644e-05,0.9642996788024902,10.463716924905523,598.3084509372711
14657,1.658922553062439,,5.859573306335779e-05,0.8445274233818054,5.25364726773346,598.5083434581757
14658,2.315711498260498,,5.857863535830032e-05,0.9480495452880859,10.132129347164303,598.7056803703308
14659,2.231923818588257,,5.8561540056315264e-05,0.9378992915153503,9.317774555521751,598.9018471240997
14660,2.1545889377593994,,5.854444715782873e-05,0.9563996195793152,8.624344307936905,599.0999159812927
14661,2.088859796524048,,5.85273566632667e-05,0.9269680380821228,8.07570196938852,599.3004231452942
14662,2.3277556896209717,,5.851026857305512e-05,0.9717662334442139,10.254900507463551,599.4977705478668
14663,2.433727502822876,,5.8493182887619874e-05,0.9691882729530334,11.401301354887398,599.6992852687836
14664,1.9218227863311768,,5.847609960738679e-05,0.8846172094345093,6.833402957530009,599.8959405422211
14665,2.2416112422943115,,5.8459018732781674e-05,0.9488738179206848,9.408478419670674,600.0961046218872
14666,2.4466769695281982,,5.8441940264230115e-05,0.9882350564002991,11.549902201486622,600.2977285385132
14667,2.484905242919922,,5.8424864202157815e-05,0.9911531209945679,11.999983117594935,600.5000729560852
14668,2.2071926593780518,,5.8407790546990383e-05,0.9287391901016235,9.090161359737118,600.6980619430542
14669,1.7634047269821167,,5.8390719299153275e-05,0.8713183999061584,5.832260884467165,600.8964173793793
14670,2.5304367542266846,,5.8373650459071965e-05,0.9649957418441772,12.558990131024814,601.0946536064148
14671,2.2901322841644287,,5.835658402717192e-05,0.9633848667144775,9.876244065458195,601.2945795059204
14672,2.068042755126953,,5.8339520003878395e-05,0.9267969727516174,7.909327467769847,601.4935998916626
14673,1.9877572059631348,,5.8322458389616644e-05,0.8792533874511719,7.299144912088575,601.697368144989
14674,1.818208932876587,,5.8305399184812035e-05,0.908423662185669,6.160814130634603,601.8950488567352
14675,2.0361924171447754,,5.8288342389889615e-05,0.8888749480247498,7.661382244482611,602.0972094535828
14676,1.9594639539718628,,5.82712880052745e-05,0.9170706272125244,7.095522518877971,602.2969970703125
14677,2.2166807651519775,,5.825423603139174e-05,0.9649973511695862,9.176820236399358,602.4932157993317
14678,1.8827624320983887,,5.8237186468666366e-05,0.8907833099365234,6.571633502419895,602.7003078460693
14679,1.8659676313400269,,5.8220139317523184e-05,0.8994914889335632,6.462185875238788,602.9014518260956
14680,2.141680955886841,,5.820309457838712e-05,0.9315006136894226,8.51373682339383,603.1008586883545
14681,2.4087071418762207,,5.818605225168303e-05,0.9740780591964722,11.119575814048833,603.3010976314545
14682,1.922475814819336,,5.8169012337835524e-05,0.8820262551307678,6.837866821688945,603.4997560977936
14683,1.7571043968200684,,5.815197483726937e-05,0.8621155023574829,5.795631225940257,603.6973876953125
14684,2.356501579284668,,5.8134939750409146e-05,0.9873151183128357,10.553964584014201,603.8933734893799
14685,2.2232706546783447,,5.811790707767945e-05,0.9790092706680298,9.23749416563402,604.0915248394012
14686,2.1744821071624756,,5.8100876819504755e-05,0.9346704483032227,8.79762771378471,604.291640996933
14687,2.046618700027466,,5.808384897630954e-05,0.9074336290359497,7.74167985844441,604.4920854568481
14688,2.295710802078247,,5.8066823548518114e-05,0.973227858543396,9.93149282973145,604.6946995258331
14689,2.7186508178710938,,5.804980053655483e-05,1.0382804870605469,15.159855035571223,604.8964440822601
14690,2.0850296020507812,,5.8032779940843954e-05,0.948391318321228,8.044829621627944,605.0939321517944
14691,2.0233523845672607,,5.801576176180973e-05,0.9353581666946411,7.563638704873141,605.2959353923798
14692,2.0621814727783203,,5.7998745999876174e-05,0.9425082802772522,7.8631042622544305,605.4923298358917
14693,1.8787884712219238,,5.798173265546745e-05,0.9422796368598938,6.545569910135304,605.6907744407654
14694,1.994597315788269,,5.796472172900755e-05,0.9129414558410645,7.349243007826695,605.8886241912842
14695,2.004162311553955,,5.7947713220920426e-05,0.9051713943481445,7.419875748500359,606.0891816616058
14696,2.4216737747192383,,5.793070713163e-05,1.0021731853485107,11.264698111451818,606.2918319702148
14697,1.995618224143982,,5.7913703461560134e-05,0.8922589421272278,7.35674974261369,606.4926722049713
14698,2.228529214859009,,5.789670221113452e-05,0.9459174275398254,9.286198028487732,606.6941130161285
14699,2.067615032196045,,5.787970338077692e-05,0.9056263566017151,7.905945190434172,606.8960485458374
14700,2.2469120025634766,,5.786270697091102e-05,0.9477404356002808,9.458482922125171,607.0996749401093
14701,2.1288974285125732,,5.784571298196034e-05,0.8974456191062927,8.405593932168879,607.3015813827515
14702,2.018064260482788,,5.782872141434847e-05,0.9343852400779724,7.523746814467079,607.5025639533997
14703,2.2419776916503906,,5.781173226849887e-05,0.9392113089561462,9.411926782315792,607.7042541503906
14704,2.1360023021698,,5.7794745544834936e-05,0.9021971225738525,8.465527272360323,607.9053711891174
14705,2.3036303520202637,,5.777776124378005e-05,0.9795607328414917,10.010458054998194,608.1041915416718
14706,2.083101511001587,,5.7760779365757494e-05,0.9272156953811646,8.029333401504493,608.3014540672302
14707,1.9658942222595215,,5.774379991119056e-05,0.9249995946884155,7.141295641324177,608.5023307800293
14708,2.0157651901245117,,5.772682288050231e-05,0.898547351360321,7.506469060179585,608.7040889263153
14709,1.8540782928466797,,5.770984827411589e-05,0.8670423626899719,6.385809690802174,608.9030857086182
14710,2.1540215015411377,,5.769287609245444e-05,0.9408898949623108,8.619451930805083,609.1022746562958
14711,2.068803548812866,,5.767590633594083e-05,0.9207471609115601,7.915347123734919,609.3071436882019
14712,2.3791425228118896,,5.765893900499803e-05,0.9677884578704834,10.795641877315513,609.5062317848206
14713,2.0758025646209717,,5.764197410004893e-05,0.9383618235588074,7.970941087953109,609.704131603241
14714,2.3772010803222656,,5.762501162151633e-05,0.9346838593482971,10.774703091772965,609.9010977745056
14715,2.6646039485931396,,5.7608051569822985e-05,1.0032531023025513,14.362260226071308,610.0992085933685
14716,2.1614766120910645,,5.7591093945391625e-05,0.944969654083252,8.683951023029579,610.3097543716431
14717,2.0469114780426025,,5.757413874864479e-05,0.9139108061790466,7.74394678394397,610.5093202590942
14718,2.0968518257141113,,5.755718598000508e-05,0.955825924873352,8.140501811462352,610.7092916965485
14719,2.2884714603424072,,5.754023563989508e-05,0.9399723410606384,9.859854977503248,610.9050316810608
14720,1.8220317363739014,,5.752328772873712e-05,0.8424849510192871,6.184410786392129,611.1034219264984
14721,2.2919859886169434,,5.750634224695361e-05,0.9415614604949951,9.894568682020827,611.3093369007111
14722,2.300668954849243,,5.748939919496692e-05,0.9702528119087219,9.980856964759099,611.5107071399689
14723,2.0835773944854736,,5.747245857319936e-05,0.9733290076255798,8.033155337982985,611.7096111774445
14724,2.4144480228424072,,5.745552038207295e-05,0.9841653108596802,11.183595564245834,611.9075107574463
14725,2.0914158821105957,,5.743858462201002e-05,0.9080232977867126,8.096370558882269,612.1059222221375
14726,2.146462917327881,,5.742165129343262e-05,0.9337729811668396,8.554546682421519,612.3064117431641
14727,2.1763832569122314,,5.740472039676271e-05,0.9416905045509338,8.814369230533902,612.5051679611206
14728,2.2274110317230225,,5.738779193242228e-05,0.9846548438072205,9.275820161713972,612.705376625061
14729,2.0350077152252197,,5.73708659008333e-05,0.9430841207504272,7.652311164554976,612.9044942855835
14730,2.2765917778015137,,5.735394230241748e-05,0.9501369595527649,9.743416028730026,613.1032147407532
14731,2.419708490371704,,5.733702113759667e-05,0.987214207649231,11.242581516391219,613.3089306354523
14732,2.4349491596221924,,5.7320102406792634e-05,0.9766569137573242,11.415238343583804,613.5127995014191
14733,2.1328930854797363,,5.7303186110426946e-05,0.9355552792549133,8.439246990392023,613.7263655662537
14734,2.514483690261841,,5.7286272248921236e-05,1.0114219188690186,12.360225426606865,613.9437875747681
14735,2.0325262546539307,,5.7269360822697035e-05,0.9221311807632446,7.6333457967589355,614.1599154472351
14736,2.4216859340667725,,5.7252451832175834e-05,0.9852727651596069,11.264835083663767,614.3654365539551
14737,2.559627056121826,,5.723554527777907e-05,0.9667218327522278,12.93099388115714,614.5801694393158
14738,2.036919355392456,,5.721864115992807e-05,0.9074482321739197,7.6669536210442395,614.8094007968903
14739,2.2997660636901855,,5.7201739479044164e-05,0.9583919048309326,9.971849404281082,615.0200119018555
14740,1.9572721719741821,,5.718484023554853e-05,0.9118381142616272,7.079987711032025,615.251179933548
14741,2.267033338546753,,5.7167943429862366e-05,0.9176846146583557,9.6507278612885,615.460577249527
14742,2.5330467224121094,,5.715104906240683e-05,0.9613710641860962,12.591811508451878,615.682864189148
14743,2.1622493267059326,,5.713415713360289e-05,0.9425370097160339,8.690663832108703,615.8948042392731
14744,2.286897659301758,,5.711726764387156e-05,0.9909458756446838,9.844349731765288,616.1176524162292
14745,2.3467726707458496,,5.7100380593633797e-05,0.9625824689865112,10.451783887144659,616.3238925933838
14746,2.2988853454589844,,5.7083495983310475e-05,0.9383694529533386,9.963070880982126,616.5402126312256
14747,2.5866382122039795,,5.706661381332238e-05,0.9935105443000793,13.285034979347463,616.7474095821381
14748,2.4194905757904053,,5.704973408409031e-05,0.9435445666313171,11.24013186086488,616.9457104206085
14749,1.983352541923523,,5.7032856796034876e-05,0.8954352140426636,7.267065332724018,617.1445388793945
14750,2.1331419944763184,,5.701598194957673e-05,0.9097760319709778,8.44134785634368,617.3409225940704
14751,2.1163222789764404,,5.699910954513649e-05,0.9476853013038635,8.300554161142122,617.5416567325592
14752,1.8274996280670166,,5.698223958313458e-05,0.8878738880157471,6.218319093751872,617.7426857948303
14753,2.1617047786712646,,5.696537206399149e-05,0.9576143622398376,8.685932636497517,617.9464962482452
14754,2.5224201679229736,,5.694850698812757e-05,1.0147075653076172,12.458712382399133,618.1469242572784
14755,2.1526339054107666,,5.693164435596318e-05,0.9352492094039917,8.607499906868785,618.3461084365845
14756,2.451457977294922,,5.6914784167918565e-05,0.9957236647605896,11.605254588275205,618.5464539527893
14757,2.259444236755371,,5.689792642441391e-05,0.9338312745094299,9.57776471773907,618.7478902339935
14758,2.5761919021606445,,5.688107112586943e-05,1.0247912406921387,13.146977734866747,618.9474613666534
14759,2.4264943599700928,,5.686421827270511e-05,0.9514508247375488,11.319131644355457,619.1551513671875
14760,2.327594518661499,,5.6847367865340985e-05,0.97602778673172,10.253247848493361,619.3538835048676
14761,2.2565295696258545,,5.683051990419707e-05,0.9743803143501282,9.549889365163056,619.5553150177002
14762,2.043191909790039,,5.6813674389693164e-05,0.944939911365509,7.715196148459895,619.7550933361053
14763,2.2282705307006836,,5.6796831322249175e-05,0.9604194760322571,9.283796146844452,619.9588565826416
14764,2.1307218074798584,,5.677999070228484e-05,0.9450376033782959,8.420942917872367,620.1580560207367
14765,2.1004834175109863,,5.67631525302199e-05,0.893198549747467,8.17011853644114,620.3564887046814
14766,2.3223655223846436,,5.6746316806473974e-05,1.0034852027893066,10.199773583876057,620.5579409599304
14767,2.2358129024505615,,5.6729483531466736e-05,0.9354522824287415,9.354082719161543,620.7561168670654
14768,2.1772420406341553,,5.671265270561759e-05,0.9527038931846619,8.821942118619196,620.9544253349304
14769,2.208407163619995,,5.669582432934606e-05,0.9780315160751343,9.10120810607076,621.1576554775238
14770,2.1464426517486572,,5.667899840307158e-05,0.9444665312767029,8.55437332133464,621.3621089458466
14771,2.1655871868133545,,5.6662174927213496e-05,0.9014735221862793,8.71972051882117,621.5652942657471
14772,2.263770341873169,,5.664535390219104e-05,0.8989397883415222,9.619288888905215,621.766684293747
14773,2.1284220218658447,,5.662853532842345e-05,0.9165921807289124,8.401598806673679,621.9697754383087
14774,2.105233669281006,,5.6611719206329966e-05,0.9318367838859558,8.209020981532037,622.1709969043732
14775,2.079538106918335,,5.6594905536329535e-05,0.953018069267273,8.000772559208574,622.368195772171
14776,2.2417776584625244,,5.657809431884134e-05,0.9512365460395813,9.41004427288602,622.5658168792725
14777,2.1230857372283936,,5.656128555428435e-05,0.8941487669944763,8.356884893222132,622.7682654857635
14778,2.139457941055298,,5.65444792430774e-05,0.9257552027702332,8.49483168115481,622.9703803062439
14779,2.2097513675689697,,5.65276753856394e-05,0.9368360638618469,9.11345021204764,623.1690547466278
14780,1.9254285097122192,,5.651087398238918e-05,0.9040291905403137,6.858086793144294,623.3679754734039
14781,1.8898940086364746,,5.649407503374538e-05,0.8529500961303711,6.618667122311137,623.5738220214844
14782,2.20947527885437,,5.6477278540126736e-05,0.9249473214149475,9.110934438597338,623.7773435115814
14783,2.264406442642212,,5.646048450195189e-05,0.9644513726234436,9.625409672476277,623.9880208969116
14784,1.8229098320007324,,5.644369291963932e-05,0.8784997463226318,6.189843675407142,624.1856126785278
14785,2.412743091583252,,5.6426903793607545e-05,0.9459503293037415,11.164544547530335,624.3815762996674
14786,2.0526182651519775,,5.6410117124274957e-05,0.9234075546264648,7.788266180024762,624.5807554721832
14787,2.112553596496582,,5.6393332912060055e-05,0.9549673199653625,8.26933088037277,624.7781476974487
14788,2.298706531524658,,5.637655115738101e-05,0.9743678569793701,9.961289504352157,624.9745738506317
14789,2.281076192855835,,5.635977186065613e-05,0.9580675959587097,9.787207666802908,625.1718623638153
14790,2.4368321895599365,,5.634299502230361e-05,0.9873005747795105,11.436753829926241,625.3705241680145
14791,2.419743061065674,,5.632622064274152e-05,0.9746738076210022,11.242970186954517,625.5756640434265
14792,2.33536696434021,,5.630944872238793e-05,0.9697831869125366,10.333251168399459,625.7739000320435
14793,2.0916683673858643,,5.62926792616609e-05,0.9241874814033508,8.098415031320236,625.975301027298
14794,2.400120973587036,,5.62759122609783e-05,0.9582578539848328,11.024509974492089,626.1752865314484
14795,2.184985637664795,,5.625914772075802e-05,0.9440247416496277,8.890520863813618,626.3731849193573
14796,2.262643814086914,,5.624238564141789e-05,0.9662027359008789,9.608458594147201,626.5700104236603
14797,2.081374406814575,,5.622562602337567e-05,0.9166929721832275,8.015477874581247,626.7660715579987
14798,2.27665114402771,,5.620886886704905e-05,0.9417088627815247,9.74399447573985,626.9649980068207
14799,2.177253246307373,,5.6192114172855645e-05,0.9106462001800537,8.822040974973598,627.1633710861206
14800,2.44415020942688,2.2621396329667833,5.6175361941213115e-05,0.9650888442993164,11.520755208666495,627.3622007369995
14801,2.1920182704925537,,5.6158612172538816e-05,0.942825198173523,8.953265002341169,631.7338666915894
14802,2.072333335876465,,5.6141864867250296e-05,0.9398717284202576,7.943335981910576,631.9386684894562
14803,2.0587024688720703,,5.6125120025764964e-05,0.9341388940811157,7.835796022091592,632.1374237537384
14804,2.1377949714660645,,5.610837764850007e-05,0.927341103553772,8.480716773986941,632.3654267787933
14805,2.4019768238067627,,5.6091637735872895e-05,0.9891884326934814,11.044988810699232,632.6412680149078
14806,2.1017704010009766,,5.607490028830066e-05,0.9153815507888794,8.180640113204332,632.9091958999634
14807,2.103135824203491,,5.6058165306200495e-05,0.9056726098060608,8.191817778411416,633.149934053421
14808,2.440103054046631,,5.604143278998948e-05,0.9879305362701416,11.47422314699526,633.3479211330414
14809,2.2023332118988037,,5.602470274008471e-05,0.9194629788398743,9.046095352969704,633.5485134124756
14810,2.32450532913208,,5.600797515690302e-05,0.9568281769752502,10.221622496101295,633.7473556995392
14811,2.5461790561676025,,5.599125004086134e-05,0.9907257556915283,12.758261928866466,633.9515030384064
14812,1.9524375200271606,,5.597452739237659e-05,0.9132852554321289,7.0458410447947895,634.1519753932953
14813,2.3879332542419434,,5.5957807211865424e-05,0.9870428442955017,10.89096181783709,634.3488414287567
14814,2.4203920364379883,,5.594108949974458e-05,0.9867374897003174,11.250268965825217,634.547572851181
14815,2.4013266563415527,,5.5924374256430746e-05,0.9802337884902954,11.037810052271375,634.7494797706604
14816,2.43410587310791,,5.590766148234048e-05,0.9736695289611816,11.405616084762118,634.9529099464417
14817,2.24934983253479,,5.589095117789033e-05,0.9366002082824707,9.481569224081783,635.154736995697
14818,2.1395623683929443,,5.5874243343496755e-05,0.902662456035614,8.495718820131003,635.3521726131439
14819,2.2956647872924805,,5.5857537979576195e-05,0.9716693758964539,9.931035844730662,635.550283908844
14820,2.1621620655059814,,5.584083508654489e-05,0.9452230930328369,8.689905507440981,635.747861623764
14821,1.9625062942504883,,5.5824134664819185e-05,0.8924970030784607,7.117142383651936,635.9519913196564
14822,1.8680442571640015,,5.580743671481534e-05,0.911770761013031,6.47561936064046,636.1487555503845
14823,2.5146279335021973,,5.579074123694943e-05,1.0145304203033447,12.362008434164236,636.3464884757996
14824,1.8832905292510986,,5.577404823163758e-05,0.916596531867981,6.57510487989278,636.5464401245117
14825,2.0987679958343506,,5.575735769929581e-05,0.8972573280334473,8.156115352119906,636.7480626106262
14826,2.175553321838379,,5.5740669640340125e-05,0.9321805834770203,8.807056911150482,636.948652267456
14827,2.414297580718994,,5.572398405518642e-05,0.9668764472007751,11.181913206933633,637.1490588188171
14828,1.9855555295944214,,5.5707300944250586e-05,0.9089557528495789,7.283092235108047,637.3498873710632
14829,2.3651468753814697,,5.5690620307948315e-05,0.9432748556137085,10.645602279585942,637.5475523471832
14830,1.9335824251174927,,5.567394214669538e-05,0.8810344338417053,6.914235658151284,637.7443749904633
14831,2.098501443862915,,5.565726646090745e-05,0.9922144412994385,8.15394161321361,637.9434671401978
14832,2.0946295261383057,,5.564059325100018e-05,0.9346939921379089,8.12243126426154,638.14053606987
14833,1.940321922302246,,5.5623922517389e-05,0.8871966600418091,6.960991508390683,638.3436899185181
14834,2.1248722076416016,,5.560725426048945e-05,0.9064565896987915,8.371827564176137,638.5442085266113
14835,2.2169301509857178,,5.559058848071698e-05,0.9396048784255981,9.17910909075716,638.7517883777618
14836,2.1185102462768555,,5.5573925178486845e-05,0.9479120373725891,8.318735384930493,638.9579584598541
14837,2.010587215423584,,5.555726435421437e-05,0.9262428879737854,7.467701209386381,639.1696088314056
14838,2.3094899654388428,,5.554060600831491e-05,0.933651864528656,10.069287660389513,639.383730173111
14839,2.103846788406372,,5.552395014120347e-05,0.9234214425086975,8.197643938458594,639.6079487800598
14840,2.095393180847168,,5.550729675329523e-05,0.8986733555793762,8.128636366119979,639.8123626708984
14841,2.4043705463409424,,5.549064584500529e-05,0.9239646792411804,11.071459117951278,640.0367248058319
14842,2.311030387878418,,5.547399741674852e-05,0.9627129435539246,10.084810569901657,640.2550268173218
14843,2.128976583480835,,5.54573514689399e-05,0.9360549449920654,8.406259303023157,640.4602925777435
14844,2.117729902267456,,5.5440708001994344e-05,0.9236409068107605,8.312246441740335,640.6654489040375
14845,2.11933970451355,,5.542406701632653e-05,0.9125305414199829,8.325638290954766,640.8679089546204
14846,2.477299451828003,,5.5407428512351274e-05,1.0019645690917969,11.909059962467852,641.0723869800568
14847,2.009709358215332,,5.539079249048324e-05,0.9021972417831421,7.461148510638375,641.2665843963623
14848,2.406442880630493,,5.537415895113703e-05,0.9907638430595398,11.094426672322356,641.4669365882874
14849,2.192157030105591,,5.5357527894727204e-05,0.9164690971374512,8.954507440126413,641.6669251918793
14850,2.4581024646759033,,5.534089932166826e-05,0.9697964191436768,11.682622305707724,641.8679535388947
14851,1.9967824220657349,,5.532427323237466e-05,0.9376442432403564,7.365319442820566,642.0691530704498
14852,2.2868173122406006,,5.530764962726067e-05,0.9709248542785645,9.843558798970324,642.2685329914093
14853,2.2000534534454346,,5.529102850674065e-05,0.9183015823364258,9.025495930394444,642.4657583236694
14854,1.8354246616363525,,5.527440987122888e-05,0.8781098127365112,6.267795272553189,642.6616008281708
14855,2.2430129051208496,,5.5257793721139476e-05,0.9478396773338318,9.42167518066988,642.8621428012848
14856,2.213716745376587,,5.524118005688657e-05,0.9262326955795288,9.149660231024301,643.0661914348602
14857,2.2649590969085693,,5.5224568878884245e-05,0.9590599536895752,9.630730666396774,643.2677555084229
14858,1.9549928903579712,,5.520796018754645e-05,0.9051120281219482,7.063868801944161,643.4673478603363
14859,2.4816646575927734,,5.519135398328717e-05,0.9588342308998108,11.961159088642836,643.6696105003357
14860,2.3090286254882812,,5.517475026652029e-05,0.960561990737915,10.064643367099471,643.8729517459869
14861,1.9749815464019775,,5.515814903765953e-05,0.8892619013786316,7.206486666985322,644.0779807567596
14862,2.4854068756103516,,5.5141550297118684e-05,0.951775848865509,12.006004211473826,644.2764565944672
14863,2.163496732711792,,5.5124954045311444e-05,0.9201540350914001,8.701511382611017,644.4746382236481
14864,2.1956419944763184,,5.510836028265148e-05,0.929834246635437,8.985768018876,644.6741609573364
14865,2.3002796173095703,,5.5091769009552236e-05,0.9170188307762146,9.97697179883416,644.871985912323
14866,1.9869266748428345,,5.507518022642727e-05,0.9282277822494507,7.293085261799896,645.0706880092621
14867,2.3607778549194336,,5.5058593933690024e-05,0.9958606362342834,10.59919288102488,645.2688708305359
14868,2.369710922241211,,5.5042010131753874e-05,0.9615663886070251,10.694300352850485,645.468944311142
14869,2.345179796218872,,5.502542882103211e-05,0.9372842311859131,10.435148759182432,645.6704351902008
14870,2.3648884296417236,,5.500885000193805e-05,0.9501115083694458,10.642851324531373,645.8678183555603
14871,1.782718300819397,,5.499227367488478e-05,0.8226845264434814,5.945997480344332,646.0686132907867
14872,2.4259026050567627,,5.497569984028547e-05,0.9590179324150085,11.312435474031528,646.2675452232361
14873,2.2621190547943115,,5.495912849855324e-05,0.9623466730117798,9.6034177889327,646.4712672233582
14874,2.3761978149414062,,5.4942559650100985e-05,0.9926372170448303,10.763898625951471,646.6700100898743
14875,1.8924341201782227,,5.4925993295341696e-05,0.8703944683074951,6.635500645521748,646.8670134544373
14876,2.3353354930877686,,5.4909429434688255e-05,0.9912066459655762,10.332925973160576,647.0681345462799
14877,2.24619197845459,,5.4892868068553456e-05,0.9484137296676636,9.45167503760236,647.2707045078278
14878,2.1364200115203857,,5.487630919735009e-05,0.9427095651626587,8.46906414089973,647.4682681560516
14879,1.7731531858444214,,5.4859752821490806e-05,0.8712948560714722,5.889394469514033,647.667338848114
14880,1.9400651454925537,,5.484319894138831e-05,0.8764744400978088,6.959204316663378,647.864483833313
14881,2.150519847869873,,5.482664755745506e-05,0.9134471416473389,8.589322377723688,648.0655941963196
14882,2.0371291637420654,,5.481009867010361e-05,0.9477265477180481,7.668562380689704,648.2618598937988
14883,2.397156238555908,,5.479355227974644e-05,0.9515730738639832,10.99187362653691,648.4622716903687
14884,2.275148630142212,,5.477700838679585e-05,0.9645202159881592,9.729364982000806,648.6625277996063
14885,1.91616952419281,,5.4760466991664195e-05,0.865184485912323,6.794880929470296,648.8665087223053
14886,1.9350812435150146,,5.4743928094763775e-05,0.9035806059837341,6.924606611907177,649.0660247802734
14887,2.019197702407837,,5.472739169650664e-05,0.9347421526908875,7.532279379209877,649.2658534049988
14888,1.765567660331726,,5.471085779730508e-05,0.8467540740966797,5.844889328355738,649.4640095233917
14889,2.041158437728882,,5.4694326397571136e-05,0.9077166318893433,7.699523453040343,649.6721634864807
14890,1.9853111505508423,,5.4677797497716735e-05,0.9052571654319763,7.28131261745282,649.870142698288
14891,2.1949963569641113,,5.466127109815388e-05,0.9658574461936951,8.97996834241283,650.0728549957275
14892,2.293588399887085,,5.464474719929446e-05,0.9544001817703247,9.910436560428327,650.2695944309235
14893,1.903955340385437,,5.462822580155024e-05,0.8702523708343506,6.712391799066994,650.4680557250977
14894,2.2055811882019043,,5.461170690533302e-05,0.9234299063682556,9.07552462322631,650.673445224762
14895,1.970556616783142,,5.459519051105446e-05,0.9299191236495972,7.174668918250176,650.8768887519836
14896,1.8322330713272095,,5.457867661912626e-05,0.8719972968101501,6.247822926628073,651.0753378868103
14897,2.1284055709838867,,5.4562165229959906e-05,0.9542253613471985,8.401460594100314,651.2751908302307
14898,2.1554088592529297,,5.4545656343966935e-05,0.9698843359947205,8.631418492944443,651.475822687149
14899,2.0977680683135986,,5.452914996155881e-05,0.9488646984100342,8.147963904024726,651.676901102066
14900,2.1492204666137695,,5.4512646083146885e-05,0.9309845566749573,8.578168821153914,651.8755593299866
14901,2.118584156036377,,5.4496144709142504e-05,0.9363570213317871,8.319350243384056,652.075649023056
14902,2.2372236251831055,,5.4479645839956965e-05,0.920738935470581,9.367288048634764,652.2737584114075
14903,1.9731744527816772,,5.4463149476001364e-05,0.9124097228050232,7.193475630525846,652.4734065532684
14904,2.4445831775665283,,5.444665561768689e-05,1.0157983303070068,11.525744408620909,652.672839641571
14905,2.1129283905029297,,5.4430164265424646e-05,0.9467184543609619,8.272430756894524,652.8744978904724
14906,2.4419264793395996,,5.441367541962555e-05,0.9947153925895691,11.495164622504394,653.0729074478149
14907,2.4636495113372803,,5.4397189080700615e-05,0.9656169414520264,11.747606425107461,653.2695274353027
14908,2.2341628074645996,,5.43807052490607e-05,0.9536104798316956,9.338660321877954,653.4687116146088
14909,2.1074914932250977,,5.4364223925116625e-05,0.9151298999786377,8.227576445264225,653.6673202514648
14910,2.3251819610595703,,5.4347745109279154e-05,0.905686616897583,10.22854111264737,653.8647077083588
14911,2.2615182399749756,,5.433126880195899e-05,0.9491337537765503,9.597649646175174,654.0685472488403
14912,1.7630215883255005,,5.431479500356679e-05,0.8620672225952148,5.830026747886229,654.2684893608093
14913,2.272376775741577,,5.429832371451307e-05,0.9591435194015503,9.702433940565918,654.4669096469879
14914,2.3595786094665527,,5.4281854935208346e-05,0.9832521080970764,10.586489465936987,654.6661834716797
14915,1.985447883605957,,5.426538866606312e-05,0.8801559209823608,7.282308281640802,654.866991519928
14916,1.99095618724823,,5.4248924907487695e-05,0.8982486128807068,7.322532127747764,655.067672252655
14917,2.3479995727539062,,5.423246365989242e-05,0.9727367162704468,10.46461507147693,655.2680778503418
14918,2.2903692722320557,,5.4216004923687554e-05,0.9854769110679626,9.878584894818037,655.4686660766602
14919,2.4577951431274414,,5.419954869928331e-05,0.9430904984474182,11.679032535765721,655.668538570404
14920,2.121657371520996,,5.4183094987089794e-05,0.9451852440834045,8.344956726340264,655.8694591522217
14921,2.295426845550537,,5.416664378751716e-05,0.9492639303207397,9.928673117869284,656.0761079788208
14922,2.20554518699646,,5.415019510097527e-05,0.9506201148033142,9.075197899281097,656.2760660648346
14923,2.0777804851531982,,5.4133748927874156e-05,0.9404759407043457,7.986722578113859,656.4746651649475
14924,2.3074791431427,,5.411730526862368e-05,0.9701505899429321,10.049060455728357,656.673365354538
14925,2.034607172012329,,5.410086412363371e-05,0.9013504981994629,7.649246697021892,656.872490644455
14926,2.1609065532684326,,5.408442549331393e-05,0.9400975704193115,8.679002070864541,657.0816192626953
14927,2.3481624126434326,,5.4067989378074045e-05,0.9798973202705383,10.466319266990844,657.2813017368317
14928,2.3246119022369385,,5.405155577832372e-05,0.9907051920890808,10.222711904197165,657.4803349971771
14929,2.0641255378723145,,5.4035124694472494e-05,0.895219087600708,7.878405517279895,657.6783607006073
14930,2.148242473602295,,5.401869612692988e-05,0.9500276446342468,8.56978353304052,657.8771259784698
14931,1.7751233577728271,,5.400227007610539e-05,0.8617900013923645,5.901009026753595,658.0752575397491
14932,2.2030587196350098,,5.398584654240829e-05,0.9534833431243896,9.052660746464648,658.2737257480621
14933,2.39695405960083,,5.396942552624794e-05,0.9620418548583984,10.98965152565133,658.4726839065552
14934,2.0130207538604736,,5.395300702803364e-05,0.9243244528770447,7.485896277534049,658.6719093322754
14935,2.182785987854004,,5.393659104817451e-05,0.9615651369094849,8.870986323727822,658.8726544380188
14936,2.0308828353881836,,5.3920177587079725e-05,0.8984293937683105,7.620811311742636,659.0744223594666
14937,2.355193614959717,,5.390376664515837e-05,0.9476520419120789,10.540169398623386,659.2785720825195
14938,2.3953630924224854,,5.388735822281933e-05,0.9623439311981201,10.97218125177377,659.4806060791016
14939,2.3942453861236572,,5.3870952320471685e-05,0.948771059513092,10.959924426718068,659.6798849105835
14940,2.3940529823303223,,5.385454893852424e-05,0.9865696430206299,10.957815898534617,659.8786845207214
14941,2.556452989578247,,5.3838148077385906e-05,0.9948996901512146,12.89001511517284,660.0855281352997
14942,2.0142266750335693,,5.3821749737465306e-05,0.9387773871421814,7.494929123710289,660.283444404602
14943,2.226263999938965,,5.380535391917119e-05,0.9517229199409485,9.265186600847294,660.4833521842957
14944,2.340801954269409,,5.3788960622912224e-05,0.9302693605422974,10.389565178853337,660.6799921989441
14945,2.15808367729187,,5.3772569849096864e-05,0.9565804600715637,8.654536871775719,660.8775057792664
14946,2.313350200653076,,5.37561815981337e-05,0.9798779487609863,10.108232599149188,661.077358007431
14947,2.02030611038208,,5.373979587043117e-05,0.8836565017700195,7.540632846407614,661.2821888923645
14948,2.046032428741455,,5.3723412666397595e-05,0.889159619808197,7.7371424640399065,661.4844031333923
14949,1.8944685459136963,,5.37070319864413e-05,0.8918520212173462,6.649013819916835,661.6905026435852
14950,2.183659553527832,,5.3690653830970555e-05,0.9394490718841553,8.878739098659235,661.8865804672241
14951,1.9255461692810059,,5.367427820039355e-05,0.8884156346321106,6.858893760151841,662.0863909721375
14952,2.3361623287200928,,5.365790509511839e-05,0.9981285929679871,10.341473137604467,662.2878301143646
14953,1.833811640739441,,5.36415345155532e-05,0.8485720753669739,6.257693337307622,662.4890553951263
14954,2.4696507453918457,,5.3625166462105875e-05,0.9779101610183716,11.818318528563658,662.6890375614166
14955,1.9686447381973267,,5.3608800935184405e-05,0.9334509968757629,7.160964926743335,662.8907251358032
14956,2.1779913902282715,,5.359243793519665e-05,0.9759230017662048,8.8285553148536,663.0920705795288
14957,2.1781907081604004,,5.357607746255046e-05,0.9279313087463379,8.83031517962312,663.2932033538818
14958,2.057469129562378,,5.355971951765352e-05,0.8878459930419922,7.826137784001448,663.4941427707672
14959,2.260329484939575,,5.354336410091352e-05,0.923902153968811,9.586247170548207,663.6942763328552
14960,2.5427138805389404,,5.3527011212738106e-05,0.9922664165496826,12.714128819214933,663.8910312652588
14961,1.9069459438323975,,5.3510660853534806e-05,0.8927645683288574,6.732495947903234,664.095858335495
14962,2.588602066040039,,5.349431302371116e-05,0.9772419929504395,13.311150481374906,664.3017783164978
14963,2.09797739982605,,5.347796772367461e-05,0.9394773840904236,8.149669708165204,664.498214006424
14964,2.1108875274658203,,5.3461624953832434e-05,0.9213460087776184,8.255565074863226,664.6971328258514
14965,2.377621650695801,,5.344528471459198e-05,0.9867755174636841,10.779235565722324,664.8951601982117
14966,2.175694465637207,,5.342894700636055e-05,0.9507331252098083,8.808300060348754,665.0928113460541
14967,2.514561653137207,,5.3412611829545235e-05,1.0005106925964355,12.361189102886296,665.290533542633
14968,1.8868082761764526,,5.3396279184553177e-05,0.8975117802619934,6.5982751645732804,665.4933667182922
14969,2.2120981216430664,,5.337994907179143e-05,0.9359167814254761,9.134862353149682,665.6937265396118
14970,2.0974419116973877,,5.3363621491667006e-05,0.9189507365226746,8.145306825024281,665.8934864997864
14971,2.23862886428833,,5.3347296444586803e-05,0.9408440589904785,9.380460581221914,666.0964832305908
14972,2.251483201980591,,5.33309739309577e-05,0.972335934638977,9.501818506082458,666.2985761165619
14973,2.0166244506835938,,5.331465395118653e-05,0.9265448451042175,7.5129218448956445,666.4988565444946
14974,2.526090383529663,,5.329833650567995e-05,1.0174078941345215,12.504522558211622,666.697035074234
14975,2.316287040710449,,5.3282021594844676e-05,0.9442968368530273,10.137962496163405,666.8940849304199
14976,2.3133978843688965,,5.3265709219087374e-05,0.9848790764808655,10.108714608731804,667.0934102535248
14977,2.3016819953918457,,5.3249399378814475e-05,0.975751519203186,9.990973100677085,667.293835401535
14978,2.0643556118011475,,5.323309207443253e-05,0.9200147986412048,7.880218341523997,667.4945211410522
14979,2.091588020324707,,5.321678730634795e-05,0.9332037568092346,8.097764373612007,667.6972503662109
14980,1.9190856218338013,,5.3200485074967084e-05,0.8788155317306519,6.814724384383798,667.8963780403137
14981,2.168161392211914,,5.3184185380696245e-05,0.9165515303611755,8.74219578602064,668.1057546138763
14982,2.2548515796661377,,5.316788822394169e-05,0.9344112873077393,9.533878183749557,668.30783867836
14983,2.449657917022705,,5.3151593605109525e-05,1.0346739292144775,11.584383221037033,668.5184137821198
14984,2.032332181930542,,5.3135301524605874e-05,0.888824999332428,7.631864516294307,668.7218234539032
14985,1.95280921459198,,5.311901198283683e-05,0.9057645201683044,7.04846043239163,668.9234666824341
14986,2.405200958251953,,5.310272498020829e-05,0.9420625567436218,11.08065680788218,669.12144947052
14987,2.2944464683532715,,5.3086440517126194e-05,0.9335135817527771,9.918944043006244,669.3206467628479
14988,1.8824574947357178,,5.307015859399641e-05,0.8838174939155579,6.569629871337743,669.5199809074402
14989,2.044009208679199,,5.305387921122473e-05,0.8832005858421326,7.721504347192448,669.7200746536255
14990,2.6405222415924072,,5.303760236921686e-05,1.003674864768982,14.020523796787664,669.920028924942
14991,2.1497926712036133,,5.3021328068378466e-05,0.9451716542243958,8.583078693317562,670.1215419769287
14992,2.1220405101776123,,5.30050563091152e-05,0.9482452869415283,8.348154614428068,670.3185160160065
14993,1.9529976844787598,,5.298878709183251e-05,0.9101488590240479,7.049788980122982,670.5179283618927
14994,1.8457683324813843,,5.2972520416935905e-05,0.8741556406021118,6.332963743343713,670.7177243232727
14995,2.1480963230133057,,5.295625628483084e-05,0.9166514873504639,8.568531145650462,670.9213569164276
14996,2.373424530029297,,5.293999469592255e-05,0.9767492413520813,10.734088623218046,671.1219396591187
14997,2.1028342247009277,,5.292373565061639e-05,0.9262589812278748,8.189347502780032,671.3208742141724
14998,2.27543306350708,,5.2907479149317635e-05,0.9540541768074036,9.732132731622178,671.5197653770447
14999,2.1444690227508545,,5.2891225192431304e-05,0.9132196307182312,8.537506811680782,671.7217855453491
15000,1.928883671760559,2.2624652836057875,5.2874973780362514e-05,0.9049989581108093,6.881823577960785,671.9257245063782
15001,2.3688855171203613,,5.285872491351643e-05,0.9719462394714355,10.6854768645525,676.0464992523193
15002,2.104334831237793,,5.284247859229786e-05,0.9127321839332581,8.201645716257353,676.2469012737274
15003,2.425034523010254,,5.282623481711178e-05,0.9351842999458313,11.302619612997008,676.4498190879822
15004,2.654961585998535,,5.2809993588363016e-05,1.0141524076461792,14.22443963119051,676.648832321167
15005,2.1850929260253906,,5.279375490645638e-05,0.9685110449790955,8.891474764392239,676.8533635139465
15006,2.3812782764434814,,5.27775187717965e-05,0.9479748606681824,10.818723348054094,677.0514345169067
15007,2.2330052852630615,,5.2761285184788055e-05,0.9520301222801208,9.327856869047269,677.2522127628326
15008,2.0993494987487793,,5.2745054145835694e-05,0.9067236185073853,8.160859536212334,677.4505658149719
15009,2.4447214603424072,,5.2728825655343825e-05,0.9422978758811951,11.527338330755251,677.651314496994
15010,2.1890203952789307,,5.271259971371698e-05,0.9286984801292419,8.926464423577015,677.8482401371002
15011,1.8782806396484375,,5.2696376321359516e-05,0.9043276309967041,6.542246706953645,678.0499107837677
15012,2.0954854488372803,,5.268015547867578e-05,0.9301469922065735,8.129386413661992,678.2467775344849
15013,2.011388063430786,,5.266393718607003e-05,0.9065727591514587,7.473684098390904,678.4489233493805
15014,2.4455740451812744,,5.264772144394652e-05,0.995675802230835,11.537170555455814,678.6485126018524
15015,2.172381639480591,,5.263150825270931e-05,0.9484232664108276,8.779167974924073,678.846168756485
15016,2.1274046897888184,,5.261529761276251e-05,0.9684243202209473,8.393055936913857,679.0457484722137
15017,2.0761775970458984,,5.259908952451016e-05,0.9580398201942444,7.973931009942074,679.2441453933716
15018,2.319045066833496,,5.258288398835614e-05,0.9418749213218689,10.165961855295675,679.4422609806061
15019,2.3707220554351807,,5.2566681004704374e-05,0.9454376101493835,10.705119183641246,679.6421303749084
15020,2.450564384460449,,5.255048057395868e-05,0.9872711896896362,11.59488884799827,679.841552734375
15021,2.4454596042633057,,5.253428269652281e-05,0.9806929230690002,11.535850306613373,680.0430059432983
15022,2.260228157043457,,5.251808737280047e-05,0.9571046233177185,9.585275865501725,680.2416543960571
15023,2.1839287281036377,,5.2501894603195286e-05,0.9404017329216003,8.881129351172977,680.4397313594818
15024,2.1863014698028564,,5.2485704388110865e-05,0.9632359147071838,8.90222699685435,680.6418974399567
15025,2.1432766914367676,,5.246951672795061e-05,0.9261521697044373,8.527333341243935,680.8468608856201
15026,1.9683705568313599,,5.245333162311802e-05,0.9046249389648438,7.159001792737761,681.0451762676239
15027,2.302320718765259,,5.2437149074016524e-05,0.9926902055740356,9.997356607150001,681.2466995716095
15028,2.0603106021881104,,5.242096908104931e-05,0.9070467352867126,7.848407164213513,681.4461817741394
15029,2.377302885055542,,5.2404791644619705e-05,1.018975019454956,10.775800063384859,681.6445925235748
15030,1.9781569242477417,,5.2388616765130864e-05,0.9239543080329895,7.229406355170197,681.8408176898956
15031,2.489915370941162,,5.237244444298595e-05,0.9991603493690491,12.06025542918894,682.0523445606232
15032,2.274186134338379,,5.235627467858797e-05,0.9272098541259766,9.720005014219117,682.2529714107513
15033,2.5177934169769287,,5.234010747233994e-05,1.0205527544021606,12.40120216840841,682.451292514801
15034,2.305387258529663,,5.232394282464482e-05,1.0053311586380005,10.028060952711945,682.6510949134827
15035,1.9979276657104492,,5.2307780735905416e-05,0.9119179248809814,7.373759360062068,682.8514542579651
15036,2.5498127937316895,,5.229162120652455e-05,0.9675289392471313,12.804706436962087,683.0542950630188
15037,2.3239498138427734,,5.227546423690502e-05,0.99101722240448,10.215945805413408,683.2545695304871
15038,2.555581569671631,,5.22593098274494e-05,1.0114187002182007,12.878787392146071,683.4572582244873
15039,2.155339002609253,,5.2243157978560336e-05,0.9837622046470642,8.630815552078314,683.6570906639099
15040,2.1498284339904785,,5.22270086906404e-05,0.926140546798706,8.583385653620363,683.8549249172211
15041,2.2703654766082764,,5.221086196409203e-05,0.9363540410995483,9.682939055185312,684.0621607303619
15042,1.9119396209716797,,5.2194717799317694e-05,0.8766340017318726,6.7661999424028565,684.2600150108337
15043,1.9794692993164062,,5.217857619671977e-05,0.9028615951538086,7.238900276262003,684.4595692157745
15044,1.891879677772522,,5.216243715670046e-05,0.8891215920448303,6.631822662289972,684.6600420475006
15045,2.263065814971924,,5.2146300679662035e-05,0.9697850942611694,9.612514227857831,684.8609924316406
15046,2.0399587154388428,,5.2130166766006715e-05,0.909437894821167,7.690291702007095,685.0596702098846
15047,2.2002034187316895,,5.211403541613647e-05,0.9281137585639954,9.02684954297015,685.2608027458191
15048,2.086865186691284,,5.209790663045343e-05,0.9152894020080566,8.05961014862094,685.4574179649353
15049,2.3965516090393066,,5.2081780409359536e-05,1.0115429162979126,10.985229624081954,685.6599233150482
15050,2.29661226272583,,5.2065656753256756e-05,0.9335622787475586,9.940449716223,685.8590412139893
15051,2.4864501953125,,5.2049535662546806e-05,0.9480865001678467,12.018536848848647,686.066157579422
15052,2.277127981185913,,5.203341713763157e-05,1.0135488510131836,9.748641882315223,686.2646391391754
15053,2.2573723793029785,,5.201730117891278e-05,0.97913658618927,9.557941497066185,686.4625835418701
15054,2.2112672328948975,,5.2001187786792e-05,0.9556279182434082,9.127275451176605,686.6642029285431
15055,2.1912527084350586,,5.198507696167089e-05,0.9480587244033813,8.946413345383615,686.8687858581543
15056,1.8238388299942017,,5.196896870395095e-05,0.8882095813751221,6.195596699621704,687.0703151226044
15057,1.8124607801437378,,5.19528630140336e-05,0.8446336388587952,6.125502415846526,687.2686111927032
15058,2.133101224899292,,5.19367598923203e-05,0.931142270565033,8.441003713177379,687.4646437168121
15059,2.2914023399353027,,5.1920659339212376e-05,0.9189914464950562,9.888795414997894,687.6670589447021
15060,1.5968701839447021,,5.1904561355111026e-05,0.8398345112800598,4.937554578031612,687.8643689155579
15061,1.811224102973938,,5.188846594041752e-05,0.88099205493927,6.1179318290061016,688.0696918964386
15062,2.1027462482452393,,5.187237309553295e-05,0.9599377512931824,8.188627064703596,688.2703239917755
15063,2.126507043838501,,5.1856282820858434e-05,0.9526261687278748,8.385525324658758,688.4681544303894
15064,2.268568515777588,,5.184019511679498e-05,0.9491171836853027,9.665554817052605,688.6664505004883
15065,2.211089611053467,,5.182410998374351e-05,0.9400572776794434,9.12565439167577,688.8638868331909
15066,2.200042963027954,,5.180802742210498e-05,0.968002200126648,9.025401249670786,689.0624368190765
15067,2.4815540313720703,,5.179194743228011e-05,1.0154403448104858,11.959835944006224,689.2637810707092
15068,1.920860767364502,,5.1775870014669694e-05,0.8882914781570435,6.826832255354746,689.461795091629
15069,2.370649576187134,,5.1759795169674474e-05,0.9783753156661987,10.70434331277017,689.6642034053802
15070,2.2263224124908447,,5.174372289769499e-05,0.916978657245636,9.26572781984713,689.8623368740082
15071,2.2829678058624268,,5.172765319913183e-05,0.9597061276435852,9.805738797461865,690.0666279792786
15072,2.1367249488830566,,5.171158607438552e-05,0.9333899021148682,8.47164706877874,690.2652747631073
15073,1.8062578439712524,,5.169552152385648e-05,0.8617866039276123,6.087623915748171,690.4625344276428
15074,2.5020272731781006,,5.167945954794509e-05,1.005282998085022,12.207216254907301,690.6601214408875
15075,2.028449296951294,,5.166340014705169e-05,0.9091376066207886,7.602288321840438,690.8582894802094
15076,2.1195383071899414,,5.164734332157645e-05,0.9183909893035889,8.32729194920706,691.0555646419525
15077,2.5272724628448486,,5.1631289071919567e-05,0.9948281645774841,12.51931263547396,691.2536678314209
15078,2.3258209228515625,,5.161523739848122e-05,0.9576069116592407,10.235078848065312,691.4536211490631
15079,2.3197832107543945,,5.1599188301661365e-05,0.9465362429618835,10.173468568415734,691.656557559967
15080,1.671971321105957,,5.1583141781860026e-05,0.8669090867042542,5.3226501142899965,691.8555655479431
15081,2.74857759475708,,5.156709783947712e-05,1.020321249961853,15.620397539456075,692.055995464325
15082,2.1265594959259033,,5.155105647491253e-05,0.9274796843528748,8.385965174501422,692.2524218559265
15083,2.394559621810913,,5.153501768856601e-05,0.9683911204338074,10.963368967273011,692.4562747478485
15084,2.1461474895477295,,5.151898148083733e-05,0.9273039102554321,8.551848766272501,692.6545131206512
15085,2.218980073928833,,5.150294785212617e-05,0.9404778480529785,9.197944856417804,692.858877658844
15086,2.160137414932251,,5.1486916802832044e-05,0.9252793192863464,8.672329284129036,693.0585691928864
15087,1.944419503211975,,5.1470888333354556e-05,0.929524302482605,6.989573252321383,693.2596447467804
15088,2.243868350982666,,5.1454862444093184e-05,0.9622556567192078,9.429738362030415,693.4609806537628
15089,2.410712242126465,,5.143883913544726e-05,0.9859868884086609,11.14189404596499,693.6587681770325
15090,1.9484049081802368,,5.142281840781619e-05,0.8938062191009521,7.0174851153813504,693.8589477539062
15091,1.7255064249038696,,5.1406800261599245e-05,0.899177074432373,5.615364069948518,694.0623271465302
15092,2.2802999019622803,,5.1390784697195616e-05,0.962824285030365,9.779612894875385,694.2661054134369
15093,1.7365951538085938,,5.137477171500447e-05,0.8916809558868408,5.677977831756145,694.464998960495
15094,2.2655065059661865,,5.135876131542495e-05,1.0008624792099,9.636004058814734,694.6644229888916
15095,1.9836459159851074,,5.134275349885596e-05,0.9322584867477417,7.2691976139591885,694.864298582077
15096,2.261945962905884,,5.1326748265696525e-05,0.9537726044654846,9.601755659067003,695.0666291713715
15097,2.326399087905884,,5.131074561634553e-05,0.9814146161079407,10.240998123977837,695.2689480781555
15098,2.4253711700439453,,5.129474555120184e-05,0.9743561744689941,11.306425246904407,695.4710855484009
15099,1.6944884061813354,,5.1278748070664136e-05,0.8687426447868347,5.443860207453525,695.6752133369446
15100,1.9322960376739502,,5.126275317513117e-05,0.887578010559082,6.905346990579863,695.8723714351654
15101,2.3433868885040283,,5.1246760865001554e-05,0.9249927401542664,10.416456262434647,696.075052022934
15102,2.0728752613067627,,5.123077114067387e-05,0.9073420763015747,7.947641844303359,696.2807996273041
15103,2.226628303527832,,5.121478400254662e-05,0.990606963634491,9.268562556476546,696.4793145656586
15104,2.091391086578369,,5.1198799451018304e-05,0.9669034481048584,8.096169807554036,696.6834049224854
15105,1.7606494426727295,,5.11828174864872e-05,0.9147963523864746,5.816213465317155,696.8815174102783
15106,2.1336216926574707,,5.1166838109351666e-05,0.9694450497627258,8.445398126932893,697.0847554206848
15107,2.1173295974731445,,5.115086132000999e-05,0.9362143874168396,8.308919675542862,697.2833375930786
15108,2.5538508892059326,,5.113488711886028e-05,1.0532258749008179,12.856517602887866,697.4817831516266
15109,2.267476797103882,,5.111891550630067e-05,0.9612542390823364,9.655008508215715,697.6826937198639
15110,2.2561442852020264,,5.1102946482729295e-05,0.9518922567367554,9.546210650262658,697.8834686279297
15111,1.9633491039276123,,5.1086980048544033e-05,0.9368046522140503,7.123143308589934,698.0813658237457
15112,2.2230687141418457,,5.107101620414285e-05,0.9526426196098328,9.235628929446042,698.2815835475922
15113,2.240856885910034,,5.105505494992359e-05,0.9391874670982361,9.401383750199502,698.4860904216766
15114,2.324279308319092,,5.103909628628415e-05,0.9336203932762146,10.219312457742875,698.6867775917053
15115,2.0886497497558594,,5.102314021362215e-05,0.8815597295761108,8.074005872425076,698.8911910057068
15116,2.0151236057281494,,5.10071867323353e-05,0.9378368854522705,7.501654571374393,699.0903007984161
15117,1.8958300352096558,,5.0991235842821225e-05,0.8786836266517639,6.658072546341558,699.2874391078949
15118,2.6031436920166016,,5.097528754547739e-05,1.0055114030838013,13.506130480258802,699.4853880405426
15119,2.0064854621887207,,5.0959341840701326e-05,0.9298211932182312,7.437133275711403,699.6827330589294
15120,1.825961709022522,,5.094339872889048e-05,0.9026987552642822,6.208763172393038,699.8817603588104
15121,2.284515142440796,,5.092745821044207e-05,0.9471145272254944,9.82092332053547,700.085232257843
15122,2.4164140224456787,,5.091152028575347e-05,0.9627326726913452,11.205604136021103,700.2881057262421
15123,2.293771266937256,,5.089558495522187e-05,1.0334150791168213,9.912249018442413,700.4865336418152
15124,2.5262765884399414,,5.087965221924443e-05,0.9893348813056946,12.506851178506185,700.6893255710602
15125,2.3780486583709717,,5.0863722078218227e-05,0.9707337021827698,10.783839364900201,700.8979091644287
15126,1.8089810609817505,,5.084779453254032e-05,0.8758819699287415,6.104224429891307,701.0957825183868
15127,2.2101995944976807,,5.0831869582607597e-05,0.9774624109268188,9.117536021462644,701.2935001850128
15128,2.120370388031006,,5.081594722881698e-05,0.9076764583587646,8.334223812831459,701.4921660423279
15129,2.3624684810638428,,5.0800027471565294e-05,0.962442934513092,10.617127309554348,701.6917011737823
15130,1.8265976905822754,,5.0784110311249366e-05,0.9034070372581482,6.212713087182904,701.8969705104828
15131,1.9618408679962158,,5.0768195748265774e-05,0.9282856583595276,7.112408025612222,702.0970783233643
15132,2.160775899887085,,5.0752283783011194e-05,0.918775200843811,8.677868203970643,702.2990629673004
15133,1.9394391775131226,,5.073637441588223e-05,0.8943894505500793,6.9548494407474655,702.4977147579193
15134,2.4356396198272705,,5.0720467647275365e-05,0.9848029017448425,11.4231228330414,702.6973268985748
15135,1.7904186248779297,,5.070456347758702e-05,0.840560793876648,5.991960325080115,702.8966674804688
15136,1.983210563659668,,5.068866190721363e-05,0.941628098487854,7.266033640645415,703.1086115837097
15137,2.4634580612182617,,5.067276293655143e-05,0.9852762222290039,11.745357559738832,703.3095593452454
15138,2.238274574279785,,5.065686656599668e-05,0.9265364408493042,9.377137766417238,703.5077838897705
15139,2.4907419681549072,,5.0640972795945614e-05,0.9831387996673584,12.07022852402211,703.7076840400696
15140,1.9876351356506348,,5.062508162679426e-05,0.9183148145675659,7.2982539575688286,703.9059054851532
15141,2.357888698577881,,5.060919305893871e-05,0.9538760781288147,10.568614350046158,704.1090533733368
15142,2.140998601913452,,5.059330709277495e-05,0.9558998942375183,8.50792942282076,704.3105716705322
15143,2.3791115283966064,,5.05774237286989e-05,0.9644284248352051,10.7953072778933,704.5072269439697
15144,2.214749813079834,,5.056154296710641e-05,0.9129999279975891,9.15911733357719,704.7049622535706
15145,1.979425311088562,,5.054566480839328e-05,0.8988966941833496,7.238581856870712,704.9045670032501
15146,2.402853488922119,,5.052978925295527e-05,1.0045510530471802,11.054675812596988,705.1102292537689
15147,2.021026611328125,,5.051391630118797e-05,0.9609645009040833,7.546067837230124,705.3123996257782
15148,2.4393293857574463,,5.049804595348699e-05,0.9767217040061951,11.465349337538521,705.5160388946533
15149,2.1895244121551514,,5.048217821024792e-05,0.93735671043396,8.930964646290311,705.7144954204559
15150,2.4062416553497314,,5.046631307186614e-05,0.9684687852859497,11.092194417800883,705.9141433238983
15151,2.3784995079040527,,5.045045053873709e-05,0.9858306050300598,10.788702349997596,706.1174654960632
15152,2.563491106033325,,5.04345906112561e-05,1.0568170547485352,12.981056546948917,706.3246059417725
15153,2.482180118560791,,5.041873328981847e-05,1.0050079822540283,11.967326188598387,706.5240426063538
15154,2.165649890899658,,5.040287857481937e-05,0.9495759010314941,8.720267298071594,706.7238147258759
15155,2.5800764560699463,,5.038702646665399e-05,0.9858697056770325,13.198147199549704,706.9223256111145
15156,1.9260057210922241,,5.037117696571735e-05,0.8778693675994873,6.862046501570802,707.1223981380463
15157,2.5135741233825684,,5.035533007240448e-05,0.9699016809463501,12.348988086269506,707.3227643966675
15158,2.021596670150757,,5.033948578711031e-05,0.9225969314575195,7.550370766121678,707.5214517116547
15159,2.07949161529541,,5.03236441102298e-05,0.9500287175178528,8.00040059895423,707.7187922000885
15160,2.3354599475860596,,5.030780504215765e-05,0.9776731133460999,10.334212032304706,707.9173269271851
15161,1.9871991872787476,,5.029196858328868e-05,0.8966322541236877,7.295072989057808,708.1172938346863
15162,2.562645196914673,,5.0276134734017594e-05,1.0173392295837402,12.970080395913746,708.3186280727386
15163,2.697979688644409,,5.026030349473894e-05,1.0215591192245483,14.849700380448816,708.5170271396637
15164,2.1863808631896973,,5.0244474865847276e-05,0.9745551943778992,8.902933802863547,708.7154676914215
15165,2.3068292140960693,,5.022864884773722e-05,0.9686747193336487,10.042531401387688,708.9129133224487
15166,2.1802589893341064,,5.0212825440803064e-05,0.9594579935073853,8.848597654398842,709.1108062267303
15167,2.0040576457977295,,5.019700464543921e-05,0.916634202003479,7.419099182234699,709.3105554580688
15168,2.246284008026123,,5.018118646204e-05,0.9622811675071716,9.452544911232778,709.5186758041382
15169,2.1929759979248047,,5.016537089099959e-05,0.9325092434883118,8.961843897307904,709.7162103652954
15170,2.1456122398376465,,5.014955793271218e-05,0.9431695342063904,8.547272616500353,709.9152610301971
15171,2.424001932144165,,5.01337475875719e-05,0.982057511806488,11.290954654822855,710.1184084415436
15172,1.9417498111724854,,5.011793985597272e-05,0.8984071016311646,6.970938130336744,710.3196074962616
15173,1.6721422672271729,,5.0102134738308634e-05,0.8744300603866577,5.32356007845683,710.5199167728424
15174,2.294938325881958,,5.008633223497356e-05,0.9076188802719116,9.923823950321612,710.7170877456665
15175,2.226213216781616,,5.007053234636133e-05,0.934363603591919,9.264716097365206,710.9154698848724
15176,2.1056830883026123,,5.005473507286572e-05,0.955967903137207,8.212711100852701,711.115392446518
15177,2.32023549079895,,5.0038940414880447e-05,0.9149495363235474,10.17807086591835,711.3133888244629
15178,2.607586145401001,,5.002314837279921e-05,1.0181618928909302,13.566264307285643,711.5111212730408
15179,1.9729801416397095,,5.000735894701545e-05,0.911049485206604,7.192077993853948,711.7132062911987
15180,2.3904075622558594,,4.999157213792278e-05,0.9423945546150208,10.917942777779686,711.9129784107208
15181,2.2297465801239014,,4.9975787945914674e-05,0.9678494930267334,9.29750960717506,712.1196064949036
15182,2.217569589614868,,4.9960006371384414e-05,0.9474364519119263,9.18498044467617,712.3209404945374
15183,2.2866809368133545,,4.994422741472537e-05,0.9442209005355835,9.842216470965852,712.5193195343018
15184,2.2963814735412598,,4.992845107633081e-05,0.9624390602111816,9.938155832650672,712.7217299938202
15185,2.379716634750366,,4.99126773565939e-05,0.9820305109024048,10.80184156368749,712.9209458827972
15186,2.324089288711548,,4.989690625590778e-05,0.9441171884536743,10.217370772485262,713.1212899684906
15187,2.246339797973633,,4.9881137774665536e-05,0.951345682144165,9.45307228292809,713.320564031601
15188,2.039973020553589,,4.986537191326007e-05,0.9270143508911133,7.690401713299184,713.5202820301056
15189,2.0327775478363037,,4.984960867208437e-05,0.924204409122467,7.635264245552813,713.720915555954
15190,2.036668539047241,,4.98338480515313e-05,0.9002002477645874,7.665030864897492,713.9189147949219
15191,2.5266833305358887,,4.981809005199367e-05,0.9747326970100403,12.511939276069818,714.1166605949402
15192,1.8532886505126953,,4.980233467386414e-05,0.9009036421775818,6.380769175497595,714.3143708705902
15193,2.2868056297302246,,4.978658191753543e-05,0.9796925783157349,9.843443802164247,714.5154411792755
15194,2.138018846511841,,4.977083178340011e-05,0.939030647277832,8.48261560738571,714.714686870575
15195,2.085378408432007,,4.975508427185075e-05,0.9149578809738159,8.04763619898343,714.9124755859375
15196,2.302534341812134,,4.9739339383279807e-05,0.9376768469810486,9.999492501059075,715.1139831542969
15197,1.959824562072754,,4.9723597118079704e-05,0.8813881874084473,7.0980816831782905,715.3119838237762
15198,2.3230676651000977,,4.970785747664274e-05,0.9517820477485657,10.20693779545241,715.5108075141907
15199,2.172046184539795,,4.969212045936119e-05,0.9565119743347168,8.776223453555541,715.7099120616913
15200,2.064560651779175,2.258235232035319,4.9676386066627326e-05,0.9445024132728577,7.881834266978592,715.9126834869385
15201,2.1869280338287354,,4.966065429883318e-05,0.9767290949821472,8.907806559834974,720.425256729126
15202,2.1266562938690186,,4.96449251563709e-05,0.9136233925819397,8.3867769579702,720.6225678920746
15203,2.1762945652008057,,4.962919863963249e-05,0.9430075883865356,8.813587503708566,720.847603559494
15204,2.2611303329467773,,4.961347474900988e-05,0.9950110912322998,9.593927372417989,721.1141493320465
15205,2.1096487045288086,,4.9597753484894974e-05,0.9527515172958374,8.245344223710061,721.3817131519318
15206,2.244765043258667,,4.958203484767956e-05,0.9466539025306702,9.438197727741485,721.6407096385956
15207,2.0282652378082275,,4.9566318837755466e-05,0.9297553300857544,7.600889179932956,721.8381607532501
15208,1.9390095472335815,,4.9550605455514254e-05,0.8987255096435547,6.951862068616785,722.0430161952972
15209,2.7339632511138916,,4.953489470134761e-05,1.029164433479309,15.393775680293581,722.2412664890289
15210,2.2310690879821777,,4.951918657564712e-05,0.9514275193214417,9.309813771076314,722.4429898262024
15211,1.9332218170166016,,4.950348107880419e-05,0.913785994052887,6.9117427782648395,722.6455538272858
15212,2.1835570335388184,,4.948777821121027e-05,0.9503840208053589,8.87782889708211,722.8467109203339
15213,2.303205728530884,,4.947207797325679e-05,0.9432040452957153,10.006208281709227,723.0461623668671
15214,2.604377508163452,,4.945638036533487e-05,1.0024694204330444,13.522804846562723,723.2471299171448
15215,2.285409450531006,,4.944068538783591e-05,0.962832510471344,9.829710180208568,723.4508452415466
15216,2.410317897796631,,4.942499304115104e-05,0.9944326281547546,11.137501169434255,723.6528913974762
15217,2.3046767711639404,,4.940930332567128e-05,0.9751318097114563,10.020938672546988,723.8506166934967
15218,2.477240800857544,,4.9393616241787694e-05,0.9948310256004333,11.908361505026603,724.0508518218994
15219,2.5111753940582275,,4.93779317898913e-05,0.9518606662750244,12.31940170546708,724.2521512508392
15220,2.5831172466278076,,4.936224997037288e-05,1.009972095489502,13.238341080551532,724.4550416469574
15221,1.86394202709198,,4.934657078362335e-05,0.8490144610404968,6.4491092925401485,724.6633903980255
15222,2.25894832611084,,4.933089423003344e-05,0.9849650859832764,9.573016179787302,724.8644037246704
15223,2.3105239868164062,,4.931522030999393e-05,0.9426760673522949,10.079704903985302,725.0626492500305
15224,2.395717144012451,,4.929954902389535e-05,0.983362078666687,10.976066657767852,725.2605974674225
15225,2.0425424575805664,,4.92838803721283e-05,0.9293220043182373,7.7101871240118225,725.4581286907196
15226,1.9758368730545044,,4.926821435508331e-05,0.9214020371437073,7.212653203928429,725.6676061153412
15227,2.2786316871643066,,4.9252550973150786e-05,0.9449715614318848,9.763312000402758,725.8729593753815
15228,2.073179244995117,,4.923689022672113e-05,0.928692102432251,7.950058165027347,726.0702543258667
15229,2.0644218921661377,,4.922123211618468e-05,0.9245246648788452,7.880740662581499,726.2674558162689
15230,2.039022207260132,,4.9205576641931586e-05,0.960344135761261,7.683093052254807,726.4656853675842
15231,2.1810779571533203,,4.918992380435206e-05,0.9395298957824707,8.8558473393471,726.665509223938
15232,2.39125394821167,,4.9174273603836284e-05,0.9430800676345825,10.92718748295557,726.8702013492584
15233,2.272984743118286,,4.91586260407742e-05,0.9889636039733887,9.708334497367726,727.0688276290894
15234,2.2444984912872314,,4.914298111555582e-05,0.9315465688705444,9.435682292792324,727.2666540145874
15235,2.0098824501037598,,4.912733882857106e-05,0.920825719833374,7.462440086701366,727.4660151004791
15236,1.8171770572662354,,4.911169918020978e-05,0.864899218082428,6.154460215582065,727.6679346561432
15237,2.5206544399261475,,4.9096062170861746e-05,0.998472273349762,12.436733095572752,727.8722996711731
15238,2.378009557723999,,4.9080427800916664e-05,0.9768836498260498,10.783417718047572,728.0731587409973
15239,2.069582462310791,,4.906479607076427e-05,0.903433620929718,7.921514896219141,728.2720754146576
15240,1.9316556453704834,,4.904916698079401e-05,0.88152676820755,6.900926275161472,728.4727177619934
15241,1.9297586679458618,,4.903354053139548e-05,0.8626792430877686,6.8878477825330835,728.6765298843384
15242,1.9423739910125732,,4.901791672295815e-05,0.861899733543396,6.975290607607174,728.875173330307
15243,1.9320205450057983,,4.9002295555871345e-05,0.8872119784355164,6.903444880133685,729.0752308368683
15244,2.302530527114868,,4.898667703052441e-05,0.9699484705924988,9.99945435609513,729.2736625671387
15245,2.2776267528533936,,4.89710611473066e-05,0.9218098521232605,9.753505441484467,729.4713068008423
15246,2.413811206817627,,4.8955447906607116e-05,0.9785397052764893,11.176475938562328,729.6708087921143
15247,2.0963268280029297,,4.893983730881506e-05,0.966313898563385,8.136229188300291,729.870174407959
15248,1.9330143928527832,,4.892422935431956e-05,0.910140872001648,6.9103092644763695,730.0720579624176
15249,2.297614574432373,,4.890862404350951e-05,0.9606066346168518,9.95041814024137,730.2739765644073
15250,2.0245425701141357,,4.889302137677387e-05,0.909464418888092,7.572646197571987,730.4710116386414
15251,1.821336030960083,,4.887742135450153e-05,0.8182903528213501,6.180109754625779,730.6738495826721
15252,2.399838447570801,,4.8861823977081226e-05,0.9516189694404602,11.021395703560044,730.8705244064331
15253,2.3052186965942383,,4.884622924490172e-05,0.9472181797027588,10.026370745805474,731.0676319599152
15254,2.0341684818267822,,4.883063715835167e-05,0.9003291726112366,7.645891783506703,731.2653031349182
15255,2.083298683166504,,4.881504771781967e-05,0.8922054171562195,8.030916718642011,731.466712474823
15256,2.213745594024658,,4.879946092369425e-05,0.9525160789489746,9.149924190159691,731.6649978160858
15257,2.2682809829711914,,4.878387677636388e-05,0.9747544527053833,9.662776052462814,731.8662474155426
15258,2.0940418243408203,,4.876829527621699e-05,0.9378636479377747,8.117659099249916,732.0674917697906
15259,2.2782788276672363,,4.8752716423641837e-05,0.951289176940918,9.759867530783204,732.2660799026489
15260,1.8866469860076904,,4.873714021902671e-05,0.878661036491394,6.597211013479309,732.4623262882233
15261,2.2665090560913086,,4.872156666275987e-05,0.9465126991271973,9.645669480114677,732.66450548172
15262,2.1876721382141113,,4.870599575522937e-05,0.9351176619529724,8.914437364459676,732.8630547523499
15263,2.2210958003997803,,4.869042749682331e-05,0.9642359018325806,9.217425792728283,733.0616180896759
15264,1.902410626411438,,4.867486188792973e-05,0.9078855514526367,6.702031077891587,733.2615566253662
15265,2.107736587524414,,4.865929892893645e-05,0.9206289649009705,8.229593224488598,733.459362745285
15266,2.247298002243042,,4.864373862023145e-05,0.9352540969848633,9.462134598229849,733.6573266983032
15267,2.3050944805145264,,4.86281809622025e-05,0.9208545684814453,10.025125386686106,733.8556039333344
15268,2.3807153701782227,,4.861262595523739e-05,0.9526654481887817,10.81263513460688,734.0600461959839
15269,2.401756763458252,,4.85970735997237e-05,0.9354859590530396,11.042558514028027,734.2578721046448
15270,2.389784336090088,,4.858152389604907e-05,0.9969768524169922,10.911140550047504,734.4563632011414
15271,1.9601171016693115,,4.856597684460109e-05,0.8880232572555542,7.100158456884681,734.6546738147736
15272,2.2749836444854736,,4.855043244576716e-05,0.9548293352127075,9.727759908740278,734.8559846878052
15273,1.8129384517669678,,4.853489069993469e-05,0.9369893670082092,6.128429093468379,735.0531301498413
15274,2.3333816528320312,,4.85193516074911e-05,0.9771312475204468,10.312756796525582,735.2494945526123
15275,2.4318366050720215,,4.850381516882357e-05,0.9369975328445435,11.37976302960156,735.4495408535004
15276,2.384145975112915,,4.84882813843193e-05,0.9824648499488831,10.849792714102037,735.6514430046082
15277,1.7617849111557007,,4.8472750254365584e-05,0.8654218912124634,5.822821343205841,735.8546028137207
15278,2.2443227767944336,,4.845722177934934e-05,0.9913790822029114,9.434024452321609,736.0556094646454
15279,2.077752113342285,,4.844169595965765e-05,0.9036994576454163,7.986495983545523,736.2539920806885
15280,2.288355588912964,,4.842617279567747e-05,0.9871312975883484,9.85871256820048,736.4521679878235
15281,2.2676258087158203,,4.8410652287795615e-05,0.9509273171424866,9.656447323794255,736.6565678119659
15282,2.028316020965576,,4.839513443639892e-05,0.8864805102348328,7.601275186885412,736.8549177646637
15283,2.0753815174102783,,4.837961924187417e-05,0.9129871129989624,7.967585651889493,737.0537495613098
15284,1.9873602390289307,,4.836410670460803e-05,0.8733451962471008,7.296247967944073,737.2553873062134
15285,1.964578628540039,,4.8348596824987074e-05,0.8963056206703186,7.131906774950478,737.4524555206299
15286,1.9920611381530762,,4.833308960339786e-05,0.8702061772346497,7.330627637995109,737.6528434753418
15287,2.0383238792419434,,4.83175850402269e-05,0.9044384360313416,7.67772960605041,737.8544917106628
15288,2.353301763534546,,4.830208313586058e-05,0.9638538360595703,10.520247814405586,738.0551829338074
15289,2.164689779281616,,4.828658389068528e-05,0.9526512622833252,8.71189888607392,738.2550826072693
15290,2.3800878524780273,,4.827108730508728e-05,0.973537266254425,10.805852143120354,738.4549634456635
15291,2.2740871906280518,,4.825559337945274e-05,0.9589988589286804,9.719043328435776,738.6554551124573
15292,2.1394271850585938,,4.8240102114167855e-05,0.945050060749054,8.494570418157345,738.8531851768494
15293,2.11146879196167,,4.822461350961873e-05,0.924560010433197,8.260365136652018,739.0512614250183
15294,2.0831212997436523,,4.820912756619131e-05,0.9861555099487305,8.029492293484264,739.24977850914
15295,1.9579914808273315,,4.8193644284271595e-05,0.8913434743881226,7.085082240923326,739.4491627216339
15296,2.233569383621216,,4.817816366424545e-05,0.9301822781562805,9.333120182165771,739.6548354625702
15297,2.1544206142425537,,4.816268570649869e-05,0.9142640233039856,8.622892750141588,739.8556890487671
15298,2.397609233856201,,4.81472104114171e-05,0.9870823621749878,10.996854021593755,740.0563220977783
15299,1.8799728155136108,,4.8131737779386335e-05,0.9185599088668823,6.553326710948907,740.254968881607
15300,2.3442435264587402,,4.811626781079207e-05,0.9677658081054688,10.425383217260903,740.45814204216
15301,2.3280766010284424,,4.810080050601974e-05,0.9528454542160034,10.258191950121375,740.6659252643585
15302,2.314741611480713,,4.808533586545492e-05,0.9506667256355286,10.122307092866677,740.8665063381195
15303,2.67844295501709,,4.8069873889483045e-05,0.9874030947685242,14.562401320337013,741.0649857521057
15304,2.4534919261932373,,4.805441457848939e-05,0.9779599905014038,11.628883104511154,741.2656517028809
15305,2.053600788116455,,4.803895793285929e-05,0.9324628114700317,7.795922090838308,741.4654548168182
15306,2.100882053375244,,4.802350395297794e-05,0.9430213570594788,8.173376087950295,741.6661438941956
15307,2.106431245803833,,4.8008052639230524e-05,0.9322496056556702,8.218857801331485,741.8649477958679
15308,2.376349687576294,,4.79926039920021e-05,0.9612904191017151,10.765533491740003,742.0626184940338
15309,2.55228590965271,,4.797715801167777e-05,0.9805150628089905,12.83641315134475,742.268590927124
15310,2.105654001235962,,4.796171469864236e-05,0.9264498949050903,8.212472220651708,742.4672622680664
15311,2.076895236968994,,4.794627405328084e-05,0.9026170372962952,7.979655474985468,742.6696741580963
15312,2.048569440841675,,4.7930836075978046e-05,0.9485578536987305,7.756796608952154,742.8718452453613
15313,2.071826457977295,,4.791540076711866e-05,0.9250417351722717,7.939310700704888,743.070894241333
15314,2.5390777587890625,,4.789996812708739e-05,0.9805846810340881,12.66798264627918,743.2693011760712
15315,2.1257264614105225,,4.7884538156268894e-05,0.9044910073280334,8.378982284964094,743.4699015617371
15316,2.468182325363159,,4.78691108550477e-05,0.9942163228988647,11.800977008364777,743.6676862239838
15317,2.068436861038208,,4.785368622380832e-05,0.9266209006309509,7.912445194795917,743.8663380146027
15318,2.102987289428711,,4.7838264262935155e-05,0.9383471608161926,8.1906010989645,744.0657930374146
15319,2.6909379959106445,,4.78228449728126e-05,0.9890646934509277,14.745500654971488,744.2667810916901
15320,2.1620049476623535,,4.780742835382488e-05,0.9438418745994568,8.688540275480282,744.4666218757629
15321,1.9039208889007568,,4.779201440635625e-05,0.8633519411087036,6.712160551187201,744.6688282489777
15322,2.2202985286712646,,4.777660313079092e-05,0.9443607330322266,9.210079928448119,744.8708276748657
15323,2.0523476600646973,,4.7761194527512864e-05,0.9069985747337341,7.786158920705759,745.068882226944
15324,2.1513566970825195,,4.774578859690617e-05,0.9119479656219482,8.596513353854347,745.2650294303894
15325,2.0359857082366943,,4.773038533935484e-05,0.9111489653587341,7.659798732193148,745.4670977592468
15326,2.252730131149292,,4.771498475524266e-05,0.947130024433136,9.51367399067206,745.6654469966888
15327,2.060410261154175,,4.769958684495346e-05,0.9496192932128906,7.8491893673328805,745.8641469478607
15328,2.0518617630004883,,4.7684191608871144e-05,0.932184636592865,7.782376567936193,746.0653283596039
15329,2.1530497074127197,,4.7668799047379246e-05,0.948792576789856,8.611079666745958,746.2667343616486
15330,2.1163952350616455,,4.7653409160861435e-05,0.9893516898155212,8.301159759169513,746.4642195701599
15331,1.837509036064148,,4.763802194970129e-05,0.8684850931167603,6.28087332978706,746.6658208370209
15332,2.1033058166503906,,4.7622637414282325e-05,0.9342752695083618,8.193210443928077,746.8651847839355
15333,2.3689980506896973,,4.760725555498788e-05,0.9406501650810242,10.686679407066057,747.0708394050598
15334,2.0527470111846924,,4.759187637220134e-05,0.8966493010520935,7.7892689529473,747.2738575935364
15335,2.220092535018921,,4.757649986630607e-05,0.9590513706207275,9.208182905839296,747.4727694988251
15336,2.137253999710083,,4.756112603768517e-05,0.9091848134994507,8.476130186460745,747.6755299568176
15337,2.6811180114746094,,4.754575488672186e-05,1.0314323902130127,14.601408716257975,747.8754208087921
15338,1.9928253889083862,,4.753038641379924e-05,0.923626184463501,7.3362322170834515,748.0757985115051
15339,1.9151593446731567,,4.7515020619300316e-05,0.8954101204872131,6.78802034571088,748.2759277820587
15340,1.8960100412368774,,4.749965750360803e-05,0.8720223307609558,6.65927114740405,748.4754712581635
15341,2.2281854152679443,,4.748429706710536e-05,0.9371711611747742,9.283005986145861,748.6784129142761
15342,2.401618242263794,,4.746893931017499e-05,0.9974302649497986,11.041028991570876,748.8790681362152
15343,2.0173487663269043,,4.745358423319974e-05,0.9304987192153931,7.518365542954708,749.0799655914307
15344,2.3697712421417236,,4.7438231836562354e-05,1.0094417333602905,10.694945451439768,749.2781925201416
15345,1.810854434967041,,4.7422882120645356e-05,0.8631636500358582,6.115670643310296,749.4812636375427
15346,2.4184207916259766,,4.7407535085831345e-05,0.9934130311012268,11.228113775319,749.6798450946808
15347,2.027733325958252,,4.73921907325028e-05,0.8870061039924622,7.596847251977785,749.8797240257263
15348,2.3116204738616943,,4.737684906104216e-05,0.9421994090080261,10.090763231381278,750.0821077823639
15349,2.125126361846924,,4.7361510071831766e-05,0.9380645751953125,8.373955569767135,750.2834067344666
15350,1.9978889226913452,,4.7346173765253926e-05,0.9176893830299377,7.373473683896328,750.4815537929535
15351,2.3649401664733887,,4.733084014169087e-05,0.971415638923645,10.64340196618289,750.6808845996857
15352,1.8571678400039673,,4.7315509201524706e-05,0.8452114462852478,6.405569459630433,750.878396987915
15353,2.121966600418091,,4.7300180945137527e-05,0.9302269220352173,8.347537627129041,751.0802736282349
15354,2.445523977279663,,4.7284855372911414e-05,0.9721574187278748,11.53659292799599,751.2822299003601
15355,2.2256171703338623,,4.726953248522822e-05,0.9686079025268555,9.259195541663171,751.4814462661743
15356,2.355771064758301,,4.72542122824699e-05,0.9750040173530579,10.546257574958588,751.6804044246674
15357,1.5552045106887817,,4.723889476501826e-05,0.8017472624778748,4.736054999994478,751.8788092136383
15358,1.993598222732544,,4.722357993325506e-05,0.87846839427948,7.341904096910673,752.077232837677
15359,1.8845409154891968,,4.720826778756197e-05,0.8876498341560364,6.5833314426672604,752.2745852470398
15360,2.1024012565612793,,4.719295832832067e-05,0.9183139801025391,8.185802543709364,752.4759845733643
15361,2.2779202461242676,,4.71776515559126e-05,0.917114794254303,9.756368449815264,752.6747176647186
15362,2.5246927738189697,,4.7162347470719305e-05,1.0121541023254395,12.487058322991807,752.8743393421173
15363,2.517087936401367,,4.71470460731222e-05,1.0001994371414185,12.392456446496181,753.0774805545807
15364,2.0341532230377197,,4.71317473635027e-05,0.9411447048187256,7.645775117346878,753.274327993393
15365,1.8695998191833496,,4.711645134224197e-05,0.8994298577308655,6.485700426998774,753.474894285202
15366,2.233706474304199,,4.710115800972128e-05,0.9315619468688965,9.334399753692574,753.6748979091644
15367,2.186511278152466,,4.708586736632179e-05,0.9945396184921265,8.904094954358097,753.8748757839203
15368,1.904545783996582,,4.707057941242457e-05,0.9169999957084656,6.7163562581998635,754.0750448703766
15369,2.150521993637085,,4.705529414841065e-05,0.9806824922561646,8.589340808429792,754.276282787323
15370,2.315261125564575,,4.7040011574661e-05,0.9363323450088501,10.127567140178625,754.4816958904266
15371,2.3145298957824707,,4.702473169155644e-05,0.9524319171905518,10.120164268395483,754.685213804245
15372,2.2250211238861084,,4.700945449947781e-05,0.950287401676178,9.253678275488301,754.883229970932
15373,2.5119245052337646,,4.699417999880591e-05,1.0115020275115967,12.328633764448126,755.0819110870361
15374,2.1044695377349854,,4.697890818992132e-05,0.9560006260871887,8.20275060563922,755.2825374603271
15375,2.5086445808410645,,4.6963639073204726e-05,1.0110336542129517,12.288263020521365,755.4834740161896
15376,2.155625581741333,,4.6948372649036634e-05,0.9404763579368591,8.633289318156308,755.6875305175781
15377,2.207031726837158,,4.6933108917797605e-05,0.9504299759864807,9.088698574680379,755.8913252353668
15378,2.277271032333374,,4.6917847879867904e-05,0.9177418351173401,9.750036536473734,756.0908095836639
15379,2.0739057064056396,,4.6902589535628e-05,0.9568200707435608,7.9558356738101494,756.2894279956818
15380,2.2906863689422607,,4.688733388545819e-05,0.9501380324363708,9.881717858289619,756.4965603351593
15381,2.263754367828369,,4.687208092973858e-05,0.9561774730682373,9.619135231180833,756.6991202831268
15382,2.068305730819702,,4.6856830668849366e-05,0.92498779296875,7.911407702153413,756.8953349590302
15383,1.7734402418136597,,4.684158310317066e-05,0.8656871914863586,5.891085298021304,757.094785451889
15384,2.384519100189209,,4.682633823308239e-05,0.9699888229370117,10.853841799196875,757.2956917285919
15385,2.428828716278076,,4.681109605896454e-05,0.9800078868865967,11.345585394937434,757.4946405887604
15386,2.245744466781616,,4.679585658119703e-05,0.9766631722450256,9.447446248980588,757.7033767700195
15387,2.1358959674835205,,4.6780619800159556e-05,0.9331275224685669,8.464627141032066,757.9070429801941
15388,2.132733106613159,,4.676538571623196e-05,0.8845690488815308,8.437896997211805,758.1039321422577
15389,2.0331997871398926,,4.6750154329793856e-05,0.9040502905845642,7.638488834936852,758.3055675029755
15390,2.1911027431488037,,4.673492564122488e-05,0.9389333724975586,8.945071794540862,758.506424665451
15391,2.5113723278045654,,4.671969965090458e-05,0.9740156531333923,12.321828050304326,758.7134749889374
15392,1.9650719165802002,,4.670447635921238e-05,0.9452624917030334,7.135425727123259,758.9130935668945
15393,2.1777656078338623,,4.668925576652778e-05,0.9444912672042847,8.82656220750818,759.112357378006
15394,2.3053390979766846,,4.667403787323001e-05,0.953842282295227,10.02757800738071,759.3115975856781
15395,2.0541787147521973,,4.6658822679698385e-05,0.9136019945144653,7.8004288640314705,759.5103664398193
15396,2.3557281494140625,,4.664361018631214e-05,0.9496779441833496,10.545804988395856,759.7160868644714
15397,2.292809247970581,,4.662840039345035e-05,0.9558150768280029,9.902717832210309,759.9211020469666
15398,2.0249624252319336,,4.6613193301492105e-05,0.9173929691314697,7.575826279373405,760.124516248703
15399,1.900951862335205,,4.65979889108164e-05,0.8970115780830383,6.692261523187546,760.3257982730865
15400,2.014791488647461,2.2574613094329834,4.658278722180218e-05,0.9166244268417358,7.4991635574348505,760.5271830558777
15401,2.397549867630005,,4.65675882348283e-05,0.9555304646492004,10.996201199248452,764.9528224468231
15402,2.12648606300354,,4.655239195027361e-05,0.9183183908462524,8.385349391181482,765.1471419334412
15403,2.229429244995117,,4.653719836851677e-05,0.9474615454673767,9.294559648853953,765.3762879371643
15404,2.247907876968384,,4.652200748993646e-05,0.9645825624465942,9.467907075034022,765.64386677742
15405,2.305619716644287,,4.650681931491133e-05,0.9792901277542114,10.03039232781738,765.9132714271545
15406,2.2133796215057373,,4.6491633843819823e-05,0.9406062960624695,9.146576182032735,766.1549093723297
15407,1.973800539970398,,4.647645107704044e-05,0.8671447038650513,7.197980783622649,766.3522498607635
15408,1.9898462295532227,,4.64612710149516e-05,0.9229627847671509,7.314408935899268,766.5542688369751
15409,2.282139301300049,,4.644609365793159e-05,0.9737701416015625,9.79761806262813,766.7514362335205
15410,2.3103015422821045,,4.64309190063587e-05,0.9721881151199341,10.077462978083362,766.9526355266571
15411,1.8805431127548218,,4.641574706061111e-05,0.8733946681022644,6.55706512099406,767.1546292304993
15412,2.3059585094451904,,4.640057782106697e-05,0.9394057393074036,10.033791128240328,767.3554251194
15413,1.9457796812057495,,4.638541128810428e-05,0.8833944797515869,6.9990867846269715,767.5557949542999
15414,2.4815733432769775,,4.6370247462101075e-05,0.976496696472168,11.960066913450905,767.7559711933136
15415,1.9577420949935913,,4.635508634343529e-05,0.9482987523078918,7.0833155420855425,767.9552612304688
15416,2.013404130935669,,4.633992793248473e-05,0.985528290271759,7.488766748755419,768.1508762836456
15417,2.215999126434326,,4.632477222962718e-05,0.9154118895530701,9.170567091856134,768.3486475944519
15418,2.256446361541748,,4.6309619235240416e-05,0.947623074054718,9.549094770224372,768.5521378517151
15419,2.1623167991638184,,4.629446894970204e-05,0.9512200355529785,8.691250232340824,768.7535743713379
15420,2.4585559368133545,,4.627932137338966e-05,1.0086952447891235,11.6879212507869,768.9537272453308
15421,2.718374252319336,,4.626417650668083e-05,1.0199613571166992,15.155662921622616,769.1576600074768
15422,2.2216882705688477,,4.624903434995292e-05,0.9297184348106384,9.22288846062016,769.3579523563385
15423,2.2988576889038086,,4.623389490358335e-05,0.9385740756988525,9.962795340572853,769.5554728507996
15424,2.3709022998809814,,4.621875816794946e-05,0.984786868095398,10.707048895820458,769.7533040046692
15425,1.984245777130127,,4.6203624143428494e-05,0.9643312096595764,7.273559431274842,769.9499342441559
15426,2.0474464893341064,,4.6188492830397564e-05,0.8983989357948303,7.748090991414229,770.1497356891632
15427,2.0885493755340576,,4.617336422923384e-05,0.9379401803016663,8.07319549104019,770.3489015102386
15428,2.44510817527771,,4.6158238340314343e-05,0.9880817532539368,11.531796986710901,770.5477557182312
15429,1.9799609184265137,,4.6143115164016075e-05,0.9193492531776428,7.242459932899895,770.750780582428
15430,2.4334468841552734,,4.612799470071593e-05,0.9914507865905762,11.398102385758476,770.949609041214
15431,2.3388593196868896,,4.611287695079078e-05,0.9672042727470398,10.36940164177292,771.1520349979401
15432,2.179863452911377,,4.609776191461733e-05,0.9661033749580383,8.845098403822599,771.3518078327179
15433,1.9184913635253906,,4.6082649592572336e-05,0.9144989848136902,6.810675880846423,771.5521514415741
15434,1.9037147760391235,,4.6067539985032476e-05,0.8750477433204651,6.710777231133178,771.753244638443
15435,2.3877687454223633,,4.6052433092374225e-05,0.9447274804115295,10.88917030592814,771.9537258148193
15436,2.280815362930298,,4.603732891497413e-05,0.9264714121818542,9.784655203049896,772.1539418697357
15437,2.183356761932373,,4.602222745320866e-05,0.942295253276825,8.876051098054422,772.3516042232513
15438,2.1733970642089844,,4.600712870745413e-05,0.9198473691940308,8.788087086757523,772.5493590831757
15439,2.430609703063965,,4.5992032678086856e-05,0.985793948173523,11.365809736901062,772.7478682994843
15440,1.9155123233795166,,4.597693936548304e-05,0.9194347262382507,6.790416795274204,772.9449379444122
15441,2.4188079833984375,,4.596184877001895e-05,0.9829400181770325,11.232462050346893,773.1484794616699
15442,2.117563247680664,,4.5946760892070586e-05,0.9483876824378967,8.310861283168995,773.3503432273865
15443,2.049264907836914,,4.593167573201402e-05,0.9137070775032043,7.762193081299157,773.5518083572388
15444,2.4302003383636475,,4.5916593290225236e-05,0.9737240076065063,11.36115792781243,773.7537457942963
15445,2.0773234367370605,,4.590151356708004e-05,0.9479609131813049,7.983073093268565,773.9512138366699
15446,2.0588510036468506,,4.5886436562954326e-05,0.9104356169700623,7.8369599967321735,774.1507413387299
15447,1.9872475862503052,,4.5871362278223874e-05,0.8951714038848877,7.295426071632264,774.3539743423462
15448,2.0102126598358154,,4.585629071326431e-05,0.9100471138954163,7.464904663934177,774.5516676902771
15449,2.006950616836548,,4.584122186845127e-05,0.8908734917640686,7.440593497527851,774.7506341934204
15450,2.22597336769104,,4.582615574416034e-05,0.942988395690918,9.262494230101879,774.9548172950745
15451,2.232248067855835,,4.5811092340766976e-05,0.9333300590515137,9.320796326973952,775.1552152633667
15452,2.0357983112335205,,4.5796031658646624e-05,0.8821281790733337,7.6583634433544345,775.3573822975159
15453,2.312150239944458,,4.578097369817466e-05,0.9170770049095154,10.096110391737502,775.5561006069183
15454,2.1927735805511475,,4.576591845972629e-05,0.9297349452972412,8.960030047986587,775.7561824321747
15455,2.3888165950775146,,4.575086594367679e-05,0.9752017259597778,10.900586499460749,775.9547340869904
15456,2.035344123840332,,4.573581615040127e-05,0.9283046722412109,7.654885901013733,776.1522967815399
15457,2.1722145080566406,,4.5720769080274884e-05,0.9171146750450134,8.777700822686363,776.3512442111969
15458,2.375858783721924,,4.570572473367254e-05,1.0277260541915894,10.760249946816947,776.5551981925964
15459,2.5923521518707275,,4.569068311096925e-05,1.0399333238601685,13.361162153606879,776.7574541568756
15460,2.238325595855713,,4.567564421253986e-05,0.9676228761672974,9.377616214969269,776.959123134613
15461,2.1146605014801025,,4.5660608038759194e-05,0.9653186202049255,8.286771941692706,777.1588444709778
15462,2.185894727706909,,4.5645574590001996e-05,0.928827702999115,8.898606822675578,777.3581898212433
15463,2.30972957611084,,4.563054386664299e-05,0.9466376304626465,10.071700658250826,777.5564711093903
15464,1.9833580255508423,,4.561551586905666e-05,0.9132665991783142,7.267105182711269,777.7551462650299
15465,2.2008211612701416,,4.5600490597617615e-05,0.9403423070907593,9.032427534625027,777.9519834518433
15466,2.1257660388946533,,4.558546805270037e-05,0.9391489028930664,8.37931391056492,778.1534156799316
15467,2.181703805923462,,4.557044823467922e-05,0.9449668526649475,8.8613914952336,778.3527336120605
15468,2.3434066772460938,,4.555543114392855e-05,0.9862534999847412,10.416662393040387,778.5507302284241
15469,2.1193089485168457,,4.5540416780822644e-05,0.9147168397903442,8.32538223158863,778.7512741088867
15470,2.0414011478424072,,4.552540514573567e-05,0.9439380764961243,7.701392432052602,778.9493343830109
15471,1.8751767873764038,,4.551039623904177e-05,0.8811248540878296,6.521972020740516,779.1488637924194
15472,2.480534076690674,,4.5495390061115e-05,1.0043033361434937,11.947643672185738,779.3490056991577
15473,2.3419787883758545,,4.5480386612329415e-05,0.989173173904419,10.401799170784486,779.5497543811798
15474,2.2186014652252197,,4.5465385893058826e-05,0.9723714590072632,9.194463093594255,779.7509181499481
15475,2.371436834335327,,4.545038790367714e-05,0.9439730048179626,10.712773712279148,779.9508526325226
15476,2.195854902267456,,4.5435392644558205e-05,0.9247398972511292,8.987681362572237,780.1489305496216
15477,2.1202292442321777,,4.542040011607566e-05,0.9427347779273987,8.333047571833745,780.3565156459808
15478,2.0687851905822754,,4.540541031860317e-05,0.9373586773872375,7.91520181330104,780.5642261505127
15479,1.6265850067138672,,4.5390423252514346e-05,0.8558213114738464,5.086474747941169,780.7905752658844
15480,2.5329275131225586,,4.53754389181827e-05,1.0172561407089233,12.590310537014444,780.9928314685822
15481,2.1171579360961914,,4.536045731598167e-05,0.9369781017303467,8.307493477365439,781.2015261650085
15482,2.2264816761016846,,4.5345478446284693e-05,0.922744631767273,9.267203630635136,781.4285774230957
15483,2.276185989379883,,4.5330502309464986e-05,0.9390819668769836,9.739463065406051,781.6412589550018
15484,2.216923475265503,,4.531552890589585e-05,0.9504873752593994,9.179047813797583,781.8420424461365
15485,2.2582831382751465,,4.530055823595047e-05,0.9875434041023254,9.566650443313568,782.0571293830872
15486,1.9642258882522583,,4.5285590300001924e-05,0.9093049764633179,7.129391507746376,782.2653558254242
15487,1.7219089269638062,,4.527062509842325e-05,0.8842465281486511,5.595199102736073,782.4847846031189
15488,2.010951042175293,,4.525566263158743e-05,0.9262652397155762,7.4704186531695225,782.6925070285797
15489,2.118593454360962,,4.5240702899867414e-05,0.9820313453674316,8.319427599762596,782.8988356590271
15490,2.3268792629241943,,4.5225745903635917e-05,0.9732023477554321,10.245916776252002,783.095311164856
15491,2.131239175796509,,4.5210791643265836e-05,0.9143144488334656,8.425300774145573,783.2983837127686
15492,2.3929336071014404,,4.5195840119129846e-05,0.9765750765800476,10.945556853370944,783.5032629966736
15493,2.0777981281280518,,4.518089133160052e-05,0.9228256344795227,7.9868634889025065,783.7001323699951
15494,2.086674928665161,,4.516594528105044e-05,0.9448798894882202,8.058076888964846,783.9030013084412
15495,2.5059900283813477,,4.515100196785215e-05,1.0284504890441895,12.25568643894661,784.1007611751556
15496,2.3354082107543945,,4.513606139237801e-05,0.9769740700721741,10.333677386746952,784.300740480423
15497,2.3284385204315186,,4.51211235550004e-05,0.9825515747070312,10.261905260747653,784.5015902519226
15498,2.2028846740722656,,4.510618845609167e-05,0.934706449508667,9.0510853081337,784.69970703125
15499,2.4471230506896973,,4.509125609602395e-05,0.9782280921936035,11.555055544595048,784.8990170955658
15500,1.9141123294830322,,4.5076326475169415e-05,0.9337382912635803,6.780916904652315,785.096156835556
15501,2.414252281188965,,4.5061399593900186e-05,0.9977243542671204,11.181406682993265,785.3006513118744
15502,2.2587106227874756,,4.504647545258825e-05,0.9999364018440247,9.570740912456763,785.4978413581848
15503,1.780369520187378,,4.503155405160556e-05,0.9098467230796814,5.932048025142562,785.7024652957916
15504,2.0208425521850586,,4.501663539132401e-05,0.9985208511352539,7.544679042264609,785.9011282920837
15505,1.881372332572937,,4.5001719472115455e-05,0.9028111100196838,6.562504624301345,786.1001586914062
15506,2.3743340969085693,,4.498680629435155e-05,0.9794877767562866,10.743856436275102,786.2985053062439
15507,2.4806926250457764,,4.4971895858404e-05,0.9880142211914062,11.949538101612681,786.4983682632446
15508,2.0762665271759033,,4.495698816464446e-05,0.925093948841095,7.974640164195561,786.7014336585999
15509,2.140198230743408,,4.49420832134444e-05,0.9769086837768555,8.501122645731401,786.9014134407043
15510,2.0127170085906982,,4.4927181005175304e-05,0.9210231900215149,7.483622817243603,787.1009697914124
15511,2.237823247909546,,4.4912281540208606e-05,0.9431960582733154,9.372906571762574,787.30002617836
15512,1.858025312423706,,4.489738481891562e-05,0.8812965750694275,6.4110644143241515,787.4995002746582
15513,2.3891544342041016,,4.488249084166762e-05,0.9998316764831543,10.904269766223791,787.7009506225586
15514,1.8195230960845947,,4.486759960883582e-05,0.8847914934158325,6.168915768167466,787.9034147262573
15515,2.284583806991577,,4.4852711120791305e-05,0.9919344782829285,9.821597692976008,788.0999360084534
15516,2.2785181999206543,,4.4837825377905153e-05,0.9634535908699036,9.762204051905115,788.2977151870728
15517,2.929802179336548,,4.482294238054835e-05,1.018492579460144,18.723926150793336,788.4963228702545
15518,2.1349899768829346,,4.480806212909188e-05,0.9636324644088745,8.456961741319196,788.6954896450043
15519,2.1539108753204346,,4.479318462390651e-05,1.0006628036499023,8.61849844615462,788.8955185413361
15520,2.5141384601593018,,4.477830986536306e-05,1.0088903903961182,12.35595904120014,789.1004958152771
15521,2.277782440185547,,4.4763437853832244e-05,0.9620203971862793,9.755024056937321,789.3019905090332
15522,2.395965337753296,,4.4748568589684713e-05,0.9945915937423706,10.978791186902958,789.5040667057037
15523,2.338434934616089,,4.4733702073291064e-05,0.9578716158866882,10.36500195616949,789.7033977508545
15524,1.9585829973220825,,4.471883830502182e-05,0.8953522443771362,7.089274423685891,789.9074919223785
15525,2.0776712894439697,,4.470397728524739e-05,0.8979892134666443,7.985850509891452,790.1063802242279
15526,2.1200506687164307,,4.468911901433815e-05,0.9227608442306519,8.331559626425124,790.3076295852661
15527,2.3037729263305664,,4.4674263492664454e-05,0.9566507339477539,10.011885390899499,790.5100517272949
15528,2.1954574584960938,,4.465941072059647e-05,0.9418584108352661,8.984109974355706,790.7115132808685
15529,2.0557539463043213,,4.4644560698504405e-05,0.985457718372345,7.8127260285962015,790.9200117588043
15530,2.0980947017669678,,4.4629713426758366e-05,0.911237359046936,8.150625736310694,791.1241238117218
15531,2.2299985885620117,,4.461486890572837e-05,0.9432851076126099,9.299852953308578,791.3273839950562
15532,2.3608882427215576,,4.46000271357844e-05,0.97560054063797,10.600362967211737,791.5248148441315
15533,2.2527225017547607,,4.4585188117296345e-05,0.9661950469017029,9.513601407376628,791.7221767902374
15534,2.314871311187744,,4.457035185063406e-05,0.9196335673332214,10.123620038273579,791.9214992523193
15535,2.2649734020233154,,4.455551833616724e-05,0.9708269834518433,9.630868436089449,792.1207058429718
15536,2.190375328063965,,4.4540687574265593e-05,0.9402146935462952,8.938567380373847,792.3234972953796
15537,2.192528247833252,,4.4525859565298806e-05,0.9217431545257568,8.957832129084222,792.5260112285614
15538,2.287043809890747,,4.4511034309636344e-05,0.9574813842773438,9.845788594419552,792.7262074947357
15539,2.168639659881592,,4.449621180764771e-05,0.9270237684249878,8.746377895631277,792.9265689849854
15540,2.20565128326416,,4.4481392059702394e-05,0.9058733582496643,9.076160794985768,793.1278986930847
15541,2.0992190837860107,,4.446657506616961e-05,0.9185810685157776,8.159795307416948,793.327154636383
15542,2.1606335639953613,,4.4451760827418745e-05,0.9366211891174316,8.676633119762062,793.5241436958313
15543,1.9074690341949463,,4.443694934381901e-05,0.9065121412277222,6.736018572894751,793.7232265472412
15544,2.327312707901001,,4.442214061573948e-05,0.9744343161582947,10.250358780024014,793.9239366054535
15545,2.1296820640563965,,4.4407334643549264e-05,0.9229174852371216,8.41219184807617,794.1373748779297
15546,2.4250335693359375,,4.439253142761739e-05,0.990237295627594,11.302608833984113,794.359961271286
15547,2.0695621967315674,,4.437773096831274e-05,0.9160656929016113,7.921354363758087,794.5652270317078
15548,2.3123979568481445,,4.436293326600419e-05,0.9551855325698853,10.098611678735766,794.7790653705597
15549,2.218604564666748,,4.434813832106054e-05,0.9237591028213501,9.194491591339162,794.9837439060211
15550,1.8970226049423218,,4.433334613385059e-05,0.9051931500434875,6.666017498651422,795.2051403522491
15551,2.0734994411468506,,4.431855670474289e-05,0.9082102179527283,7.952604150643491,795.4176077842712
15552,2.335193395614624,,4.4303770034106045e-05,0.9726201891899109,10.331457794804287,795.6256823539734
15553,2.4094619750976562,,4.42889861223087e-05,0.9760296940803528,11.127972407896861,795.8369734287262
15554,1.9106650352478027,,4.427420496971917e-05,0.8901323676109314,6.757581334295592,796.0644917488098
15555,2.2032644748687744,,4.425942657670591e-05,0.9450718760490417,9.054523570429046,796.2740197181702
15556,1.5537859201431274,,4.424465094363725e-05,0.8046164512634277,4.7293412403116895,796.5013928413391
15557,2.1311938762664795,,4.4229878070881345e-05,0.9519666433334351,8.424919120624576,796.7073049545288
15558,2.292642593383789,,4.421510795880647e-05,0.9513041973114014,9.901067636372037,796.9138381481171
15559,2.4351799488067627,,4.420034060778071e-05,0.993513286113739,11.4178731611648,797.1084787845612
15560,2.29770827293396,,4.418557601817206e-05,0.9638607501983643,9.951350523192033,797.3106722831726
15561,2.2979319095611572,,4.4170814190348536e-05,0.9770345091819763,9.953576258527795,797.5094916820526
15562,2.2172114849090576,,4.415605512467804e-05,0.9575162529945374,9.181691848822123,797.712379693985
15563,2.3499045372009277,,4.4141298821528384e-05,0.9685246348381042,10.484568790668527,797.9100072383881
15564,1.8776440620422363,,4.412654528126736e-05,0.8657793402671814,6.538083384485272,798.1104047298431
15565,1.9783726930618286,,4.411179450426264e-05,0.8956436514854431,7.230966403904885,798.3069832324982
15566,2.0597734451293945,,4.4097046490881926e-05,0.9354985356330872,7.844192468983568,798.5051908493042
15567,2.290485382080078,,4.408230124149266e-05,0.9999399781227112,9.879731962400484,798.7056231498718
15568,2.256671905517578,,4.40675587564624e-05,0.9613504409790039,9.551248753924318,798.907952785492
15569,2.144824266433716,,4.405281903615859e-05,0.9502067565917969,8.540540245815272,799.1075632572174
15570,2.1353321075439453,,4.4038082080948505e-05,0.9532580375671387,8.459855622244365,799.3085713386536
15571,1.7519015073776245,,4.402334789119947e-05,0.8481122851371765,5.7655555055923795,799.5144979953766
15572,2.3344266414642334,,4.400861646727871e-05,0.9571203589439392,10.323539142878106,799.7155854701996
15573,2.063060998916626,,4.3993887809553356e-05,0.8871015906333923,7.870023110189093,799.9167993068695
15574,1.8978031873703003,,4.397916191839049e-05,0.9584668278694153,6.671222906135965,800.1186027526855
15575,2.44823956489563,,4.3964438794157166e-05,1.0005717277526855,11.567964133231232,800.3166983127594
15576,2.2873501777648926,,4.394971843722023e-05,0.9819120168685913,9.848805489856835,800.5178370475769
15577,2.0981640815734863,,4.3935000847946617e-05,0.9754682183265686,8.151191244764492,800.7185392379761
15578,2.1395952701568604,,4.392028602670313e-05,0.9521187543869019,8.495998348864388,800.9180591106415
15579,2.003061294555664,,4.3905573973856454e-05,0.9179584383964539,7.411710834855228,801.1241371631622
15580,2.150264263153076,,4.3890864689773276e-05,0.971627414226532,8.587127358714906,801.322292804718
15581,2.3298499584198,,4.387615817482019e-05,0.9773864150047302,10.276399530139793,801.5231873989105
15582,2.0129239559173584,,4.386145442936371e-05,0.9036273956298828,7.4851716932417105,801.7239172458649
15583,2.1093952655792236,,4.384675345377032e-05,0.9223588705062866,8.243254797113263,801.9231691360474
15584,2.2388174533843994,,4.383205524840639e-05,0.9568030834197998,9.382229800626142,802.1274995803833
15585,2.0821540355682373,,4.381735981363827e-05,0.9401726722717285,8.021729408227655,802.3296349048615
15586,2.194361925125122,,4.380266714983215e-05,0.9617412090301514,8.974272971436662,802.5289151668549
15587,2.1831517219543457,,4.378797725735423e-05,0.9487313628196716,8.87423133930033,802.7273414134979
15588,2.2539255619049072,,4.3773290136570675e-05,0.9340895414352417,9.5250537296492,802.9259397983551
15589,2.379383087158203,,4.375860578784742e-05,0.9235261082649231,10.798239236250215,803.1325211524963
15590,2.197798490524292,,4.374392421155051e-05,0.930145263671875,9.005166701169808,803.3306105136871
15591,2.181245803833008,,4.372924540804588e-05,0.9563801288604736,8.857333888671523,803.5328314304352
15592,1.916994333267212,,4.3714569377699227e-05,0.9018857479095459,6.800487720868752,803.7323513031006
15593,2.055061101913452,,4.369989612087646e-05,0.9165013432502747,7.80731489994142,803.9347035884857
15594,2.0437521934509277,,4.3685225637943266e-05,0.9080380797386169,7.719520057997248,804.1442370414734
15595,2.293689727783203,,4.367055792926517e-05,0.9839439392089844,9.911440814993249,804.3422839641571
15596,2.206616163253784,,4.3655892995207803e-05,0.9370572566986084,9.084922427201509,804.5421466827393
15597,2.3738882541656494,,4.364123083613665e-05,0.9690607190132141,10.73906743350241,804.7450256347656
15598,2.520488739013672,,4.3626571452417144e-05,1.0057286024093628,12.434672488277569,804.9453942775726
15599,2.25594425201416,,4.361191484441457e-05,0.9392037987709045,9.544301282289092,805.1441230773926
15600,2.037672758102417,2.25443221728007,4.359726101249425e-05,0.9602799415588379,7.672732101167441,805.3471999168396
15601,2.456869125366211,,4.358260995702144e-05,0.9869515299797058,11.66822255009545,809.7302103042603
15602,1.6205589771270752,,4.356796167836118e-05,0.8343724608421326,5.055915668051734,809.9272742271423
15603,2.426321506500244,,4.355331617687858e-05,0.9763690233230591,11.317175262263644,810.142005443573
15604,2.274339437484741,,4.353867345293875e-05,0.957740306854248,9.721495235795363,810.4151010513306
15605,2.366314172744751,,4.352403350690648e-05,0.9937113523483276,10.658036118639371,810.6761357784271
15606,2.266688346862793,,4.3509396339146716e-05,0.937073826789856,9.647399014677411,810.9317359924316
15607,2.1927525997161865,,4.349476195002426e-05,0.9521927833557129,8.959842061046974,811.1271049976349
15608,2.090416431427002,,4.348013033990378e-05,0.9127366542816162,8.088282678184761,811.3303601741791
15609,2.355722427368164,,4.346550150914997e-05,0.9284411072731018,10.54574464498832,811.5309500694275
15610,2.2974464893341064,,4.345087545812741e-05,0.9193309545516968,9.948745763785192,811.731840133667
15611,2.0919137001037598,,4.343625218720068e-05,0.9029834270477295,8.100402081224727,811.9332399368286
15612,2.476496458053589,,4.3421631696734116e-05,0.989445686340332,11.899500899906368,812.1293458938599
15613,1.9936113357543945,,4.3407013987092185e-05,0.8906852006912231,7.342000372090748,812.3259537220001
15614,2.016659736633301,,4.339239905863915e-05,0.8992654085159302,7.513186950155235,812.5267646312714
15615,2.0291554927825928,,4.337778691173928e-05,0.9392916560173035,7.607658922286277,812.7284293174744
15616,1.872855305671692,,4.336317754675674e-05,0.8723554015159607,6.506848942781995,812.9265055656433
15617,2.136488676071167,,4.334857096405569e-05,0.9406725168228149,8.46964568535002,813.1252448558807
15618,2.4667258262634277,,4.333396716400006e-05,1.0321837663650513,11.783801407136352,813.3222181797028
15619,1.9780781269073486,,4.331936614695387e-05,0.9054213762283325,7.2288367196199665,813.5184941291809
15620,2.6018552780151367,,4.3304767913281056e-05,1.0374751091003418,13.48874019798968,813.7218680381775
15621,2.3876953125,,4.3290172463345356e-05,0.9786506295204163,10.888370711689095,813.9277963638306
15622,2.0987610816955566,,4.327557979751057e-05,0.9383044838905334,8.156058959801294,814.1271712779999
15623,2.173024892807007,,4.3260989916140395e-05,0.9414205551147461,8.784817020616039,814.3299036026001
15624,2.3712105751037598,,4.324640281959843e-05,0.9682009816169739,10.71035012252117,814.5306825637817
15625,2.3530867099761963,,4.3231818508248226e-05,0.9858314394950867,10.517985640931325,814.7271604537964
15626,2.1040709018707275,,4.321723698245328e-05,0.9138240814208984,8.19948134672747,814.9267222881317
15627,2.159608840942383,,4.320265824257703e-05,0.9723111391067505,8.667746527707495,815.1261522769928
15628,2.587808609008789,,4.318808228898275e-05,1.017783761024475,13.30059284450094,815.3257188796997
15629,2.3550314903259277,,4.317350912203372e-05,0.9719275236129761,10.538460716033072,815.5272288322449
15630,2.2828280925750732,,4.315893874209321e-05,0.9667895436286926,9.804368901158128,815.7266294956207
15631,1.9188297986984253,,4.314437114952425e-05,0.878212571144104,6.81298124320249,815.928777217865
15632,1.9705860614776611,,4.3129806344689966e-05,0.8959701657295227,7.174880177294963,816.132664680481
15633,2.611751079559326,,4.3115244327953346e-05,1.0112072229385376,13.622884733224957,816.3310072422028
15634,1.951738953590393,,4.310068509967729e-05,0.8959444165229797,7.040920775489684,816.5314748287201
15635,1.9976913928985596,,4.3086128660224687e-05,0.9006556868553162,7.372017347007134,816.7302832603455
15636,1.944878339767456,,4.307157500995833e-05,0.9060829877853394,6.9927810599101745,816.9315936565399
15637,2.2280144691467285,,4.3057024149240866e-05,0.9165828227996826,9.281419227908254,817.1314876079559
15638,2.155984878540039,,4.3042476078435e-05,0.9366039633750916,8.636391788691116,817.3277056217194
15639,2.2843775749206543,,4.302793079790331e-05,0.9199725985527039,9.819572373394118,817.5272314548492
15640,2.33463191986084,,4.301338830800825e-05,0.9551741480827332,10.325658559968488,817.7328994274139
15641,1.5475484132766724,,4.299884860911229e-05,0.8308095932006836,4.699933751901999,817.938047170639
15642,2.488231897354126,,4.29843117015778e-05,0.9994905591011047,12.039969388019266,818.1399855613708
15643,2.3865368366241455,,4.296977758576707e-05,0.9789226651191711,10.875764100529603,818.3416240215302
15644,2.2620632648468018,,4.2955246262042325e-05,0.9373497366905212,9.60288202970347,818.5384647846222
15645,2.2546050548553467,,4.294071773076575e-05,0.9359838962554932,9.531528135918654,818.7378351688385
15646,2.4300365447998047,,4.292619199229945e-05,1.0089635848999023,11.359297195658188,818.9368243217468
15647,2.263446807861328,,4.291166904700535e-05,0.9091944098472595,9.6161772251716,819.1433460712433
15648,2.2768537998199463,,4.2897148895245484e-05,0.9846324920654297,9.745969352763252,819.3429625034332
15649,2.003934621810913,,4.288263153738174e-05,0.9147705435752869,7.418186511216079,819.5416181087494
15650,2.050961971282959,,4.286811697377585e-05,0.8972527980804443,7.775377199416821,819.7407639026642
15651,1.996052861213684,,4.285360520478959e-05,0.8907658457756042,7.359947953744562,819.944938659668
15652,2.248412847518921,,4.2839096230784694e-05,0.9310888648033142,9.47268929662105,820.143392086029
15653,1.9959094524383545,,4.282459005212269e-05,0.8996073603630066,7.358892548301036,820.3393828868866
15654,2.1018154621124268,,4.281008666916507e-05,0.9262998104095459,8.181008750245741,820.5394039154053
15655,2.278550624847412,,4.279558608227343e-05,0.9290511012077332,9.762520595788422,820.7361378669739
15656,1.9503600597381592,,4.2781088291809074e-05,0.913956880569458,7.0312187836639755,820.9364540576935
15657,1.9665608406066895,,4.2766593298133316e-05,0.8878992199897766,7.146057747098426,821.137048959732
15658,2.4538559913635254,,4.275210110160746e-05,0.990604817867279,11.633117546578523,821.3422157764435
15659,2.3814375400543213,,4.273761170259267e-05,0.9496878981590271,10.820446514214373,821.5446710586548
15660,2.273838520050049,,4.272312510145005e-05,1.0001192092895508,9.716626788787266,821.7424232959747
15661,2.1588125228881836,,4.270864129854062e-05,0.9139808416366577,8.660846992135227,821.9429974555969
15662,2.3999598026275635,,4.269416029422543e-05,0.9657926559448242,11.02273328682086,822.1503698825836
15663,1.9757710695266724,,4.2679682088865304e-05,0.9307021498680115,7.212178601518009,822.348733663559
15664,1.7642580270767212,,4.2665206682821105e-05,0.8726030588150024,5.8372396771316675,822.5502605438232
15665,2.2557132244110107,,4.2650734076453595e-05,0.9414221048355103,9.542096539928087,822.7508814334869
15666,2.206158399581909,,4.263626427012348e-05,0.9388220310211182,9.080764631469059,822.9517669677734
15667,2.257852792739868,,4.262179726419138e-05,0.9294825196266174,9.562534363739477,823.1551790237427
15668,1.9522098302841187,,4.26073330590179e-05,0.9222156405448914,7.044236961681351,823.3575382232666
15669,2.139070749282837,,4.2592871654963426e-05,0.9353336095809937,8.491543188899083,823.5582711696625
15670,2.179262638092041,,4.257841305238844e-05,0.9637681245803833,8.839785733748366,823.7594287395477
15671,2.269308567047119,,4.2563957251653296e-05,0.9750891923904419,9.672710470614359,823.9668288230896
15672,2.1091184616088867,,4.254950425311822e-05,0.9228226542472839,8.240973347228683,824.1716499328613
15673,1.9816547632217407,,4.253505405714344e-05,0.9073856472969055,7.254737931538346,824.37047290802
15674,1.8011069297790527,,4.25206066640891e-05,0.8748258948326111,6.056347707008957,824.5675394535065
15675,2.5460078716278076,,4.2506162074315275e-05,0.9954438209533691,12.756078098593912,824.7661375999451
15676,2.2102560997009277,,4.249172028818194e-05,0.982307493686676,9.118051224244331,824.9650926589966
15677,2.0131149291992188,,4.247728130604904e-05,0.8883402943611145,7.486601297549025,825.1645185947418
15678,2.0726430416107178,,4.2462845128276464e-05,0.9553714990615845,7.9457964596056305,825.3625926971436
15679,2.038607358932495,,4.244841175522392e-05,0.9380815625190735,7.679906394986423,825.5646998882294
15680,2.2733912467956543,,4.243398118725118e-05,0.9577244520187378,9.712281773278757,825.7624793052673
15681,1.8709913492202759,,4.2419553424717906e-05,0.8924811482429504,6.49473175617904,825.9645414352417
15682,2.260328769683838,,4.240512846798363e-05,0.992251455783844,9.58624031393237,826.1658942699432
15683,2.4967901706695557,,4.2390706317407854e-05,0.9495053291320801,12.143452925320668,826.3701128959656
15684,2.4233970642089844,,4.2376286973350054e-05,0.983237624168396,11.284127183461989,826.5698125362396
15685,2.297463893890381,,4.2361870436169584e-05,0.9408254027366638,9.948918918797537,826.7688519954681
15686,2.0256519317626953,,4.234745670622574e-05,0.9193230271339417,7.581051662329766,826.9688687324524
15687,1.9528286457061768,,4.23330457838778e-05,0.8926048874855042,7.048597393161849,827.1703245639801
15688,2.15199875831604,,4.231863766948482e-05,0.9497860074043274,8.602034614126213,827.3755893707275
15689,2.043025255203247,,4.230423236340594e-05,0.9110687375068665,7.713910482767772,827.5771477222443
15690,2.3006591796875,,4.2289829866000186e-05,0.9818984866142273,9.980759400744786,827.7781131267548
15691,2.449601650238037,,4.227543017762653e-05,0.9483450651168823,11.583731423378275,827.9824566841125
15692,2.038442850112915,,4.2261033298643784e-05,0.9524716138839722,7.678643086566436,828.1859200000763
15693,1.871174931526184,,4.22466392294108e-05,0.886135458946228,6.495924183462021,828.3919415473938
15694,2.388254404067993,,4.223224797028631e-05,0.9600576162338257,10.894460010022243,828.5891468524933
15695,2.169834852218628,,4.221785952162896e-05,0.9136971235275269,8.756837748992103,828.7870829105377
15696,2.3212804794311523,,4.220347388379737e-05,0.9380717277526855,10.188712393440248,828.9861793518066
15697,2.3584117889404297,,4.218909105715012e-05,0.978217601776123,10.574144136521078,829.1982519626617
15698,2.0319225788116455,,4.217471104204555e-05,0.9101297855377197,7.628739120914982,829.4003040790558
15699,1.797737956047058,,4.2160333838842126e-05,0.8782666325569153,6.035978361832611,829.6030311584473
15700,1.8940584659576416,,4.214595944789818e-05,0.9265126585960388,6.646287751612944,829.8017039299011
15701,2.2192347049713135,,4.213158786957189e-05,0.9457076191902161,9.20028723691401,830.0012459754944
15702,2.330016851425171,,4.211721910422147e-05,0.9785681962966919,10.278114732465427,830.1997518539429
15703,2.1108880043029785,,4.210285315220506e-05,0.8982493281364441,8.255569011424354,830.3988347053528
15704,2.449867010116577,,4.20884900138806e-05,1.0040473937988281,11.586805688817135,830.5965614318848
15705,2.090510368347168,,4.2074129689606165e-05,0.9799027442932129,8.08904250223619,830.7933268547058
15706,2.2986929416656494,,4.2059772179739595e-05,0.9747987389564514,9.961154132752089,830.9927005767822
15707,2.4549779891967773,,4.204541748463878e-05,1.0117783546447754,11.646177204343562,831.1896448135376
15708,1.9701642990112305,,4.20310656046614e-05,0.9196037650108337,7.171854720192015,831.3889210224152
15709,2.062375545501709,,4.201671654016514e-05,1.0169731378555298,7.864630424401327,831.5916097164154
15710,1.861865520477295,,4.2002370291507704e-05,0.8428137302398682,6.435731568708302,831.7903246879578
15711,2.296633720397949,,4.1988026859046534e-05,0.9415295124053955,9.940663017422192,831.9905025959015
15712,2.6369712352752686,,4.197368624313916e-05,1.0017459392547607,13.97082512059578,832.188618183136
15713,2.3410286903381348,,4.195934844414301e-05,0.9854257106781006,10.391921135097794,832.3866949081421
15714,2.1241188049316406,,4.1945013462415345e-05,0.913480281829834,8.365522581995526,832.5873425006866
15715,2.1030516624450684,,4.193068129831347e-05,0.9157846570014954,8.191128369633839,832.7880790233612
15716,2.246983051300049,,4.1916351952194585e-05,0.9946509003639221,9.45915495926009,832.986841917038
15717,2.1266043186187744,,4.190202542441583e-05,0.9327517747879028,8.386341064467004,833.1894264221191
15718,2.298541307449341,,4.188770171533423e-05,0.9828193783760071,9.95964379546394,833.3896253108978
15719,2.2828853130340576,,4.187338082530681e-05,0.9825439453125,9.80492992769765,833.587516784668
15720,1.7992576360702515,,4.185906275469043e-05,0.8700851798057556,6.045158090928318,833.7890231609344
15721,1.8783754110336304,,4.184474750384196e-05,0.8614352345466614,6.542866754117236,833.9874308109283
15722,2.1748523712158203,,4.1830435073118175e-05,0.9816068410873413,8.80088576221372,834.1873860359192
15723,2.1984927654266357,,4.181612546287581e-05,0.9508417844772339,9.011420933228807,834.3857169151306
15724,1.9817570447921753,,4.1801818673471423e-05,0.9071840643882751,7.2554799954761595,834.5842802524567
15725,2.2882962226867676,,4.1787514705261625e-05,0.9595952033996582,9.858127311012579,834.7847228050232
15726,2.0605504512786865,,4.177321355860289e-05,0.9035658836364746,7.85028982330233,834.9823734760284
15727,2.0621213912963867,,4.175891523385166e-05,0.9417296648025513,7.862631849489528,835.1829936504364
15728,2.4090075492858887,,4.1744619731364275e-05,0.9736635684967041,11.122916718806886,835.3810677528381
15729,2.5402767658233643,,4.173032705149706e-05,0.9945300221443176,12.683180756082004,835.5812871456146
15730,2.0826361179351807,,4.171603719460615e-05,0.9124936461448669,8.025597474816188,835.7822360992432
15731,2.0992212295532227,,4.170175016104771e-05,0.9361043572425842,8.15981281645696,835.9839000701904
15732,2.169299602508545,,4.168746595117787e-05,0.9264324307441711,8.752151908285024,836.1843099594116
15733,2.1840648651123047,,4.167318456535252e-05,0.9795418381690979,8.882338483858417,836.3847181797028
15734,2.1700825691223145,,4.165890600392768e-05,0.9473778605461121,8.759007234423382,836.585599899292
15735,2.445651054382324,,4.164463026725916e-05,0.9814425110816956,11.53805905795366,836.7852964401245
15736,2.0682995319366455,,4.163035735570276e-05,0.9556387662887573,7.9113586604142565,836.9829068183899
15737,2.1761624813079834,,4.1616087269614233e-05,0.9304235577583313,8.812423447639567,837.1829035282135
15738,2.035989284515381,,4.160182000934918e-05,0.8853659629821777,7.659826125817081,837.3814890384674
15739,2.080801010131836,,4.158755557526324e-05,0.9601699113845825,8.010883143585037,837.5790429115295
15740,2.2700788974761963,,4.1573293967711843e-05,0.9172532558441162,9.68016452449518,837.7765645980835
15741,2.2250254154205322,,4.155903518705045e-05,0.9683067202568054,9.253717988052381,837.9750049114227
15742,2.3807742595672607,,4.154477923363449e-05,1.030373215675354,10.813271902833112,838.1753227710724
15743,2.173060655593872,,4.1530526107819165e-05,0.9422980546951294,8.785131195772653,838.374840259552
15744,2.029562473297119,,4.151627580995973e-05,0.9245429635047913,7.610755721354505,838.5738689899445
15745,2.6030795574188232,,4.1502028340411374e-05,0.990695059299469,13.505264297789338,838.7735695838928
15746,1.8055307865142822,,4.1487783699529145e-05,0.878449022769928,6.083199471992311,838.9761135578156
15747,2.1145951747894287,,4.1473541887668066e-05,0.8965943455696106,8.286230611987218,839.1761653423309
15748,2.348639726638794,,4.145930290518313e-05,0.9864286184310913,10.47131618011031,839.3731052875519
15749,1.8237814903259277,,4.144506675242911e-05,0.8957937955856323,6.195241456347052,839.574539899826
15750,2.0862209796905518,,4.143083342976088e-05,0.9268837571144104,8.054419763360787,839.7763936519623
15751,2.204827308654785,,4.141660293753315e-05,0.9258077144622803,9.06868534915182,839.9792375564575
15752,2.378300905227661,,4.140237527610062e-05,0.9652500748634338,10.786559897591527,840.1784949302673
15753,1.780851125717163,,4.138815044581781e-05,0.9071495532989502,5.9349056203360115,840.3746128082275
15754,2.0289456844329834,,4.137392844703928e-05,0.9309769868850708,7.606062939354528,840.5716500282288
15755,1.9968832731246948,,4.1359709280119475e-05,0.9426568150520325,7.366062280543309,840.7715947628021
15756,2.283924102783203,,4.134549294541275e-05,0.9533514976501465,9.815120480402104,840.9717164039612
15757,2.1870265007019043,,4.133127944327346e-05,0.9440954327583313,8.908683726878953,841.1711721420288
15758,2.230715036392212,,4.131706877405585e-05,0.9189496040344238,9.306518200143868,841.369481086731
15759,2.611814498901367,,4.130286093811402e-05,0.981834352016449,13.623748715007727,841.5702865123749
15760,1.919230580329895,,4.12886559358021e-05,0.8802071213722229,6.815712308184096,841.7695643901825
15761,2.0979397296905518,,4.127445376747416e-05,0.9167450666427612,8.14936271478531,841.9737701416016
15762,2.2321996688842773,,4.126025443348408e-05,0.9104878902435303,9.320345220934252,842.1748788356781
15763,2.306906223297119,,4.124605793418577e-05,0.9790869951248169,10.04330479848639,842.3733689785004
15764,2.2561264038085938,,4.1231864269933106e-05,0.9602804780006409,9.546039952240394,842.5809526443481
15765,2.2335190773010254,,4.1217673441079725e-05,0.930152416229248,9.332650679043098,842.7772958278656
15766,1.8931655883789062,,4.1203485447979305e-05,0.8630837202072144,6.640356078820602,842.9777393341064
15767,2.1054439544677734,,4.118930029098555e-05,0.9268961548805237,8.210747398555919,843.1754143238068
15768,2.5631463527679443,,4.1175117970451954e-05,0.9750887155532837,12.976582056658149,843.3767142295837
15769,2.2909629344940186,,4.116093848673194e-05,0.9701629281044006,9.884451178995164,843.5806710720062
15770,1.8112190961837769,,4.1146761840178916e-05,0.8839210867881775,6.117901197881896,843.7781641483307
15771,2.535752296447754,,4.113258803114622e-05,0.9793315529823303,12.62592571517682,843.981205701828
15772,1.912631869316101,,4.1118417059987065e-05,0.9157599210739136,6.77088545469296,844.1789176464081
15773,2.2306087017059326,,4.1104248927054653e-05,0.9396587610244751,9.305528647063545,844.3773896694183
15774,2.4170949459075928,,4.109008363270212e-05,0.9594120979309082,11.213236893149029,844.576854467392
15775,2.286327362060547,,4.1075921177282405e-05,0.9601686000823975,9.838737126850415,844.7763051986694
15776,2.2487497329711914,,4.106176156114855e-05,0.9588978886604309,9.475881045435646,844.9728615283966
15777,2.0034725666046143,,4.104760478465344e-05,0.9279450178146362,7.414759691268243,845.1733140945435
15778,1.9453246593475342,,4.1033450848149875e-05,0.8944028615951538,6.995902771605118,845.3732304573059
15779,2.0190441608428955,,4.101929975199064e-05,0.9306501746177673,7.531122950028662,845.5730926990509
15780,2.1324315071105957,,4.100515149652845e-05,0.9274474382400513,8.435352515401275,845.7750039100647
15781,2.023221015930176,,4.099100608211581e-05,0.9281418323516846,7.562645145227796,845.9773533344269
15782,2.1238725185394287,,4.0976863509105334e-05,0.9316715598106384,8.363462521312709,846.1786606311798
15783,1.9763556718826294,,4.0962723777849474e-05,0.8951424360275269,7.216396090777004,846.3774974346161
15784,2.4714646339416504,,4.094858688870068e-05,1.001028299331665,11.83977509524786,846.5767955780029
15785,2.106865406036377,,4.0934452842011195e-05,0.9226845502853394,8.222426877265113,846.77752161026
15786,2.114311695098877,,4.092032163813331e-05,0.954433023929596,8.283881966809822,846.974983215332
15787,2.245295763015747,,4.090619327741923e-05,0.9767181873321533,9.443208095179719,847.171692609787
15788,2.2027156352996826,,4.0892067760221046e-05,0.9313787221908569,9.04955545308872,847.3718154430389
15789,2.1228129863739014,,4.0877945086890815e-05,0.9483830332756042,8.354605856545342,847.5724160671234
15790,2.218039035797119,,4.086382525778054e-05,0.9516211748123169,9.189293310930065,847.7728986740112
15791,1.8421763181686401,,4.0849708273242066e-05,0.8973619341850281,6.310256453805234,847.9809799194336
15792,2.315941333770752,,4.083559413362726e-05,0.9906921982765198,10.134458337914904,848.1793496608734
15793,1.9999971389770508,,4.0821482839287915e-05,0.9035128951072693,7.38903495870182,848.3773679733276
15794,2.1224446296691895,,4.0807374390575634e-05,0.9436708688735962,8.35152894819756,848.5794439315796
15795,1.901764154434204,,4.0793268787842096e-05,0.8902459740638733,6.697699802784018,848.7808349132538
15796,2.237630605697632,,4.0779166031438825e-05,0.9530931711196899,9.371101128216427,848.9837400913239
15797,2.4810664653778076,,4.076506612171732e-05,0.9747562408447266,11.954006156021643,849.1829192638397
15798,1.9829747676849365,,4.0750969059028986e-05,0.9076787829399109,7.264320541139609,849.3827753067017
15799,2.0376884937286377,,4.073687484372515e-05,0.9319637417793274,7.672852837361805,849.5827181339264
15800,1.9331647157669067,2.2541121827231514,4.0722783476157114e-05,0.9014892578125,6.911348120382468,849.7872850894928
15801,2.114224672317505,,4.0708694956676e-05,0.929386556148529,8.283161111726375,854.3028614521027
15802,2.2066967487335205,,4.069460928563297e-05,0.9524681568145752,9.085654569533297,854.4987499713898
15803,2.413911819458008,,4.068052646337912e-05,0.9570440649986267,11.17760048988775,854.7478017807007
15804,2.365856647491455,,4.0666446490265326e-05,0.9459832310676575,10.653160913314373,855.0188908576965
15805,2.1786060333251953,,4.065236936664257e-05,0.9492791891098022,8.833983393428312,855.2923853397369
15806,2.157010316848755,,4.063829509286169e-05,0.894845187664032,8.645252417918211,855.5147159099579
15807,2.2901341915130615,,4.062422366927342e-05,0.9376211762428284,9.876262902916775,855.7112951278687
15808,1.8464391231536865,,4.061015509622848e-05,0.8890686631202698,6.337213261459991,855.9087748527527
15809,2.407111644744873,,4.059608937407755e-05,0.965638279914856,11.10184870826945,856.1075298786163
15810,2.5081140995025635,,4.058202650317107e-05,0.9889271259307861,12.281746055023506,856.3072593212128
15811,2.3148677349090576,,4.0567966483859584e-05,0.962163507938385,10.123583833451745,856.5093319416046
15812,2.295823812484741,,4.0553909316493545e-05,0.9682818651199341,9.932615255194916,856.7065706253052
15813,2.197010040283203,,4.05398550014232e-05,0.9345467686653137,8.998069373625706,856.9034974575043
15814,2.0373640060424805,,4.0525803538998885e-05,0.9380104541778564,7.670363495000697,857.1011207103729
15815,2.1066653728485107,,4.051175492957079e-05,0.9376087188720703,8.220782283497007,857.2993178367615
15816,1.9454734325408936,,4.0497709173489066e-05,0.893634557723999,6.9969436518264985,857.4978520870209
15817,2.1972134113311768,,4.048366627110366e-05,0.9802736639976501,8.999899506515673,857.6973922252655
15818,2.0789332389831543,,4.046962622276468e-05,0.9350863695144653,7.995934611737987,857.8953638076782
15819,2.1464426517486572,,4.0455589028822033e-05,0.9157538414001465,8.55437332133464,858.0912218093872
15820,1.984217643737793,,4.04415546896255e-05,0.9071847200393677,7.273354804252137,858.2922859191895
15821,2.4371018409729004,,4.042752320552488e-05,1.0025230646133423,11.439838182587538,858.4949834346771
15822,2.3754935264587402,,4.041349457686993e-05,0.9876487851142883,10.756320405060722,858.6920609474182
15823,2.2673251628875732,,4.0399468804010176e-05,0.9620228409767151,9.653544589560003,858.8923940658569
15824,2.257903814315796,,4.038544588729522e-05,0.9426308274269104,9.56302227175939,859.0905072689056
15825,2.2040176391601562,,4.037142582707461e-05,0.9743561744689941,9.061345683021075,859.287718296051
15826,1.9221277236938477,,4.0357408623697663e-05,0.904109537601471,6.835487035146362,859.4844787120819
15827,2.0438098907470703,,4.034339427751377e-05,0.9336640238761902,7.7199654662814154,859.6813306808472
15828,1.9357845783233643,,4.0329382788872214e-05,0.9267054796218872,6.92947864190476,859.8841173648834
15829,2.235454797744751,,4.0315374158122185e-05,0.9922180771827698,9.350733577828697,860.0867164134979
15830,1.9896498918533325,,4.0301368385612826e-05,0.9155698418617249,7.31297298264323,860.2831273078918
15831,2.3606555461883545,,4.02873654716932e-05,0.9669995307922363,10.597896586468826,860.4864175319672
15832,2.228606939315796,,4.027336541671231e-05,0.9343310594558716,9.286919821235225,860.6848995685577
15833,1.9740593433380127,,4.025936822101903e-05,0.935798168182373,7.1998438863677094,860.8835952281952
15834,2.1351070404052734,,4.0245373884962214e-05,0.9619110822677612,8.457951800997726,861.0881617069244
15835,2.135160446166992,,4.0231382408890695e-05,0.9253244400024414,8.458403516418235,861.2885174751282
15836,2.147167205810547,,4.021739379315311e-05,0.932885468006134,8.560573673245361,861.4885265827179
15837,2.3765499591827393,,4.020340803809809e-05,1.0150996446609497,10.767689738336912,861.6866898536682
15838,2.264415979385376,,4.018942514407424e-05,0.9359087944030762,9.625501467973887,861.8918557167053
15839,2.150874614715576,,4.0175445111430035e-05,0.9384700059890747,8.59237012511826,862.0998914241791
15840,2.2622172832489014,,4.016146794051389e-05,0.9350256323814392,9.604361164153275,862.297755241394
15841,2.3339807987213135,,4.014749363167419e-05,1.002780556678772,10.318937493752163,862.4970333576202
15842,2.3550703525543213,,4.013352218525913e-05,0.9929565191268921,10.538870272058414,862.6930317878723
15843,2.284400224685669,,4.0119553601616975e-05,0.960062563419342,9.819794786919717,862.8925185203552
15844,2.1489970684051514,,4.0105587881095844e-05,0.9350199699401855,8.57625268764441,863.0955672264099
15845,1.9095618724822998,,4.009162502404383e-05,0.9078298807144165,6.750130732551548,863.2958521842957
15846,2.1305603981018066,,4.007766503080885e-05,0.9627407193183899,8.419583808402843,863.4939568042755
15847,2.101019859313965,,4.006370790173889e-05,0.9360241293907166,8.174502505326332,863.6915104389191
15848,2.4598143100738525,,4.004975363718177e-05,0.9933691620826721,11.702638276173268,863.8904016017914
15849,2.078812837600708,,4.003580223748526e-05,0.9128214716911316,7.994971948110963,864.1027626991272
15850,2.4186055660247803,,4.0021853702997084e-05,1.0016441345214844,11.230188634976104,864.3134412765503
15851,2.4250733852386475,,4.00079080340649e-05,0.9812918901443481,11.303058866516983,864.5258755683899
15852,2.7525248527526855,,3.999396523103622e-05,1.0380828380584717,15.682177128311434,864.7418403625488
15853,2.409250259399414,,3.998002529425854e-05,0.9400680661201477,11.125616690828444,864.9518489837646
15854,2.175349712371826,,3.996608822407933e-05,0.9428271651268005,8.805263893534779,865.1616234779358
15855,2.209026336669922,,3.9952154020845875e-05,0.9931299686431885,9.106845073800976,865.3670547008514
15856,2.282869338989258,,3.9938222684905485e-05,0.9539772868156433,9.804773304558681,865.5844392776489
15857,2.3693363666534424,,3.992429421660534e-05,0.9844216704368591,10.690295492964195,865.7906699180603
15858,2.4713988304138184,,3.991036861629262e-05,1.0171993970870972,11.838996021911024,865.9965007305145
15859,1.9891538619995117,,3.989644588431433e-05,0.8966056108474731,7.30934642923739,866.2015483379364
15860,2.509145736694336,,3.988252602101753e-05,1.0052753686904907,12.294422898861256,866.3960824012756
15861,2.1226894855499268,,3.986860902674912e-05,0.9250002503395081,8.353574119549572,866.5992884635925
15862,2.062387704849243,,3.985469490185588e-05,0.9288387894630432,7.86472605375728,866.7995488643646
15863,2.0071730613708496,,3.9840783646684644e-05,0.9004998803138733,7.442248800983115,867.001727104187
15864,2.58115291595459,,3.982687526158216e-05,0.9948868751525879,13.212362125087544,867.20423412323
15865,2.3757853507995605,,3.981296974689496e-05,0.9519496560096741,10.759459819229036,867.403139591217
15866,1.8463290929794312,,3.979906710296967e-05,0.8961440920829773,6.336516015140309,867.6034352779388
15867,2.082932949066162,,3.978516733015279e-05,0.9247047305107117,8.027980075588985,867.8024640083313
15868,2.2163407802581787,,3.977127042879064e-05,0.9615801572799683,9.173700786458852,868.0020530223846
15869,2.3574304580688477,,3.9757376399229675e-05,0.9745564460754395,10.563772492279027,868.2003095149994
15870,2.1982429027557373,,3.9743485241816186e-05,0.9379907250404358,9.00916959680002,868.3969821929932
15871,2.2325422763824463,,3.9729596956896274e-05,0.9544937610626221,9.323538988165526,868.5951826572418
15872,2.2166683673858643,,3.9715711544816145e-05,0.9328597187995911,9.17670646503366,868.7925119400024
15873,2.384423017501831,,3.9701829005921864e-05,0.9783704280853271,10.852798983007526,868.9939141273499
15874,2.487481117248535,,3.9687949340559365e-05,0.9761618971824646,12.030933410971162,869.1974709033966
15875,2.1645469665527344,,3.967407254907461e-05,0.946264922618866,8.710654804857688,869.4092707633972
15876,1.8739442825317383,,3.966019863181341e-05,0.8964158892631531,6.513938610253794,869.6185481548309
15877,1.929836392402649,,3.964632758912161e-05,0.902580976486206,6.88838315756601,869.8327689170837
15878,2.0972821712493896,,3.963245942134482e-05,0.9552131295204163,8.144005793979378,870.0396733283997
15879,2.1281447410583496,,3.9618594128828694e-05,0.9403157830238342,8.39926952751944,870.2524473667145
15880,1.9163336753845215,,3.9604731711918875e-05,0.9113706946372986,6.795996408823534,870.4581954479218
15881,2.476135492324829,,3.9590872170960736e-05,0.9885523915290833,11.895206363029104,870.6921846866608
15882,1.939028024673462,,3.9577015506299773e-05,0.9093842506408691,6.95199052241696,870.9108734130859
15883,1.8483412265777588,,3.956316171828133e-05,0.9311276078224182,6.349278767786391,871.1132347583771
15884,1.7658109664916992,,3.9549310807250607e-05,0.8776994943618774,5.846311598950271,871.3175280094147
15885,2.2847824096679688,,3.9535462773552857e-05,0.9594350457191467,9.82354848227385,871.5441918373108
15886,2.3723273277282715,,3.952161761753323e-05,0.9965975880622864,10.722317615250635,871.7563669681549
15887,2.3469626903533936,,3.950777533953673e-05,0.9851893186569214,10.45377011972262,871.9625549316406
15888,2.080721855163574,,3.949393593990837e-05,0.9598269462585449,8.010249067479526,872.1785283088684
15889,1.8560913801193237,,3.948009941899304e-05,0.8942981362342834,6.398677831015197,872.3814179897308
15890,2.2566745281219482,,3.946626577713563e-05,0.9746181964874268,9.551273803103888,872.5923600196838
15891,1.686843991279602,,3.945243501468087e-05,0.8928253650665283,5.402403738468074,872.7889618873596
15892,2.0907576084136963,,3.943860713197348e-05,0.9317165017127991,8.09104268489505,872.9845261573792
15893,1.9827014207839966,,3.9424782129358126e-05,0.8899999260902405,7.2623351329971975,873.1871817111969
15894,2.5037343502044678,,3.9410960007179265e-05,0.9961338043212891,12.22807271005483,873.3859677314758
15895,2.367037773132324,,3.939714076578144e-05,0.9844400882720947,10.665751068639366,873.5852024555206
15896,2.3327078819274902,,3.93833244055091e-05,0.9587257504463196,10.305810701351666,873.7836287021637
15897,2.332388162612915,,3.9369510926706496e-05,0.985075831413269,10.302516261294208,873.9823889732361
15898,2.0630061626434326,,3.935570032971793e-05,0.9115568399429321,7.869591559284215,874.1847307682037
15899,2.3817694187164307,,3.9341892614887625e-05,0.9743366241455078,10.8240381854935,874.3835113048553
15900,2.343090057373047,,3.93280877825597e-05,0.9674276113510132,10.413364792786364,874.5819034576416
15901,2.2837536334991455,,3.931428583307818e-05,0.9906246066093445,9.813447446445371,874.7857768535614
15902,1.8774720430374146,,3.9300486766787095e-05,0.8956863284111023,6.536958806615187,874.9843118190765
15903,2.078244924545288,,3.92866905840303e-05,0.9199949502944946,7.990432788209998,875.1820650100708
15904,2.2137691974639893,,3.9272897285151636e-05,0.9439417123794556,9.15014016238903,875.381156206131
15905,2.36834454536438,,3.9259106870494935e-05,0.9813326001167297,10.679697886642433,875.5792376995087
15906,1.9266256093978882,,3.924531934040379e-05,0.9225996732711792,6.8663015226326936,875.777202129364
15907,2.5504417419433594,,3.923153469522189e-05,1.017985463142395,12.812762467323953,875.9755394458771
15908,2.15378475189209,,3.9217752935292755e-05,0.9183873534202576,8.617411520128266,876.177318572998
15909,2.37910795211792,,3.920397406095988e-05,0.9665626883506775,10.795268670935004,876.3787302970886
15910,2.150573253631592,,3.919019807256667e-05,0.9416424632072449,8.589781109277263,876.5783863067627
15911,2.2539567947387695,,3.917642497045645e-05,0.9374819397926331,9.525351228715712,876.7776329517365
15912,2.0339198112487793,,3.916265475497252e-05,0.9344925284385681,7.643990711557677,876.9768462181091
15913,2.1824541091918945,,3.9148887426458e-05,0.9527348279953003,8.868042721141576,877.1749856472015
15914,2.0280346870422363,,3.913512298525603e-05,0.9472085237503052,7.5991369911023074,877.3736462593079
15915,2.4275012016296387,,3.912136143170972e-05,1.0063444375991821,11.330533956843254,877.5780169963837
15916,2.1709654331207275,,3.910760276616195e-05,0.9237756133079529,8.76674366117631,877.7746617794037
15917,2.184860944747925,,3.909384698895568e-05,0.9757519960403442,8.88941234794809,877.9753251075745
15918,2.233060836791992,,3.908009410043372e-05,0.9312917590141296,9.32837506015101,878.1746912002563
15919,2.0373551845550537,,3.9066344100938825e-05,0.9260066151618958,7.670295831284015,878.3753156661987
15920,1.631119728088379,,3.905259699081369e-05,0.8392482399940491,5.109592871209271,878.5751638412476
15921,2.056765079498291,,3.903885277040096e-05,0.9201292991638184,7.820629730393339,878.777500629425
15922,2.4299919605255127,,3.902511144004311e-05,0.9993973970413208,11.35879076092585,878.9902293682098
15923,2.398084878921509,,3.901137300008265e-05,0.9753931760787964,11.002085865094669,879.1896283626556
15924,2.3691513538360596,,3.899763745086198e-05,0.9728101491928101,10.688317834228135,879.3865020275116
15925,2.0521624088287354,,3.898390479272343e-05,0.924712061882019,7.7847166587368335,879.583349943161
15926,1.921322226524353,,3.897017502600923e-05,0.9238307476043701,6.829983286611949,879.7839696407318
15927,2.034780740737915,,3.895644815106157e-05,0.9146769642829895,7.650574482250449,879.9859383106232
15928,1.9568321704864502,,3.8942724168222574e-05,0.8911260962486267,7.076873191152986,880.1859269142151
15929,2.339651346206665,,3.892900307783426e-05,0.9727732539176941,10.377617736120213,880.3931245803833
15930,2.2764766216278076,,3.891528488023855e-05,0.981295108795166,9.742294078822301,880.594113111496
15931,2.3174734115600586,,3.890156957577747e-05,0.9565193057060242,10.1499970166339,880.7994203567505
15932,2.305894374847412,,3.8887857164792726e-05,0.9900805950164795,10.033147635717414,880.9990894794464
15933,2.0473835468292236,,3.887414764762608e-05,0.9050915241241455,7.747603322506881,881.2013690471649
15934,2.2053868770599365,,3.886044102461929e-05,0.9621220231056213,9.073761318993192,881.4053502082825
15935,2.465853691101074,,3.8846737296113865e-05,0.9850966930389404,11.773528819776446,881.6076319217682
15936,2.118494987487793,,3.883303646245138e-05,0.9144293069839478,8.31860845207041,881.8082795143127
15937,2.590136766433716,,3.88193385239733e-05,1.0249509811401367,13.331594793192945,882.0180494785309
15938,2.0433449745178223,,3.880564348102098e-05,0.9244890213012695,7.7163771632417,882.2158205509186
15939,2.115715503692627,,3.879195133393576e-05,0.9236226677894592,8.295519117759605,882.4132251739502
15940,2.3419156074523926,,3.8778262083058896e-05,0.9655600786209106,10.401141996267874,882.6132016181946
15941,2.193772554397583,,3.8764575728731525e-05,0.9787574410438538,8.968985355982294,882.816647529602
15942,2.5052878856658936,,3.875089227129478e-05,0.9643040895462036,12.247084218337294,883.0182256698608
15943,2.255619764328003,,3.873721171108969e-05,0.9598624110221863,9.54120477646619,883.2186176776886
15944,2.207444429397583,,3.872353404845722e-05,0.9619523882865906,9.092450277968604,883.4199559688568
15945,2.359403610229492,,3.87098592837382e-05,0.9550161361694336,10.58463700045205,883.6237473487854
15946,1.9014650583267212,,3.869618741727348e-05,0.8939441442489624,6.695696846397077,883.8264238834381
15947,2.197110891342163,,3.868251844940381e-05,0.957652747631073,8.998976884211563,884.0236032009125
15948,2.0785579681396484,,3.86688523804698e-05,0.92825847864151,7.992934533567763,884.2243492603302
15949,2.244478702545166,,3.86551892108121e-05,0.9606083035469055,9.435495574356688,884.440327167511
15950,1.9983174800872803,,3.86415289407712e-05,0.8995538353919983,7.3766343177854345,884.6456472873688
15951,2.259098768234253,,3.862787157068756e-05,0.935258150100708,9.574456473006526,884.8778710365295
15952,2.195448875427246,,3.8614217100901574e-05,0.9808354377746582,8.984032863452185,885.0805048942566
15953,2.022067070007324,,3.8600565531753524e-05,0.9464623332023621,7.553923294936108,885.2924039363861
15954,2.2479248046875,,3.8586916863583685e-05,0.9673773646354675,9.468067346462117,885.4963712692261
15955,2.4038989543914795,,3.857327109673216e-05,0.9513974189758301,11.066239137909468,885.7085268497467
15956,2.2246310710906982,,3.855962823153906e-05,0.9596061110496521,9.250069556250386,885.9475951194763
15957,1.97794771194458,,3.8545988268344436e-05,0.9637874960899353,7.227894032619899,886.1642680168152
15958,2.2503182888031006,,3.8532351207488144e-05,0.955976128578186,9.49075615708365,886.3723282814026
15959,1.8434324264526367,,3.851871704931013e-05,0.8926603198051453,6.3181877994826605,886.5887038707733
15960,2.2266194820404053,,3.8505085794150164e-05,0.9917517304420471,9.268480794329122,886.7999613285065
15961,2.2457356452941895,,3.8491457442347986e-05,0.9542874693870544,9.447362908819882,887.0077304840088
15962,2.4477334022521973,,3.8477831994243246e-05,0.9614573121070862,11.562110343536233,887.2184693813324
15963,1.9708887338638306,,3.846420945017557e-05,0.8998627662658691,7.177052144079307,887.4379215240479
15964,2.1962199211120605,,3.845058981048436e-05,0.9519925117492676,8.99096263446548,887.6365184783936
15965,1.971071481704712,,3.843697307550914e-05,0.886955738067627,7.178363854715023,887.8393263816833
15966,1.7929130792617798,,3.8423359245589265e-05,0.8942298293113708,6.0069256541863645,888.0344789028168
15967,2.2346794605255127,,3.840974832106399e-05,0.9676452279090881,9.343486415918857,888.2354311943054
15968,2.0231430530548096,,3.8396140302272556e-05,0.9570114612579346,7.5620555626499755,888.4350683689117
15969,2.080272912979126,,3.8382535189554105e-05,0.9529851675033569,8.006653735873597,888.634503364563
15970,2.179783344268799,,3.836893298324773e-05,0.9473066926002502,8.844389863376483,888.8344316482544
15971,2.3582940101623535,,3.8355333683692414e-05,0.9764751195907593,10.572898800084019,889.0432522296906
15972,2.200162649154663,,3.834173729122708e-05,0.9405372142791748,9.026481529634326,889.2417240142822
15973,1.8995435237884521,,3.8328143806190666e-05,0.8720454573631287,6.682843186979161,889.4441692829132
15974,2.15446138381958,,3.831455322892184e-05,0.9223534464836121,8.62324430899816,889.644225358963
15975,2.331094264984131,,3.8300965559759354e-05,0.975911557674408,10.289194480302207,889.8429579734802
15976,2.4086458683013916,,3.8287380799041925e-05,0.963797926902771,11.118894498761648,890.0414452552795
15977,2.1639909744262695,,3.827379894710799e-05,0.9741075038909912,8.705813095470708,890.238906621933
15978,2.2358531951904297,,3.826022000429613e-05,0.9352927207946777,9.354459628376553,890.4364893436432
15979,2.3167052268981934,,3.8246643970944786e-05,0.9246101975440979,10.142202938636608,890.6339564323425
15980,1.709958791732788,,3.823307084739218e-05,0.8584797382354736,5.5287336433963885,890.8328750133514
15981,2.216134786605835,,3.821950063397673e-05,0.958951473236084,9.171811256950564,891.0338397026062
15982,2.267359733581543,,3.820593333103663e-05,0.9392847418785095,9.653878325064433,891.232316493988
15983,2.1788249015808105,,3.819236893890994e-05,0.9393591284751892,8.83591708356774,891.4288859367371
15984,2.263978958129883,,3.817880745793475e-05,0.9503781199455261,9.621295838279321,891.6295223236084
15985,2.103090524673462,,3.816524888844903e-05,0.926468551158905,8.19144670132084,891.8281483650208
15986,2.4541304111480713,,3.815169323079079e-05,0.9944239854812622,11.636310342252367,892.0256547927856
15987,2.2846598625183105,,3.813814048529774e-05,0.9626507759094238,9.822344708168867,892.225706577301
15988,2.3067467212677,,3.812459065230772e-05,0.9615626931190491,10.04170299873751,892.4262986183167
15989,2.4358913898468018,,3.811104373215845e-05,0.9903039336204529,11.425999194975839,892.6255791187286
15990,2.3365659713745117,,3.809749972518749e-05,0.981814444065094,10.34564823984032,892.8238496780396
15991,2.0576910972595215,,3.808395863173241e-05,0.932167649269104,7.827875126592724,893.0255100727081
15992,2.2906649112701416,,3.8070420452130705e-05,0.9596521258354187,9.881505821902753,893.2263579368591
15993,2.074542760848999,,3.805688518671978e-05,0.952348530292511,7.960905589011326,893.4331653118134
15994,2.262219190597534,,3.8043352835836965e-05,1.001335620880127,9.60437948303588,893.6343994140625
15995,2.012860059738159,,3.802982339981957e-05,0.9233474731445312,7.484693434649473,893.8305704593658
15996,1.9478375911712646,,3.801629687900471e-05,0.9147951006889343,7.0135051057855025,894.0295655727386
15997,1.5613681077957153,,3.800277327372951e-05,0.8809719681739807,4.765336281201364,894.2290251255035
15998,2.2784245014190674,,3.798925258433108e-05,0.9390290975570679,9.76128939086512,894.4277877807617
15999,1.8673902750015259,,3.797573481114631e-05,0.8914062976837158,6.471385805573257,894.6284213066101
16000,1.852307915687561,2.252171736293369,3.796221995451214e-05,0.898591160774231,6.374514400595167,894.825793504715
16001,2.181978225708008,,3.794870801476538e-05,0.9610579609870911,8.863823570067963,899.2101259231567
16002,2.3694727420806885,,3.793519899224279e-05,0.967830240726471,10.691753485994386,899.4060702323914
16003,2.0244905948638916,,3.792169288728106e-05,0.9278568625450134,7.572252617619155,899.6101484298706
16004,2.193368911743164,,3.7908189700216775e-05,0.9498447775840759,8.965365821474164,899.8937637805939
16005,2.0656073093414307,,3.789468943138654e-05,0.9552857875823975,7.890088167168591,900.1591770648956
16006,2.316880226135254,,3.78811920811267e-05,0.9553792476654053,10.14397797172317,900.4352626800537
16007,2.2884228229522705,,3.7867697649773714e-05,0.9607781171798706,9.859375431552042,900.6332724094391
16008,2.1251721382141113,,3.785420613766393e-05,0.965031623840332,8.374338907805953,900.8337821960449
16009,2.038409471511841,,3.7840717545133523e-05,0.9086400866508484,7.678386788479517,901.0352470874786
16010,1.8729737997055054,,3.782723187251868e-05,0.8915822505950928,6.507620011243244,901.2341344356537
16011,2.256943464279175,,3.781374912015552e-05,0.9599270820617676,9.55384283141393,901.4344592094421
16012,2.1462535858154297,,3.780026928838006e-05,0.9713101387023926,8.552756133641834,901.6389362812042
16013,2.5681276321411133,,3.7786792377528236e-05,0.9901608228683472,13.041383299745496,901.8428330421448
16014,2.4608964920043945,,3.7773318387936e-05,1.0089316368103027,11.715309514911587,902.0461513996124
16015,2.367298126220703,,3.775984731993906e-05,1.013129711151123,10.668528291383538,902.2437748908997
16016,2.1949875354766846,,3.7746379173873195e-05,0.9491503834724426,8.979889126084409,902.4445555210114
16017,2.2671525478363037,,3.7732913950074066e-05,0.997737467288971,9.651878386275763,902.6423132419586
16018,2.3601467609405518,,3.771945164887729e-05,0.9918510317802429,10.59250590449391,902.838686466217
16019,2.471445083618164,,3.770599227061832e-05,1.000822901725769,11.839543626077399,903.0400869846344
16020,2.3645009994506836,,3.769253581563263e-05,1.0016684532165527,10.638728761263803,903.2430601119995
16021,2.026294469833374,,3.76790822842556e-05,0.8797394037246704,7.585924341912021,903.4475257396698
16022,1.9794951677322388,,3.766563167682251e-05,0.8869896531105042,7.2390875375665855,903.6436667442322
16023,2.005397081375122,,3.7652183993668586e-05,0.904250979423523,7.429043245861181,903.8435442447662
16024,2.2139201164245605,,3.763873923512905e-05,0.9353660345077515,9.151521196240896,904.0508847236633
16025,2.2038702964782715,,3.762529740153887e-05,0.9854597449302673,9.060010658402124,904.2483851909637
16026,2.315990447998047,,3.761185849323308e-05,0.9833827018737793,10.13495609622863,904.4477932453156
16027,1.8179905414581299,,3.75984225105467e-05,0.8706053495407104,6.159468808606504,904.648113489151
16028,2.009502649307251,,3.7584989453814466e-05,0.934303879737854,7.459606384167841,904.849142074585
16029,2.1880011558532715,,3.757155932337123e-05,0.9402991533279419,8.917370854154235,905.0548040866852
16030,1.9604476690292358,,3.755813211955172e-05,0.9407860636711121,7.102505925497692,905.2564380168915
16031,2.068610668182373,,3.75447078426905e-05,0.9297664761543274,7.913820553818737,905.4584834575653
16032,2.150881290435791,,3.7531286493122205e-05,0.9494514465332031,8.592427485568658,905.6567182540894
16033,2.064607620239258,,3.751786807118133e-05,0.9174883365631104,7.882204473290684,905.8550164699554
16034,2.350654125213623,,3.7504452577202316e-05,1.029759407043457,10.492430844034644,906.0586652755737
16035,2.027740955352783,,3.749104001151945e-05,0.9384324550628662,7.596905211543762,906.2601828575134
16036,2.0292553901672363,,3.747763037446704e-05,0.9395695924758911,7.608418945477406,906.4641630649567
16037,2.1182727813720703,,3.746422366637933e-05,0.9311075806617737,8.316760211750815,906.6904413700104
16038,1.927904486656189,,3.745081988759035e-05,0.8807921409606934,6.875088296903935,906.8945214748383
16039,2.210252523422241,,3.743741903843422e-05,0.9661658406257629,9.118018615610383,907.1225531101227
16040,2.064908027648926,,3.742402111924498e-05,0.9129723310470581,7.884572701617836,907.3357169628143
16041,2.3731460571289062,,3.741062613035642e-05,0.9763667583465576,10.731099886586481,907.5562748908997
16042,2.051290273666382,,3.739723407210245e-05,0.9139657616615295,7.777930293353881,907.7821183204651
16043,2.1443188190460205,,3.7383844944816816e-05,0.9192391633987427,8.536224542830798,907.9925937652588
16044,1.8457417488098145,,3.737045874883322e-05,0.9000000953674316,6.332795392153203,908.2091484069824
16045,2.5711019039154053,,3.735707548448528e-05,0.984616219997406,13.080229659169651,908.4170980453491
16046,2.117135524749756,,3.734369515210658e-05,0.9556729197502136,8.307307297337386,908.6319808959961
16047,2.25032901763916,,3.7330317752030515e-05,0.9457648396492004,9.490857982396774,908.8375947475433
16048,2.289659023284912,,3.7316943284590506e-05,0.9493985772132874,9.871571131351127,909.0431780815125
16049,2.3986637592315674,,3.730357175011992e-05,0.9870746731758118,11.008456599740065,909.245176076889
16050,2.5351004600524902,,3.7290203148952024e-05,1.0128495693206787,12.617698359008177,909.4539833068848
16051,2.2900350093841553,,3.7276837481419907e-05,0.9648656845092773,9.875283402711686,909.6515367031097
16052,1.693800687789917,,3.726347474785675e-05,0.8649499416351318,5.440117651728255,909.8525671958923
16053,2.1947436332702637,,3.725011494859556e-05,0.9465832114219666,8.977699178390534,910.0519206523895
16054,2.143357992172241,,3.7236758083969304e-05,0.9287357926368713,8.528026647898995,910.2523031234741
16055,2.179670572280884,,3.7223404154310874e-05,0.926639199256897,8.843392520186939,910.4596407413483
16056,2.1892428398132324,,3.721005315995313e-05,0.9112179279327393,8.928450287662795,910.6605417728424
16057,2.084996223449707,,3.7196705101228714e-05,0.92195063829422,8.044561100950741,910.8618614673615
16058,1.882883071899414,,3.718335997847036e-05,0.8794052600860596,6.572426350801614,911.0632269382477
16059,2.330552101135254,,3.717001779201069e-05,0.956584632396698,10.283617562959016,911.2641351222992
16060,1.9291523694992065,,3.715667854218214e-05,0.9178117513656616,6.883672956844789,911.4629101753235
16061,2.6067569255828857,,3.714334222931721e-05,1.0144122838974,13.555019554894347,911.665608882904
16062,2.4520623683929443,,3.713000885374827e-05,0.9926774501800537,11.612270820899335,911.862949848175
16063,2.381403923034668,,3.711667841580763e-05,0.9833931922912598,10.820082769165294,912.0640347003937
16064,1.8216394186019897,,3.7103350915827524e-05,0.8849241733551025,6.181985008000925,912.2623951435089
16065,2.320655107498169,,3.709002635414008e-05,0.9480220675468445,10.182342650612938,912.4623792171478
16066,1.783823847770691,,3.7076704731077445e-05,0.8754186630249023,5.952574694770899,912.6615631580353
16067,2.2558376789093018,,3.706338604697155e-05,0.9694733023643494,9.54328417066707,912.8638436794281
16068,2.3446011543273926,,3.705007030215435e-05,0.9892706274986267,10.429112291611487,913.0683486461639
16069,2.4565911293029785,,3.7036757496957774e-05,0.9705569744110107,11.664979280990512,913.2687995433807
16070,2.2097039222717285,,3.702344763171351e-05,0.9620378017425537,9.11301783195072,913.4669580459595
16071,2.01318097114563,,3.701014070675334e-05,0.9352209568023682,7.487095743597629,913.671169757843
16072,2.3669371604919434,,3.699683672240887e-05,0.9865250587463379,10.664678013245078,913.8711750507355
16073,2.4776413440704346,,3.6983535679011716e-05,0.9585716724395752,11.913132273789829,914.069313287735
16074,2.3590219020843506,,3.6970237576893325e-05,0.967179536819458,10.580597529294177,914.2674906253815
16075,2.1951069831848145,,3.69569424163852e-05,0.9549578428268433,8.98096181732376,914.4672603607178
16076,2.225327968597412,,3.694365019781861e-05,0.957007110118866,9.256518153405718,914.6688277721405
16077,2.049452781677246,,3.6930360921524845e-05,0.9139118194580078,7.763651531320752,914.866705417633
16078,2.270695447921753,,3.691707458783513e-05,1.0037384033203125,9.686134674506022,915.064439535141
16079,2.0622167587280273,,3.690379119708062e-05,0.9299739003181458,7.863381724251196,915.260641336441
16080,2.5015246868133545,,3.689051074959231e-05,1.0026406049728394,12.201082615936844,915.4608972072601
16081,2.1904852390289307,,3.68772332457012e-05,0.9486910700798035,8.939549880932839,915.6622605323792
16082,2.02612566947937,,3.686395868573823e-05,0.912017285823822,7.584643943266571,915.8624150753021
16083,1.8004831075668335,,3.685068707003421e-05,0.9131554961204529,6.052570800965826,916.0601255893707
16084,2.1550800800323486,,3.683741839891992e-05,0.9305949211120605,8.62858112835864,916.2626197338104
16085,2.116098642349243,,3.682415267272608e-05,0.9830406904220581,8.298698060759406,916.4625494480133
16086,2.1306328773498535,,3.681088989178323e-05,0.9667260646820068,8.42019407562173,916.6648209095001
16087,2.1163811683654785,,3.6797630056421946e-05,0.9431397318840027,8.301042990098626,916.8623061180115
16088,2.442375659942627,,3.6784373166972744e-05,1.0009129047393799,11.500329187305761,917.0596628189087
16089,2.137129068374634,,3.6771119223765955e-05,0.895094633102417,8.47507131834139,917.261298418045
16090,1.7992671728134155,,3.675786822713193e-05,0.8565555214881897,6.045215742323321,917.4605576992035
16091,2.1865973472595215,,3.674462017740095e-05,0.9848107695579529,8.904861354841188,917.6641166210175
16092,2.0939626693725586,,3.673137507490311e-05,0.9214217662811279,8.117016571631519,917.8636062145233
16093,2.542273998260498,,3.6718132919968526e-05,1.0339347124099731,12.708537329150381,918.0676758289337
16094,2.1759629249572754,,3.670489371292731e-05,0.9347241520881653,8.810665048031202,918.2678110599518
16095,2.4151113033294678,,3.669165745410939e-05,0.9875069856643677,11.191015885563901,918.4720284938812
16096,2.0704967975616455,,3.667842414384461e-05,0.9051042199134827,7.928761128767023,918.6723277568817
16097,1.941544771194458,,3.666519378246279e-05,0.9299951195716858,6.969508955859629,918.8705959320068
16098,2.1503829956054688,,3.66519663702937e-05,0.9259788393974304,8.588146989935673,919.0686247348785
16099,1.9180642366409302,,3.6638741907666944e-05,0.8867390751838684,6.807767479248841,919.2684128284454
16100,2.253561019897461,,3.662552039491213e-05,0.9868777990341187,9.521582080261023,919.4659049510956
16101,2.0154449939727783,,3.661230183235882e-05,0.9505982398986816,7.504065902434872,919.6661248207092
16102,2.174302577972412,,3.65990862203364e-05,0.9602721929550171,8.796048424575272,919.86359167099
16103,2.1714625358581543,,3.658587355917423e-05,0.9369809031486511,8.771102716808079,920.0618877410889
16104,2.1841986179351807,,3.657266384920164e-05,0.9539893269538879,8.883526601159623,920.2607772350311
16105,2.267515182495117,,3.655945709074783e-05,0.9508116245269775,9.655379126607803,920.4585516452789
16106,1.8769493103027344,,3.654625328414197e-05,0.9140341281890869,6.533542617216517,920.6582787036896
16107,2.250638246536255,,3.653305242971314e-05,0.9526978731155396,9.493793283759764,920.859438419342
16108,1.8934645652770996,,3.65198545277903e-05,0.9094367027282715,6.642341688694897,921.0603475570679
16109,2.076469659805298,,3.6506659578702385e-05,0.961706280708313,7.976260238359981,921.2584235668182
16110,2.3588383197784424,,3.649346758277826e-05,0.9775072336196899,10.578655297087051,921.4572308063507
16111,1.8922470808029175,,3.6480278540346735e-05,0.8461430668830872,6.634259661686211,921.661150932312
16112,2.0438928604125977,,3.646709245173644e-05,0.9479996562004089,7.720606015806759,921.858757019043
16113,2.0207717418670654,,3.645390931727607e-05,0.9397211074829102,7.544144820056915,922.0559329986572
16114,2.2064743041992188,,3.6440729137294145e-05,0.9624902606010437,9.083633740103314,922.2524898052216
16115,2.2612438201904297,,3.642755191211918e-05,0.9510742425918579,9.595016222575419,922.4527807235718
16116,2.1098592281341553,,3.641437764207956e-05,0.9126721024513245,8.24708024603379,922.6537787914276
16117,2.141099452972412,,3.6401206327503686e-05,0.9519686698913574,8.508787499780865,922.8557651042938
16118,2.0770864486694336,,3.638803796871972e-05,0.9301674962043762,7.981181424362799,923.058765411377
16119,2.043793201446533,,3.6374872566055916e-05,0.9228605628013611,7.7198366265327385,923.2599332332611
16120,1.827999234199524,,3.6361710119840405e-05,0.8864449858665466,6.221426580300029,923.4625017642975
16121,1.856855869293213,,3.634855063040116e-05,0.8749184012413025,6.403571421254258,923.6679406166077
16122,2.6485164165496826,,3.633539409806619e-05,0.9992785453796387,14.133055516846172,923.8689396381378
16123,2.205169439315796,,3.63222405231634e-05,0.9271201491355896,9.071788555285536,924.069313287735
16124,1.940753698348999,,3.63090899060206e-05,0.9044919013977051,6.9639977467498095,924.2709033489227
16125,1.9229886531829834,,3.6295942246965535e-05,0.93227219581604,6.841374441464736,924.4721910953522
16126,2.112924814224243,,3.628279754632589e-05,0.9792001843452454,8.272401172429623,924.6731195449829
16127,2.202765464782715,,3.6269655804429304e-05,0.9176197052001953,9.050006398993727,924.8708460330963
16128,2.0138778686523438,,3.625651702160323e-05,0.9022926688194275,7.492315300490716,925.0668532848358
16129,1.967958927154541,,3.624338119817513e-05,0.9182589054107666,7.156055541567279,925.2660219669342
16130,2.18111515045166,,3.6230248334472456e-05,0.9550539255142212,8.856176723644651,925.4643144607544
16131,1.9488472938537598,,3.621711843082241e-05,0.9068395495414734,7.020590237040584,925.6671485900879
16132,2.3572752475738525,,3.620399148755228e-05,0.9716798067092896,10.562133011157114,925.8680620193481
16133,2.0739595890045166,,3.6190867504989214e-05,0.9021631479263306,7.956264366461926,926.070154428482
16134,2.256838321685791,,3.61777464834603e-05,0.9622228741645813,9.552838368408702,926.2699365615845
16135,2.436021327972412,,3.616462842329256e-05,0.991074800491333,11.427483964356446,926.4688968658447
16136,2.369060754776001,,3.615151332481294e-05,0.9895402789115906,10.687349526543292,926.6692264080048
16137,2.4396872520446777,,3.613840118834826e-05,1.0079048871994019,11.469453133799126,926.8662903308868
16138,1.8578180074691772,,3.612529201422532e-05,0.8902296423912048,6.40973550665659,927.0629525184631
16139,2.5381758213043213,,3.611218580277089e-05,0.9760327935218811,12.656562068972045,927.2601985931396
16140,1.975329041481018,,3.609908255431152e-05,0.91200190782547,7.208991320791503,927.4584939479828
16141,2.0489726066589355,,3.608598226917382e-05,0.9366775155067444,7.759924514686295,927.6588709354401
16142,2.3428051471710205,,3.6072884947684295e-05,0.9854558110237122,10.410398341525658,927.856232881546
16143,1.6966068744659424,,3.605979059016939e-05,0.8654791116714478,5.4554050770512035,928.0517463684082
16144,2.3518078327178955,,3.604669919695533e-05,0.996593713760376,10.50454302585151,928.2498202323914
16145,1.7736080884933472,,3.603361076836852e-05,0.8672893643379211,5.892074180116299,928.4476492404938
16146,2.430669069290161,,3.6020525304735146e-05,0.9740461111068726,11.366484502161741,928.6459634304047
16147,2.1622822284698486,,3.600744280638127e-05,0.9219681024551392,8.690949774982366,928.8440687656403
16148,2.124253511428833,,3.5994363273632965e-05,0.9412962794303894,8.366649548142856,929.0448670387268
16149,2.3279550075531006,,3.598128670681625e-05,0.9786044955253601,10.25694469674191,929.2459619045258
16150,2.031212329864502,,3.596821310625694e-05,0.9081369638442993,7.623322740703184,929.4484832286835
16151,2.413665771484375,,3.5955142472280925e-05,0.9706474542617798,11.17485060225315,929.6537759304047
16152,2.1885502338409424,,3.5942074805213967e-05,0.977016031742096,8.922268530678286,929.851544380188
16153,2.176126003265381,,3.5929010105381695e-05,0.9341351985931396,8.812101993544657,930.0500333309174
16154,1.9567794799804688,,3.591594837310976e-05,0.8841728568077087,7.076500316947329,930.2484714984894
16155,2.1031343936920166,,3.590288960872366e-05,0.948973536491394,8.191806059930467,930.4455413818359
16156,2.1602156162261963,,3.588983381254889e-05,0.935685932636261,8.673007498018832,930.6427972316742
16157,1.9261751174926758,,3.58767809849108e-05,0.8939808011054993,6.863209006007153,930.8449537754059
16158,2.2710423469543457,,3.5863731126134744e-05,0.9908849000930786,9.689495368131153,931.0427079200745
16159,2.288884162902832,,3.5850684236545946e-05,0.9475709199905396,9.863925004695435,931.2441849708557
16160,1.8272274732589722,,3.583764031646953e-05,0.8568006753921509,6.216626978581638,931.4416151046753
16161,1.9393008947372437,,3.582459936623061e-05,0.9141744375228882,6.953887771353669,931.6454937458038
16162,2.464995861053467,,3.581156138615424e-05,1.0265394449234009,11.763433463657455,931.8448586463928
16163,2.420391321182251,,3.5798526376565286e-05,0.9833526015281677,11.25026091900867,932.0449228286743
16164,1.9666070938110352,,3.5785494337788644e-05,0.9430006742477417,7.1463882828117775,932.2452046871185
16165,2.1258301734924316,,3.577246527014912e-05,0.9591817259788513,8.379851331725693,932.446923494339
16166,2.048624038696289,,3.5759439173971415e-05,0.9239002466201782,7.75722012496711,932.6505150794983
16167,1.9769566059112549,,3.5746416049580204e-05,0.9402286410331726,7.220733972011673,932.8499932289124
16168,2.0897295475006104,,3.5733395897300055e-05,0.9743697643280029,8.082728874448625,933.0478355884552
16169,2.0282766819000244,,3.572037871745542e-05,0.9093165993690491,7.600976165704204,933.2506022453308
16170,1.8520385026931763,,3.5707364510370735e-05,0.8589973449707031,6.372797254903822,933.4474649429321
16171,2.0797677040100098,,3.569435327637042e-05,0.9206947684288025,8.002609724215121,933.6502690315247
16172,2.7173309326171875,,3.568134501577864e-05,1.0518109798431396,15.139858965620272,933.8469173908234
16173,2.000725030899048,,3.566833972891964e-05,0.9198296070098877,7.394415335488457,934.0459475517273
16174,2.431033134460449,,3.565533741611755e-05,0.9867584109306335,11.370623396645545,934.2456016540527
16175,2.4262471199035645,,3.5642338077696435e-05,0.9886502623558044,11.316333447422116,934.4485290050507
16176,2.1563680171966553,,3.5629341713980246e-05,0.9331572651863098,8.63970135821057,934.6460094451904
16177,2.1556546688079834,,3.5616348325292905e-05,0.9250611066818237,8.633540438870282,934.8427987098694
16178,1.9602257013320923,,3.560335791195827e-05,0.9187914729118347,7.100929573569537,935.040004491806
16179,2.2807774543762207,,3.559037047430001e-05,0.9416794776916504,9.784284287949477,935.2409520149231
16180,2.0790305137634277,,3.557738601264188e-05,0.9366791844367981,7.996712452351948,935.4426825046539
16181,2.0679030418395996,,3.55644045273075e-05,0.941188633441925,7.9082225068192304,935.6459767818451
16182,2.3579540252685547,,3.555142601862032e-05,0.8988854885101318,10.56930478519833,935.8449840545654
16183,2.392568588256836,,3.553845048690385e-05,1.01616632938385,10.941562247952254,936.0452764034271
16184,1.8852119445800781,,3.5525477932481476e-05,0.9054433107376099,6.587750532083162,936.2458627223969
16185,2.1531288623809814,,3.551250835567649e-05,0.9507765769958496,8.61176130346079,936.4481952190399
16186,2.0790083408355713,,3.549954175681214e-05,0.9495115280151367,7.996535143789386,936.6493284702301
16187,2.0033764839172363,,3.5486578136211585e-05,0.9257031679153442,7.414047295455844,936.8475656509399
16188,2.6251866817474365,,3.5473617494197956e-05,1.008538007736206,13.807151488658958,937.0441663265228
16189,1.9194540977478027,,3.54606598310942e-05,0.8987722396850586,6.817235908869725,937.2406544685364
16190,1.9024686813354492,,3.544770514722326e-05,0.8804209232330322,6.70242017509093,937.4425644874573
16191,2.2807209491729736,,3.5434753442908066e-05,0.9932278394699097,9.783731440596682,937.6456503868103
16192,2.014491081237793,,3.542180471847132e-05,0.9342711567878723,7.4969110914815555,937.8438277244568
16193,2.311173915863037,,3.5408858974235786e-05,0.9904538989067078,10.086258126317963,938.0425963401794
16194,2.198066473007202,,3.53959162105241e-05,0.9383808970451355,9.007580251481565,938.2469329833984
16195,2.310133934020996,,3.5382976427658835e-05,0.9193939566612244,10.075774053580025,938.4446218013763
16196,2.3655264377593994,,3.537003962596248e-05,0.9655863642692566,10.649643716641886,938.6517088413239
16197,2.129709005355835,,3.535710580575748e-05,0.9368325471878052,8.412418486508637,938.850736618042
16198,2.4139721393585205,,3.534417496736613e-05,0.9778798222541809,11.178274741972476,939.0492115020752
16199,2.3021175861358643,,3.533124711111071e-05,0.9765371084213257,9.99532602406122,939.2474591732025
16200,2.0654993057250977,2.250679863823785,3.5318322237313475e-05,0.9622527360916138,7.88923605512977,939.4437303543091
16201,2.1239585876464844,,3.530540034629646e-05,0.9334357976913452,8.36418238804251,943.8599610328674
16202,2.4402096271514893,,3.529248143838175e-05,1.0001918077468872,11.475446055745309,944.057605266571
16203,2.101759195327759,,3.527956551389132e-05,0.9229422211647034,8.180548444138118,944.2828607559204
16204,2.5689151287078857,,3.526665257314712e-05,0.9922987818717957,13.051657389194135,944.5731959342957
16205,1.9123620986938477,,3.5253742616470876e-05,0.929352879524231,6.769059115068106,944.8378267288208
16206,2.503279447555542,,3.524083564418436e-05,0.9822179675102234,12.222511392412736,945.0848779678345
16207,2.372331380844116,,3.5227931656609336e-05,0.9829837679862976,10.722361074134126,945.2844786643982
16208,2.1411919593811035,,3.521503065406731e-05,0.9706322550773621,8.509574653562613,945.4871735572815
16209,2.2776706218719482,,3.520213263687984e-05,0.92463618516922,9.753933327581056,945.6884145736694
16210,2.2107648849487305,,3.51892376053684e-05,0.971419632434845,9.122691534556552,945.8958413600922
16211,2.2293107509613037,,3.5176345559854335e-05,0.9173197746276855,9.293458364237758,946.1025290489197
16212,2.124626636505127,,3.516345650065896e-05,0.9331223964691162,8.369771937378468,946.3041648864746
16213,2.124905586242676,,3.515057042810353e-05,0.9652184844017029,8.372107008732373,946.5054078102112
16214,2.101217746734619,,3.513768734250914e-05,0.9554929137229919,8.176120296607236,946.7070808410645
16215,2.1725285053253174,,3.512480724419691e-05,0.9123411178588867,8.78045742953081,946.9057402610779
16216,2.151358127593994,,3.511193013348783e-05,0.9158395528793335,8.596525651274137,947.1046514511108
16217,2.248607873916626,,3.509905601070285e-05,0.9776378273963928,9.474536901251131,947.3007230758667
16218,2.4331183433532715,,3.5086184876162816e-05,0.9916143417358398,11.394358259142216,947.4983267784119
16219,2.103687286376953,,3.507331673018851e-05,0.9218142628669739,8.19633650188612,947.6959054470062
16220,2.148839235305786,,3.506045157310069e-05,0.9697104096412659,8.574899177918907,947.9043221473694
16221,2.043637275695801,,3.5047589405219894e-05,0.9146109819412231,7.718632999051913,948.1060054302216
16222,2.1027538776397705,,3.503473022686674e-05,0.9225238561630249,8.188689539208463,948.3061010837555
16223,2.067239284515381,,3.502187403836173e-05,0.945647120475769,7.902975107901166,948.5032770633698
16224,2.172729969024658,,3.500902084002522e-05,0.945464551448822,8.782226551167378,948.7031526565552
16225,2.343289375305176,,3.499617063217755e-05,0.98362135887146,10.415440569986304,948.9108488559723
16226,2.2949471473693848,,3.4983323415139e-05,1.0179855823516846,9.923911493595947,949.1104037761688
16227,2.1026289463043213,,3.497047918922977e-05,0.9465261697769165,8.18766657918996,949.3096039295197
16228,2.251357078552246,,3.4957637954769955e-05,0.9906395077705383,9.500620179727063,949.5092871189117
16229,2.1965367794036865,,3.4944799712079635e-05,0.9529306888580322,8.993811946916209,949.7102007865906
16230,2.3586349487304688,,3.493196446147871e-05,0.9879117608070374,10.576504123623746,949.9127395153046
16231,2.104710102081299,,3.491913220328707e-05,0.9840745329856873,8.204724132347202,950.1185774803162
16232,2.1528706550598145,,3.49063029378246e-05,0.97294020652771,8.609537970696845,950.323184967041
16233,2.2108240127563477,,3.489347666541094e-05,0.9206199049949646,9.123230955253783,950.5213894844055
16234,2.03670597076416,,3.488065338636581e-05,0.9224227666854858,7.665317785532935,950.7205941677094
16235,2.2024598121643066,,3.4867833101008796e-05,0.955317497253418,9.047240663539938,950.9206659793854
16236,1.9984461069107056,,3.485501580965941e-05,0.8885051608085632,7.377583211850608,951.1213929653168
16237,2.202922821044922,,3.484220151263708e-05,0.9417783617973328,9.051430586223074,951.3196349143982
16238,2.1536481380462646,,3.48293902102612e-05,0.9420448541641235,8.616234342810635,951.5170359611511
16239,2.1471428871154785,,3.481658190285108e-05,0.9104106426239014,8.560365493795928,951.7186236381531
16240,1.4604072570800781,,3.480377659072585e-05,0.8167061805725098,4.307713517987762,951.9189531803131
16241,2.297051191329956,,3.479097427420471e-05,0.9735108017921448,9.94481382163661,952.1209082603455
16242,2.599649429321289,,3.477817495360677e-05,0.9785621762275696,13.459018870469462,952.3237266540527
16243,2.013482093811035,,3.476537862925093e-05,0.9278860688209534,7.489350617303837,952.5249927043915
16244,1.9192579984664917,,3.4752585301456135e-05,0.8918537497520447,6.815899184877059,952.7222476005554
16245,2.38590407371521,,3.473979497054125e-05,0.9693086743354797,10.868884497208903,952.9219653606415
16246,2.1614394187927246,,3.472700763682506e-05,0.9604586958885193,8.683628044254771,953.121588230133
16247,2.388930559158325,,3.471422330062622e-05,0.9596561193466187,10.901828845571528,953.324090719223
16248,1.9695382118225098,,3.4701441962263396e-05,0.9068871736526489,7.167365919169372,953.521009683609
16249,2.08256196975708,,3.468866362205507e-05,0.9158436059951782,8.025002413446892,953.7261703014374
16250,2.556103467941284,,3.467588828031976e-05,0.9725974202156067,12.885510563254346,953.9251928329468
16251,2.0914852619171143,,3.4663115937375826e-05,0.9032604098320007,8.096932302991771,954.1323981285095
16252,2.1631906032562256,,3.4650346593541636e-05,0.9273390173912048,8.69884800135938,954.3351650238037
16253,1.6643097400665283,,3.463758024913539e-05,0.8243260383605957,5.282026020208058,954.53773188591
16254,2.3417205810546875,,3.462481690447527e-05,0.9727012515068054,10.399113696804722,954.7368772029877
16255,2.5144410133361816,,3.46120565598794e-05,0.9916107058525085,12.359697941441006,954.9459176063538
16256,2.049652099609375,,3.459929921566576e-05,0.9541477560997009,7.76519912051576,955.1483414173126
16257,1.6930019855499268,,3.4586544872152264e-05,0.8541362881660461,5.43577435230639,955.3482971191406
16258,2.1574819087982178,,3.457379352965692e-05,0.9158643484115601,8.649330410858319,955.5503554344177
16259,2.1161484718322754,,3.456104518849739e-05,0.9699904918670654,8.299111590896525,955.751035451889
16260,2.3743228912353516,,3.454829984899145e-05,0.9652249217033386,10.743736044805313,955.9501974582672
16261,2.355879306793213,,3.453555751145676e-05,0.997595489025116,10.547399185123197,956.1568202972412
16262,2.222893238067627,,3.4522818176210856e-05,0.9545669555664062,9.234008439721308,956.35706615448
16263,2.1236824989318848,,3.451008184357125e-05,0.94305020570755,8.361873450428794,956.5555675029755
16264,2.0308613777160645,,3.44973485138554e-05,0.9130324125289917,7.620647788626646,956.7553999423981
16265,2.1064629554748535,,3.448461818738059e-05,0.9227039217948914,8.219118422740618,956.9548668861389
16266,2.157076120376587,,3.447189086446414e-05,0.9476452469825745,8.645821324744142,957.1561532020569
16267,2.100728750228882,,3.4459166545423215e-05,0.9389632344245911,8.172123179719451,957.3577616214752
16268,2.6267497539520264,,3.4446445230574964e-05,1.008969783782959,13.828749938946661,957.5550165176392
16269,2.038424491882324,,3.443372692023642e-05,0.9272072315216064,7.678502121559966,957.759507894516
16270,2.017005681991577,,3.442101161472458e-05,0.93528813123703,7.515786551940662,957.962571144104
16271,2.4693944454193115,,3.440829931435634e-05,0.9801841974258423,11.815289881986983,958.1654305458069
16272,2.1094119548797607,,3.43955900194485e-05,0.9436640739440918,8.24339237241799,958.363981962204
16273,2.0501091480255127,,3.43828837303178e-05,0.8894839286804199,7.768749003647222,958.5628399848938
16274,2.3459625244140625,,3.437018044728097e-05,0.9479921460151672,10.443319841788444,958.7719078063965
16275,2.302823781967163,,3.4357480170654557e-05,0.9428839087486267,10.002387174615968,958.9711563587189
16276,1.9149497747421265,,3.434478290075509e-05,0.9321474432945251,6.786597929808204,959.16796875
16277,2.2096333503723145,,3.433208863789902e-05,0.9356595873832703,9.112374731665597,959.3715748786926
16278,2.2443082332611084,,3.431939738240275e-05,0.9641233682632446,9.433887249270306,959.5696775913239
16279,2.193443775177002,,3.430670913458254e-05,0.9761643409729004,8.966037024669145,959.7658920288086
16280,1.9237539768218994,,3.429402389475467e-05,0.91611647605896,6.846612311124539,959.9642713069916
16281,2.4558231830596924,,3.428134166323522e-05,1.0317227840423584,11.656024642754138,960.1680934429169
16282,2.11466908454895,,3.426866244034031e-05,0.996730625629425,8.286843067932045,960.3666496276855
16283,2.231858015060425,,3.4255986226385913e-05,0.9656304121017456,9.31716143325748,960.5690500736237
16284,2.0963661670684814,,3.424331302168802e-05,0.9535366296768188,8.136549266249416,960.7674105167389
16285,2.4020862579345703,,3.423064282656237e-05,0.9535165429115295,11.046197575555233,960.9697363376617
16286,2.4038796424865723,,3.4217975641324804e-05,0.9781391620635986,11.066025429815118,961.1664323806763
16287,2.664116144180298,,3.420531146629102e-05,1.0267125368118286,14.355255960649329,961.3668367862701
16288,2.282752513885498,,3.419265030177663e-05,0.9606815576553345,9.803627927805717,961.5665557384491
16289,2.0703957080841064,,3.417999214809719e-05,0.9508548378944397,7.927959654957951,961.7667591571808
16290,2.2092738151550293,,3.41673370055682e-05,0.9369191527366638,9.109099100924054,961.9661591053009
16291,2.027336597442627,,3.415468487450501e-05,0.9221665859222412,7.593833963812271,962.1736967563629
16292,2.275024175643921,,3.414203575522295e-05,0.9657285213470459,9.728154194108845,962.377329826355
16293,2.0132782459259033,,3.412938964803733e-05,0.8964183926582336,7.4878240846150055,962.5753288269043
16294,2.298414707183838,,3.411674655326323e-05,0.9492071866989136,9.95838298172648,962.7772240638733
16295,2.1295557022094727,,3.4104106471215813e-05,0.9498859643936157,8.411128935134805,962.9778697490692
16296,2.0830771923065186,,3.4091469402210084e-05,0.8991124629974365,8.029138140968149,963.1779131889343
16297,2.180323600769043,,3.4078835346560995e-05,0.9737865328788757,8.849169393460711,963.380669593811
16298,2.0125715732574463,,3.4066204304583426e-05,0.9027261137962341,7.482534513206094,963.5833597183228
16299,2.3374388217926025,,3.405357627659216e-05,0.9673347473144531,10.354682385387175,963.7805762290955
16300,2.2047111988067627,,3.4040951262901965e-05,0.95004802942276,9.067632446601527,963.9801812171936
16301,2.048550605773926,,3.4028329263827426e-05,0.9188988208770752,7.7566505105384,964.1898725032806
16302,2.467599868774414,,3.401571027968314e-05,1.030755877494812,11.79410545293826,964.3917140960693
16303,1.8845964670181274,,3.4003094310783656e-05,0.8935737609863281,6.583697166952536,964.5944314002991
16304,2.027045249938965,,3.3990481357443296e-05,0.9160075187683105,7.591621841507493,964.7961611747742
16305,2.1211371421813965,,3.397787141997648e-05,0.8815828561782837,8.340616564051299,964.9953048229218
16306,1.9562193155288696,,3.3965264498697485e-05,0.8928059935569763,7.072537423067808,965.1923758983612
16307,2.032410144805908,,3.395266059392043e-05,0.9131544828414917,7.632459541591043,965.3906943798065
16308,1.8296475410461426,,3.394005970595953e-05,0.8838014006614685,6.2316898565185985,965.5904698371887
16309,2.382446050643921,,3.392746183512881e-05,0.979181706905365,10.831364553661965,965.7914564609528
16310,1.9826284646987915,,3.391486698174221e-05,0.8971477150917053,7.2618053207831945,965.9907791614532
16311,2.3929450511932373,,3.3902275146113645e-05,1.0078301429748535,10.945682116045099,966.1935362815857
16312,2.1081104278564453,,3.388968632855693e-05,0.9793098568916321,8.23267035349375,966.3916964530945
16313,2.3299295902252197,,3.387710052938587e-05,0.9757667779922485,10.277217890970938,966.5906038284302
16314,2.514510154724121,,3.386451774891402e-05,0.9598202705383301,12.360552537654833,966.7915134429932
16315,2.2851123809814453,,3.385193798745506e-05,0.940578281879425,9.826790506327598,966.9959020614624
16316,1.7410203218460083,,3.383936124532252e-05,0.8515856266021729,5.703159513267928,967.1944575309753
16317,2.0670039653778076,,3.382678752282976e-05,0.9439656734466553,7.901115605411353,967.3932135105133
16318,2.382476806640625,,3.381421682029023e-05,0.9521986842155457,10.831697688197394,967.5905878543854
16319,2.600828170776367,,3.380164913801719e-05,0.9929777979850769,13.474892927823502,967.795004606247
16320,2.128450393676758,,3.378908447632387e-05,0.9246872663497925,8.401837178627895,967.993777513504
16321,2.1394734382629395,,3.3776522835523414e-05,0.9510259628295898,8.494963328345333,968.1945841312408
16322,2.4311327934265137,,3.3763964215928924e-05,0.9768171906471252,11.37175663768464,968.3937146663666
16323,2.031930685043335,,3.375140861785332e-05,0.913248598575592,7.628800961492441,968.5940523147583
16324,2.039623498916626,,3.373885604160957e-05,0.8972815871238708,7.687714221199128,968.7956850528717
16325,2.3181111812591553,,3.372630648751055e-05,0.9992209672927856,10.156472441872545,968.9972236156464
16326,2.4315598011016846,,3.371375995586893e-05,0.9775495529174805,11.376613501934465,969.1948404312134
16327,2.2742414474487305,,3.370121644699746e-05,0.9804728031158447,9.720542672798732,969.3929288387299
16328,2.1539249420166016,,3.3688675961208774e-05,0.9497186541557312,8.618619680806361,969.5899286270142
16329,2.2088406085968018,,3.367613849881538e-05,0.9558058381080627,9.105153834073425,969.796394109726
16330,2.097883701324463,,3.366360406012975e-05,0.933882474899292,8.148906132098645,969.9995319843292
16331,2.3506686687469482,,3.36510726454643e-05,0.9532978534698486,10.49258344216194,970.2493271827698
16332,2.4683480262756348,,3.3638544255131345e-05,0.9753828048706055,11.802932603040604,970.4611687660217
16333,2.287592649459839,,3.3626018889443096e-05,0.9696401357650757,9.851193835958618,970.674213886261
16334,2.202845573425293,,3.361349654871171e-05,0.9626376032829285,9.05073141176118,970.896781206131
16335,2.065290689468384,,3.360097723324935e-05,0.9217163324356079,7.887590403896385,971.1051182746887
16336,1.9402506351470947,,3.358846094336794e-05,0.905203640460968,6.960495296795984,971.3182532787323
16337,1.9844186305999756,,3.3575947679379445e-05,0.9211100339889526,7.274816799927825,971.5270309448242
16338,2.143671751022339,,3.356343744159575e-05,0.9710776805877686,8.530702811546702,971.7530567646027
16339,2.2226595878601074,,3.355093023032863e-05,1.002112627029419,9.231851163766931,971.9650266170502
16340,2.1330647468566895,,3.35384260458898e-05,0.9187005162239075,8.440695807500253,972.1727056503296
16341,2.3097753524780273,,3.352592488859093e-05,0.9999417066574097,10.072161714671024,972.3924651145935
16342,1.7967627048492432,,3.3513426758743506e-05,0.8829551935195923,6.030094636226813,972.6026222705841
16343,1.8093016147613525,,3.350093165665906e-05,0.8726621270179749,6.106181475756315,972.7984795570374
16344,2.177173376083374,,3.3488439582649003e-05,0.9953247308731079,8.821336384723065,972.9999830722809
16345,1.9976447820663452,,3.3475950537024695e-05,0.9312379360198975,7.371673739151478,973.2015480995178
16346,1.9124583005905151,,3.346346452009735e-05,0.901536226272583,6.769710342717795,973.4080092906952
16347,2.1135852336883545,,3.345098153217815e-05,0.9809874296188354,8.277866231595922,973.6109051704407
16348,2.0431532859802246,,3.3438501573578224e-05,0.9325489401817322,7.714898163945861,973.8132469654083
16349,2.3286843299865723,,3.342602464460862e-05,0.9741266965866089,10.264428045163356,974.0116775035858
16350,2.235830545425415,,3.3413550745580265e-05,0.9727433919906616,9.354247754463588,974.2159504890442
16351,2.311851978302002,,3.3401079876804086e-05,0.9671706557273865,10.093099558300029,974.4194958209991
16352,2.269331932067871,,3.3388612038590835e-05,0.9505209922790527,9.672936476335536,974.6221528053284
16353,2.211174488067627,,3.337614723125126e-05,0.9420955181121826,9.126428982844821,974.8220200538635
16354,2.35202956199646,,3.3363685455096064e-05,0.9847524762153625,10.506872448839376,975.0156652927399
16355,2.0526838302612305,,3.335122671043575e-05,0.9857364892959595,7.7887768352881475,975.2132358551025
16356,2.1320688724517822,,3.333877099758086e-05,0.916073203086853,8.432294118793703,975.4136641025543
16357,1.9910738468170166,,3.3326318316841865e-05,0.8939589262008667,7.32339374440807,975.6161077022552
16358,2.19027042388916,,3.3313868668529e-05,0.9445355534553528,8.93762973652111,975.8153924942017
16359,2.150470733642578,,3.330142205295265e-05,0.9503040313720703,8.588900530151562,976.0139417648315
16360,2.144331216812134,,3.328897847042299e-05,0.9358247518539429,8.536330373602203,976.2115936279297
16361,1.954047679901123,,3.327653792125018e-05,0.891932487487793,7.0571951138035365,976.4104070663452
16362,2.1998581886291504,,3.326410040574418e-05,0.9560042023658752,9.023733740642149,976.6099374294281
16363,1.853524923324585,,3.325166592421503e-05,0.8572547435760498,6.38227695588945,976.8099477291107
16364,2.211460828781128,,3.323923447697267e-05,0.9482700228691101,9.129042625209737,977.0112373828888
16365,2.4825778007507324,,3.3226806064326814e-05,0.9828935861587524,11.972086327533315,977.2131216526031
16366,2.1365559101104736,,3.321438068658727e-05,0.9533292055130005,8.470215152984531,977.4168467521667
16367,2.3530497550964355,,3.3201958344063757e-05,0.9570208787918091,10.517596957218563,977.617517709732
16368,2.1337649822235107,,3.3189539037065794e-05,0.963228702545166,8.446608351069711,977.8222205638885
16369,2.052048444747925,,3.3177122765902896e-05,0.9422125220298767,7.783829531209747,978.0220785140991
16370,2.0857462882995605,,3.316470953088461e-05,0.9579508304595947,8.050597306955042,978.2210557460785
16371,2.0833451747894287,,3.315229933232021e-05,0.9424096941947937,8.031290097673267,978.421377658844
16372,2.2840611934661865,,3.3139892170519024e-05,0.9406995177268982,9.816466134208518,978.6273131370544
16373,1.8944973945617676,,3.31274880457903e-05,0.8987611532211304,6.649205637743377,978.8255038261414
16374,2.0287370681762695,,3.3115086958443136e-05,0.9129312038421631,7.604476356475034,979.0285971164703
16375,2.1928625106811523,,3.31026889087866e-05,0.9302358031272888,8.960826900055157,979.2283065319061
16376,2.1585495471954346,,3.3090293897129706e-05,0.9553090929985046,8.658569699347124,979.4279029369354
16377,1.7047274112701416,,3.307790192378139e-05,0.8593346476554871,5.499886255850614,979.6319007873535
16378,2.01822829246521,,3.3065512989050425e-05,0.9355376958847046,7.524981050796645,979.8354556560516
16379,2.3579368591308594,,3.3053127093245626e-05,0.9822195172309875,10.569123352614296,980.0368354320526
16380,2.0228097438812256,,3.304074423667567e-05,0.8894791603088379,7.559535480166428,980.2328860759735
16381,2.21802020072937,,3.3028364419649184e-05,0.9596892595291138,9.189120231597974,980.4331421852112
16382,2.183990716934204,,3.301598764247468e-05,0.9494401216506958,8.881679899059298,980.6313943862915
16383,2.5262887477874756,,3.3003613905460676e-05,0.9936920404434204,12.507003254580795,980.8353927135468
16384,1.9501817226409912,,3.299124320891548e-05,0.9064114093780518,7.029964968320761,981.0336472988129
16385,2.165436267852783,,3.297887555314744e-05,0.9592695236206055,8.7184046469615,981.2331871986389
16386,2.340977191925049,,3.296651093846482e-05,0.9619479775428772,10.391385981430323,981.4309773445129
16387,2.2668707370758057,,3.29541493651757e-05,0.9471755027770996,9.649158766314576,981.6294765472412
16388,2.031024694442749,,3.294179083358821e-05,0.9125116467475891,7.621892469514538,981.8299582004547
16389,2.1364190578460693,,3.292943534401037e-05,0.9272037744522095,8.469056064174627,982.0301809310913
16390,2.069359302520752,,3.2917082896750076e-05,0.9421356320381165,7.919747329850314,982.2291910648346
16391,2.037781238555908,,3.2904733492115226e-05,0.9344940185546875,7.673564487773315,982.4273855686188
16392,2.217815637588501,,3.2892387130413565e-05,1.0182491540908813,9.187240668552787,982.6269063949585
16393,2.370741128921509,,3.288004381195286e-05,0.9508331418037415,10.705323369532898,982.8300080299377
16394,2.3370397090911865,,3.286770353704064e-05,0.9687133431434631,10.350550524721921,983.0293452739716
16395,2.0951223373413086,,3.28553663059845e-05,0.9432595372200012,8.126435075864764,983.2305641174316
16396,2.5519325733184814,,3.284303211909197e-05,1.0136562585830688,12.83187838137389,983.4326260089874
16397,2.408024787902832,,3.2830700976670354e-05,0.9537594318389893,11.111990915396886,983.6321685314178
16398,2.136631727218628,,3.281837287902702e-05,0.9658216238021851,8.47085736454788,983.8323180675507
16399,2.2611565589904785,,3.2806047826469236e-05,0.977356493473053,9.59417898647593,984.0303285121918
16400,2.140697717666626,2.2469736125734117,3.279372581930416e-05,0.9255864024162292,8.505369905962786,984.2270846366882
16401,2.146728754043579,,3.2781406857838866e-05,0.9601647257804871,8.556821097313959,988.6598217487335
16402,2.2090134620666504,,3.276909094238045e-05,0.9418408870697021,9.106727827538348,988.8537712097168
16403,2.0243639945983887,,3.2756778073235754e-05,0.9308776259422302,7.571294029107369,989.0768103599548
16404,1.9812610149383545,,3.2744468250711693e-05,0.8921011090278625,7.251881953236561,989.3565435409546
16405,2.2832021713256836,,3.273216147511512e-05,0.9294576644897461,9.80803719329949,989.6152818202972
16406,2.1602768898010254,,3.2719857746752636e-05,0.9501315355300903,8.673538940474279,989.8647103309631
16407,2.2755074501037598,,3.2707557065930945e-05,0.9629917144775391,9.73285669878091,990.0680685043335
16408,1.9906264543533325,,3.269525943295663e-05,0.9235742092132568,7.320118046054247,990.2697505950928
16409,2.4315593242645264,,3.268296484813612e-05,0.9861409068107605,11.376608077143706,990.4680359363556
16410,2.1187045574188232,,3.26706733117759e-05,0.9197180271148682,8.320351964957535,990.6667203903198
16411,2.325124502182007,,3.265838482418225e-05,0.9521158933639526,10.227953409040483,990.8732922077179
16412,2.186343193054199,,3.26460993856615e-05,0.9754592776298523,8.902598434457591,991.073011636734
16413,2.207552909851074,,3.263381699651975e-05,0.9635093212127686,9.093436684600057,991.2748484611511
16414,1.9572781324386597,,3.2621537657063156e-05,0.9239866137504578,7.080029911173045,991.4743778705597
16415,1.8105312585830688,,3.260926136759778e-05,0.9046105742454529,6.113694522321243,991.6768097877502
16416,2.2275891304016113,,3.2596988128429494e-05,0.9789488315582275,9.27747232014685,991.8775284290314
16417,2.331423759460449,,3.258471793986424e-05,0.9345591068267822,10.292585271642062,992.077424287796
16418,2.272329807281494,,3.2572450802207845e-05,0.9316844940185547,9.701978242886465,992.2795586585999
16419,1.875178337097168,,3.256018671576597e-05,0.8644452691078186,6.5219821279838115,992.4815471172333
16420,2.0167787075042725,,3.254792568084428e-05,0.9624760150909424,7.514080853723656,992.6782262325287
16421,2.1425187587738037,,3.253566769774839e-05,0.9527610540390015,8.520872645472085,992.8804919719696
16422,2.2757933139801025,,3.252341276678382e-05,0.9640620946884155,9.735639368638159,993.0790386199951
16423,1.9776136875152588,,3.251116088825594e-05,0.8937156200408936,7.225480142612018,993.2837963104248
16424,2.1441240310668945,,3.249891206247011e-05,0.9395407438278198,8.53456195083446,993.493369102478
16425,2.2325751781463623,,3.248666628973166e-05,0.939559280872345,9.32384575409072,993.6901326179504
16426,2.1450836658477783,,3.247442357034568e-05,0.913286566734314,8.542755944313836,993.8871958255768
16427,1.988155722618103,,3.246218390461737e-05,0.8886855840682983,7.302054322588835,994.0861945152283
16428,1.830060362815857,,3.2449947292851786e-05,0.8813362717628479,6.234262964834499,994.2850794792175
16429,2.383751153945923,,3.243771373535383e-05,0.9612704515457153,10.845509831822957,994.4962091445923
16430,2.399840831756592,,3.242548323242843e-05,0.9576481580734253,11.021421980646403,994.6958422660828
16431,2.364978075027466,,3.2413255784380394e-05,1.0017364025115967,10.643805449809582,994.8987543582916
16432,1.9274979829788208,,3.240103139151448e-05,0.9363325238227844,6.872294116189858,995.0989758968353
16433,2.5810494422912598,,3.2388810054135324e-05,1.0496034622192383,13.210995064305832,995.297774553299
16434,1.9313637018203735,,3.237659177254757e-05,0.9423131346702576,6.898911888303588,995.4983768463135
16435,2.099562406539917,,3.2364376547055666e-05,0.9353009462356567,8.16259723176787,995.6988613605499
16436,2.2769055366516113,,3.235216437796406e-05,0.9553738236427307,9.746473591382811,995.9009828567505
16437,2.5416438579559326,,3.233995526557713e-05,0.9964989423751831,12.700531690170006,996.1022410392761
16438,2.1920838356018066,,3.232774921019918e-05,1.0093022584915161,8.953852043383714,996.3025319576263
16439,2.1301772594451904,,3.231554621213436e-05,0.9554195404052734,8.416358558271678,996.5008037090302
16440,2.3894641399383545,,3.230334627168682e-05,0.9517343044281006,10.907647404108145,996.6987309455872
16441,1.9779245853424072,,3.2291149389160635e-05,0.8930305242538452,7.227726877922927,996.9001162052155
16442,2.0778017044067383,,3.227895556485977e-05,0.9386147260665894,7.986892052203249,997.0960795879364
16443,2.0215377807617188,,3.2266764799088107e-05,0.9250829219818115,7.549926142492186,997.2941334247589
16444,2.0199060440063477,,3.225457709214956e-05,0.9175965189933777,7.537616696124408,997.5030300617218
16445,2.3536150455474854,,3.224239244434775e-05,0.9836381673812866,10.52354413512954,997.7021126747131
16446,2.007189989089966,,3.223021085598642e-05,0.9427574276924133,7.442374782346696,997.9000930786133
16447,2.310810089111328,,3.22180323273692e-05,0.9771367311477661,10.082589143264533,998.0972247123718
16448,1.9830846786499023,,3.220585685879954e-05,0.916446328163147,7.265119013499737,998.2950601577759
16449,1.9678449630737305,,3.21936844505809e-05,0.9070501327514648,7.155240054744241,998.4930908679962
16450,2.1475841999053955,,3.2181515103016667e-05,0.9064513444900513,8.564144126292803,998.6945986747742
16451,2.2082884311676025,,3.2169348816410126e-05,0.9700643420219421,9.100127561461717,998.8950221538544
16452,1.8182415962219238,,3.21571855910645e-05,0.8605795502662659,6.161015366720613,999.0946934223175
16453,1.8299912214279175,,3.2145025427282924e-05,0.8707525730133057,6.2338319341415325,999.2937541007996
16454,2.0006842613220215,,3.2132868325368494e-05,0.8979339003562927,7.394113874448133,999.4953238964081
16455,2.383211374282837,,3.212071428562413e-05,0.9736191034317017,10.839657225880874,999.6947162151337
16456,2.276803731918335,,3.2108563308352775e-05,0.9812133312225342,9.74548140474396,999.8973877429962
16457,2.290506362915039,,3.2096415393857284e-05,0.977828323841095,9.879939249600767,1000.0987164974213
16458,2.2955102920532227,,3.208427054244038e-05,0.9709481596946716,9.929501665486498,1000.2995870113373
16459,2.1464786529541016,,3.207212875440475e-05,0.9534252882003784,8.5546812946297,1000.5008997917175
16460,2.2437398433685303,,3.2059990030053014e-05,0.9405086636543274,9.428526646710575,1000.698893070221
16461,2.2186837196350098,,3.2047854369687695e-05,0.9426219463348389,9.195219409834102,1000.9022397994995
16462,1.9869133234024048,,3.2035721773611243e-05,0.8800667524337769,7.292987889256508,1001.0981209278107
16463,2.1889028549194336,,3.2023592242126056e-05,0.950005054473877,8.925415265400051,1001.2972116470337
16464,2.3799216747283936,,3.20114657755344e-05,0.9863072633743286,10.804056600122115,1001.4944317340851
16465,1.7576985359191895,,3.19993423741385e-05,0.877009928226471,5.799075660190883,1001.6955568790436
16466,2.0306084156036377,,3.198722203824056e-05,0.9017994403839111,7.618720297265396,1001.9016995429993
16467,2.044318437576294,,3.1975104768142564e-05,0.952639639377594,7.723892428678514,1002.1024932861328
16468,1.9647358655929565,,3.196299056414655e-05,0.9138320088386536,7.13302826312089,1002.305659532547
16469,1.9952975511550903,,3.195087942655444e-05,0.9127503633499146,7.3543910098963465,1002.504537820816
16470,1.807945728302002,,3.193877135566808e-05,0.8803601264953613,6.097907797326822,1002.704283952713
16471,2.1516940593719482,,3.1926666351789176e-05,0.964713454246521,8.599413982534362,1002.9126372337341
16472,2.21429181098938,,3.191456441521949e-05,0.919340968132019,9.154923399180369,1003.1118249893188
16473,2.169424533843994,,3.190246554626064e-05,0.9631921648979187,8.753245394614911,1003.3105041980743
16474,2.395660400390625,,3.1890369745214096e-05,0.9639676809310913,10.975443853662533,1003.5089685916901
16475,2.0951223373413086,,3.187827701238136e-05,0.9321048855781555,8.126435075864764,1003.708393573761
16476,1.9346522092819214,,3.1866187348063817e-05,0.8818749785423279,6.921636355836294,1003.9067573547363
16477,2.196179151535034,,3.1854100752562736e-05,0.9893043041229248,8.990596084193914,1004.108425617218
16478,2.5836305618286133,,3.184201722617937e-05,0.972213625907898,13.245138266661854,1004.306783914566
16479,2.169203519821167,,3.182993676921492e-05,0.926262378692627,8.751311018407462,1004.5054557323456
16480,2.2494661808013916,,3.1817859381970375e-05,0.9636932611465454,9.482672452403774,1004.7063372135162
16481,2.0481579303741455,,3.180578506474677e-05,0.9262603521347046,7.753605262634317,1004.9112420082092
16482,2.013324499130249,,3.179371381784504e-05,0.8980023264884949,7.488170428482191,1005.1107187271118
16483,1.9652620553970337,,3.178164564156601e-05,0.9064369201660156,7.136782577519494,1005.3077893257141
16484,2.310532331466675,,3.176958053621049e-05,0.9476714730262756,10.079789015948478,1005.5072536468506
16485,2.0932583808898926,,3.175751850207913e-05,0.9656929969787598,8.111301862984467,1005.7112648487091
16486,1.8992232084274292,,3.174545953947262e-05,0.8908485174179077,6.680702912450768,1005.9127037525177
16487,2.2158777713775635,,3.173340364869139e-05,0.9642234444618225,9.169454264691122,1006.1111378669739
16488,1.9623068571090698,,3.172135083003599e-05,0.8834183812141418,7.1157231026532495,1006.312356710434
16489,2.5241281986236572,,3.170930108380681e-05,1.0123517513275146,12.480010429320405,1006.5095200538635
16490,1.9497801065444946,,3.169725441030409e-05,0.9392463564872742,7.027142188106604,1006.7079010009766
16491,2.0622177124023438,,3.16852108098281e-05,0.9130896329879761,7.863389223359962,1006.9113550186157
16492,2.1783201694488525,,3.167317028267902e-05,0.9571570754051208,8.831458437605942,1007.1102252006531
16493,2.288234233856201,,3.166113282915692e-05,0.9674685597419739,9.857516236169097,1007.3117487430573
16494,2.1713144779205322,,3.1649098449561784e-05,0.9189178943634033,8.769804181560755,1007.5120587348938
16495,2.2672696113586426,,3.16370671441936e-05,0.9359357357025146,9.653008335293462,1007.7143836021423
16496,1.9253567457199097,,3.162503891335214e-05,0.9064818024635315,6.857594647115806,1007.9166867733002
16497,2.2913625240325928,,3.161301375733721e-05,0.9631650447845459,9.888401691520011,1008.1216697692871
16498,2.331101655960083,,3.1600991676448555e-05,0.951333224773407,10.28927052777221,1008.3212113380432
16499,2.188941717147827,,3.158897267098573e-05,0.9334522485733032,8.925762133666597,1008.5214836597443
16500,2.072356939315796,,3.157695674124829e-05,0.8954306244850159,7.943523474172234,1008.7193491458893
16501,2.2158451080322266,,3.156494388753573e-05,0.9323967099189758,9.169154764531289,1008.9192941188812
16502,2.0995259284973145,,3.155293411014743e-05,0.8886565566062927,8.162299481629008,1009.1192946434021
16503,1.8643913269042969,,3.154092740938271e-05,0.8890438675880432,6.45200752717428,1009.3205978870392
16504,2.213010549545288,,3.152892378554079e-05,0.9724668860435486,9.14320106009958,1009.5239522457123
16505,1.958866000175476,,3.151692323892089e-05,0.8979208469390869,7.091280992495241,1009.7267651557922
16506,2.068620443344116,,3.1504925769822003e-05,0.9233255982398987,7.913897913072756,1009.9279344081879
16507,1.9133858680725098,,3.149293137854321e-05,0.9260315299034119,6.775992619061418,1010.1306631565094
16508,1.976215124130249,,3.148094006538343e-05,0.8906592130661011,7.215381913797976,1010.3352892398834
16509,2.4068989753723145,,3.1468951830641476e-05,0.9818230867385864,11.099487936111288,1010.5354495048523
16510,2.2126989364624023,,3.145696667461617e-05,0.9752933382987976,9.140352362898508,1010.7341454029083
16511,2.209118604660034,,3.1444984597606184e-05,0.98992520570755,9.107685382858417,1010.9345650672913
16512,1.9986579418182373,,3.143300559991016e-05,0.9023580551147461,7.3791462070507245,1011.1335515975952
16513,2.1389920711517334,,3.1421029681826654e-05,0.9512670636177063,8.490875116432486,1011.332555770874
16514,2.2396910190582275,,3.140905684365416e-05,0.988995373249054,9.390429375436048,1011.5314607620239
16515,2.346846103668213,,3.1397087085690985e-05,0.9689251780509949,10.45255142036016,1011.7310807704926
16516,2.006157159805298,,3.138512040823552e-05,0.9444804191589355,7.434692047883538,1011.932580947876
16517,2.1817054748535156,,3.1373156811585987e-05,0.9610151052474976,8.861406284288526,1012.13543009758
16518,1.9749699831008911,,3.1361196296040566e-05,0.906888484954834,7.206403336692004,1012.3347060680389
16519,2.623026132583618,,3.134923886189732e-05,0.9876167178153992,13.77735266156258,1012.5384628772736
16520,2.29946231842041,,3.133728450945426e-05,0.9791942834854126,9.968820962154387,1012.7374114990234
16521,2.2575457096099854,,3.132533323900931e-05,0.9849529266357422,9.559598321585028,1012.9389889240265
16522,2.286147356033325,,3.131338505086036e-05,0.9419565200805664,9.836966254255985,1013.1418018341064
16523,2.2051761150360107,,3.130143994530517e-05,0.970028817653656,9.071849116209924,1013.3420615196228
16524,2.0839366912841797,,3.128949792264149e-05,0.9573134779930115,8.036042143558374,1013.5394580364227
16525,2.0230090618133545,,3.127755898316687e-05,0.9050942659378052,7.561042381317412,1013.7387409210205
16526,2.2416274547576904,,3.1265623127178884e-05,0.9424926042556763,9.40863095551899,1013.9383840560913
16527,2.1663026809692383,,3.125369035497505e-05,0.9499387741088867,8.725961660377228,1014.1379797458649
16528,2.0538339614868164,,3.12417606668527e-05,0.9356083273887634,7.797740104215219,1014.3412034511566
16529,1.7756975889205933,,3.122983406310918e-05,0.8744690418243408,5.904398543029778,1014.5477001667023
16530,2.4519405364990234,,3.121791054404172e-05,0.9855543375015259,11.61085616212953,1014.7523591518402
16531,1.9550654888153076,,3.120599010994755e-05,0.9309626817703247,7.0643816465376466,1014.9536898136139
16532,2.0542051792144775,,3.119407276112367e-05,0.9264646768569946,7.800635300918521,1015.1549019813538
16533,2.2586188316345215,,3.11821584978671e-05,0.9424213171005249,9.569862443432243,1015.3541975021362
16534,2.073685884475708,,3.117024732047485e-05,0.9172194600105286,7.954086998863706,1015.5531997680664
16535,2.479240655899048,,3.1158339229243724e-05,1.0299789905548096,11.932200330971483,1015.7509479522705
16536,2.1631622314453125,,3.1146434224470504e-05,0.9908464550971985,8.698601202789801,1015.9512870311737
16537,2.111091375350952,,3.1134532306451925e-05,0.911804735660553,8.257248125881672,1016.1510016918182
16538,2.31760835647583,,3.112263347548455e-05,0.9306261539459229,10.151366799546931,1016.3488273620605
16539,2.3919527530670166,,3.1110737731864976e-05,0.9722592830657959,10.934826123272567,1016.5492725372314
16540,2.049798011779785,,3.10988450758897e-05,0.9228959679603577,7.766332240239071,1016.7469937801361
16541,2.4637956619262695,,3.108695550785505e-05,0.998918354511261,11.749323470176222,1016.951479434967
16542,2.285207986831665,,3.1075069028057375e-05,0.9293267130851746,9.827730049901103,1017.149623632431
16543,2.164158821105957,,3.1063185636792936e-05,0.9266736507415771,8.707274459931918,1017.3529205322266
16544,2.0565898418426514,,3.1051305334357886e-05,0.9113398790359497,7.819259381645616,1017.5559673309326
16545,2.1309285163879395,,3.1039428121048296e-05,0.914359986782074,8.422683781707766,1017.7572853565216
16546,2.1973721981048584,,3.10275539971602e-05,0.9295039176940918,9.001328684986088,1017.956419467926
16547,2.4948089122772217,,3.101568296298956e-05,0.974000096321106,12.11941742543078,1018.155599117279
16548,2.4398529529571533,,3.100381501883217e-05,0.9703329801559448,11.471353790114888,1018.3547658920288
16549,1.8898866176605225,,3.099195016498384e-05,0.9119181632995605,6.618618204082377,1018.5563418865204
16550,1.9317200183868408,,3.0980088401740306e-05,0.891417920589447,6.901370522900095,1018.7580199241638
16551,2.2753753662109375,,3.0968229729397125e-05,0.987647294998169,9.731571230076579,1018.958313703537
16552,2.7331106662750244,,3.095637414824988e-05,1.0286250114440918,15.3806567738207,1019.1547417640686
16553,2.046182155609131,,3.094452165859403e-05,0.8671441674232483,7.738301008876289,1019.3519787788391
16554,2.0122690200805664,,3.093267226072501e-05,0.9225976467132568,7.480270991053185,1019.5671007633209
16555,2.5218021869659424,,3.09208259549381e-05,1.0165272951126099,12.451015513901714,1019.772661447525
16556,2.0471553802490234,,3.090898274152858e-05,0.9131883382797241,7.74583578000677,1019.9694638252258
16557,2.0099332332611084,,3.089714262079157e-05,0.9474337100982666,7.4628190625932085,1020.1680326461792
16558,2.404782772064209,,3.088530559302216e-05,0.9993871450424194,11.076023999009847,1020.3678879737854
16559,2.2889468669891357,,3.0873471658515406e-05,0.9635425209999084,9.86454353249213,1020.5684497356415
16560,2.4758901596069336,,3.086164081756619e-05,0.9825466871261597,11.892288437668048,1020.7687866687775
16561,2.4496076107025146,,3.084981307046937e-05,0.9906547665596008,11.583800468003709,1020.9741115570068
16562,1.8237510919570923,,3.083798841751975e-05,0.874485433101654,6.195053133974598,1021.177398443222
16563,2.371058464050293,,3.082616685901202e-05,0.9817191958427429,10.708721083781576,1021.3787982463837
16564,1.9908503293991089,,3.0814348395240805e-05,0.9219760894775391,7.321757021272877,1021.5801992416382
16565,2.0594918727874756,,3.080253302650066e-05,0.9403364658355713,7.841984072265921,1021.7849884033203
16566,2.3337743282318115,,3.079072075308606e-05,0.9831568598747253,10.316807157610029,1021.9852623939514
16567,2.2584261894226074,,3.0778911575291375e-05,0.9573876261711121,9.56801906152571,1022.1837713718414
16568,2.0352303981781006,,3.076710549341092e-05,0.9085510969161987,7.654015393545792,1022.3847823143005
16569,2.2051098346710205,,3.075530250773897e-05,0.9924858212471008,9.071247850665635,1022.5864698886871
16570,2.2672042846679688,,3.0743502618569635e-05,0.9582889676094055,9.652377756800899,1022.7907586097717
16571,2.433659076690674,,3.073170582619704e-05,0.9700127243995667,11.400521234624224,1022.9914541244507
16572,2.4515388011932373,,3.0719912130915146e-05,0.9829044938087463,11.606192608098672,1023.1942975521088
16573,2.1081178188323975,,3.070812153301793e-05,0.9046879410743713,8.232731201187216,1023.3958373069763
16574,1.967111349105835,,3.069633403279923e-05,0.9840798377990723,7.1499927956630485,1023.5988898277283
16575,2.421900749206543,,3.068454963055285e-05,0.963786244392395,11.26725520071634,1023.8040986061096
16576,2.24074387550354,,3.067276832657242e-05,0.9723923802375793,9.400321356032213,1024.0049421787262
16577,2.473703384399414,,3.0660990121151606e-05,0.9622586965560913,11.86631108981395,1024.2054409980774
16578,2.0326719284057617,,3.064921501458393e-05,0.9132230877876282,7.634457855877119,1024.404345035553
16579,1.9994864463806152,,3.0637443007162914e-05,0.9189363121986389,7.385262396645356,1024.6034586429596
16580,2.4199905395507812,,3.062567409918187e-05,1.0040297508239746,11.245752924504128,1024.8068091869354
16581,2.260528087615967,,3.0613908290934144e-05,0.9644035696983337,9.588151213960629,1025.0102541446686
16582,2.3837780952453613,,3.0602145582713e-05,0.9553737640380859,10.845802027886952,1025.2078773975372
16583,2.00579571723938,,3.059038597481151e-05,0.8781724572181702,7.432005319291229,1025.4073433876038
16584,2.269904613494873,,3.057862946752285e-05,0.9368119835853577,9.67847757389049,1025.6066193580627
16585,2.1279470920562744,,3.056687606114001e-05,0.9674896597862244,8.397609584327627,1025.8084840774536
16586,2.398730516433716,,3.0555125755955855e-05,0.9595277309417725,11.009191518032909,1026.0113866329193
16587,2.3219428062438965,,3.0543378552263275e-05,0.9268491268157959,10.195462886115136,1026.2084658145905
16588,1.8667447566986084,,3.0531634450355055e-05,0.9250516891479492,6.467209755593878,1026.4111061096191
16589,2.130460023880005,,3.051989345052384e-05,0.9242942333221436,8.418738741642347,1026.6095957756042
16590,2.1616051197052,,3.0508155553062286e-05,0.960614025592804,8.685067048564173,1026.8098220825195
16591,2.1224365234375,,3.0496420758262942e-05,0.9631636738777161,8.351461249043338,1027.0184304714203
16592,1.843575358390808,,3.048468906641821e-05,0.9215666651725769,6.319090934852478,1027.218932390213
16593,2.057870626449585,,3.047296047782053e-05,0.9510697722434998,7.829280584830735,1027.4176700115204
16594,2.0203444957733154,,3.046123499276218e-05,0.92905193567276,7.540922302104985,1027.621237039566
16595,2.196995973587036,,3.0449512611535406e-05,0.9900960922241211,8.997942801407966,1027.8219015598297
16596,2.3636293411254883,,3.043779333443236e-05,0.9987118244171143,10.629459465185992,1028.0226871967316
16597,2.295073986053467,,3.0426077161745096e-05,0.9366662502288818,9.925170309302317,1028.2260434627533
16598,2.2947182655334473,,3.0414364093765673e-05,0.9462631940841675,9.921640350435233,1028.4246804714203
16599,1.972104549407959,,3.040265413078594e-05,0.8843498826026917,7.185783422373481,1028.6258988380432
16600,2.118054151535034,2.2479797734154596,3.0390947273097757e-05,0.9956831336021423,8.314942118573,1028.8326234817505
16601,2.7090272903442383,,3.0379243520992944e-05,1.0090670585632324,15.01466350123847,1032.9587724208832
16602,2.1961557865142822,,3.0367542874763104e-05,0.948464035987854,8.990386021183907,1033.156451702118
16603,1.9737128019332886,,3.0355845334699887e-05,0.9288252592086792,7.197349274621628,1033.3558974266052
16604,2.0887115001678467,,3.034415090109483e-05,0.9323722720146179,8.074504461007953,1033.5599300861359
16605,2.279881715774536,,3.0332459574239382e-05,0.9795382022857666,9.7755240508499,1033.763164281845
16606,2.041898727416992,,3.0320771354424935e-05,0.9227479696273804,7.705225441157091,1033.964052438736
16607,2.25738787651062,,3.030908624194279e-05,0.965878963470459,9.558089619617931,1034.1623950004578
16608,1.9561054706573486,,3.029740423708416e-05,0.9144794940948486,7.0717322967841705,1034.3688750267029
16609,1.859614610671997,,3.028572534014017e-05,0.8982709050178528,6.421261608812789,1034.5730390548706
16610,2.4641313552856445,,3.027404955140191e-05,0.9889408349990845,11.75326830213221,1034.7722444534302
16611,2.346116065979004,,3.0262376871160428e-05,0.9711686372756958,10.444923448567133,1034.9742431640625
16612,1.9929630756378174,,3.0250707299706532e-05,0.9252895712852478,7.337242388445769,1035.1714198589325
16613,2.1369385719299316,,3.023904083733111e-05,0.9448431730270386,8.473457001152374,1035.3715889453888
16614,2.2424914836883545,,3.0227377484324913e-05,0.9371530413627625,9.416763797862076,1035.5689661502838
16615,2.474249839782715,,3.021571724097864e-05,1.0084691047668457,11.872797271431926,1035.7689616680145
16616,2.11869215965271,,3.020406010758287e-05,0.9361567497253418,8.32024881181933,1035.966415643692
16617,1.9771157503128052,,3.0192406084428187e-05,0.9131279587745667,7.221883202842804,1036.1628580093384
16618,2.0798707008361816,,3.0180755171804957e-05,0.934666097164154,8.003434010066492,1036.366230726242
16619,1.8776099681854248,,3.0169107370003576e-05,0.8747534155845642,6.537860479806402,1036.5649728775024
16620,2.315809726715088,,3.01574626793144e-05,0.9814159870147705,10.133124659454973,1036.7651991844177
16621,2.348337411880493,,3.0145821100027567e-05,0.9581512212753296,10.468151025150865,1036.966302394867
16622,1.943799376487732,,3.013418263243323e-05,0.9008454084396362,6.985240174824001,1037.1688251495361
16623,1.9603745937347412,,3.0122547276821477e-05,0.925550103187561,7.1019869267487605,1037.3684434890747
16624,2.108531951904297,,3.0110915033482268e-05,0.9490877389907837,8.23614135352938,1037.5702559947968
16625,2.6481809616088867,,3.0099285902705527e-05,1.0328137874603271,14.128315308652084,1037.7771224975586
16626,2.3637993335723877,,3.0087659884781073e-05,0.9654818773269653,10.63126654660044,1037.9759871959686
16627,2.39492130279541,,3.007603697999868e-05,0.9971479177474976,10.967334926517287,1038.1762869358063
16628,2.310077428817749,,3.006441718864799e-05,0.990437388420105,10.07520473600411,1038.3763291835785
16629,2.3007137775421143,,3.0052800511018594e-05,0.9359226226806641,9.98130434367171,1038.5771641731262
16630,1.9206950664520264,,3.004118694740005e-05,0.9448636174201965,6.825701136736997,1038.7759397029877
16631,1.9578344821929932,,3.0029576498081762e-05,0.882224440574646,7.083969980001333,1038.9778141975403
16632,2.1987671852111816,,3.0017969163353087e-05,0.9753149747848511,9.013894184758811,1039.1823806762695
16633,2.300630807876587,,3.000636494350336e-05,0.9545049071311951,9.980476232543314,1039.3858377933502
16634,1.8263721466064453,,2.9994763838821693e-05,0.8636808395385742,6.211312005181272,1039.5880253314972
16635,1.8846393823623657,,2.9983165849597308e-05,0.8329201936721802,6.583979714645588,1039.7920932769775
16636,1.9557361602783203,,2.997157097611928e-05,0.9007282853126526,7.069121114847232,1039.9934511184692
16637,2.3810837268829346,,2.9959979218676463e-05,0.9570551514625549,10.81661877490958,1040.1941969394684
16638,2.3523757457733154,,2.9948390577557843e-05,1.004144549369812,10.510510387287958,1040.3957152366638
16639,2.6196200847625732,,2.9936805053052257e-05,1.0029858350753784,13.730506165542216,1040.5978984832764
16640,2.1414265632629395,,2.992522264544836e-05,0.9483122229576111,8.511571267006586,1040.801752090454
16641,1.987897276878357,,2.9913643355034865e-05,0.9309828281402588,7.3001673816042,1041.0121507644653
16642,2.2216684818267822,,2.9902067182100363e-05,0.9312108159065247,9.222705953065118,1041.2110757827759
16643,1.9725157022476196,,2.9890494126933394e-05,0.8895556330680847,7.18873848508236,1041.4139499664307
16644,1.9600982666015625,,2.98789241898223e-05,0.9001290798187256,7.100024726178534,1041.6113047599792
16645,2.3100554943084717,,2.986735737105548e-05,0.9651699662208557,10.074983743756045,1041.8110806941986
16646,1.9748928546905518,,2.9855793670921252e-05,0.926286518573761,7.205847539692526,1042.0136353969574
16647,2.2114241123199463,,2.9844233089707753e-05,0.917709469795227,9.128707445223911,1042.216234922409
16648,2.1889541149139404,,2.9832675627703132e-05,0.9591626524925232,8.925872793863881,1042.4159734249115
16649,1.9266725778579712,,2.9821121285195454e-05,0.9100916981697083,6.866624029815451,1042.616492509842
16650,2.2042202949523926,,2.980957006247263e-05,0.9417458176612854,9.063182203293646,1042.8175101280212
16651,2.0989201068878174,,2.9798021959822553e-05,0.9228585958480835,8.15735608178027,1043.0245904922485
16652,2.1576292514801025,,2.978647697753309e-05,0.9420144557952881,8.650604920290075,1043.2235152721405
16653,2.1493122577667236,,2.9774935115891896e-05,0.9351497292518616,8.578956257299525,1043.4229593276978
16654,1.982511043548584,,2.9763396375186674e-05,0.8985071182250977,7.260952681309778,1043.6213853359222
16655,2.4298129081726074,,2.9751860755704973e-05,1.0097241401672363,11.356757124783048,1043.8264062404633
16656,2.0345680713653564,,2.974032825773431e-05,0.9186186194419861,7.6489476123744256,1044.0261137485504
16657,1.9956259727478027,,2.9728798881562103e-05,0.9046637415885925,7.356806747373708,1044.223729133606
16658,2.0884323120117188,,2.971727262747569e-05,0.9525020122528076,8.072250469654323,1044.420815229416
16659,2.275212526321411,,2.9705749495762356e-05,0.9958978891372681,9.72998667111076,1044.6243209838867
16660,2.504094123840332,,2.969422948670924e-05,0.9568246006965637,12.2324728397112,1044.8297548294067
16661,2.0124919414520264,,2.9682712600603483e-05,0.8912973403930664,7.481938689197276,1045.0289027690887
16662,1.9143739938735962,,2.9671198837732142e-05,0.909399688243866,6.782691461300653,1045.2276725769043
16663,2.2977564334869385,,2.9659688198382093e-05,0.9760786890983582,9.951829797277075,1045.4271805286407
16664,2.061384677886963,,2.9648180682840276e-05,0.9294418692588806,7.856841476357304,1045.6297595500946
16665,1.8983254432678223,,2.9636676291393457e-05,0.9037152528762817,6.674707901592881,1045.8311717510223
16666,2.413487195968628,,2.9625175024328372e-05,0.967248797416687,11.172855225711457,1046.030665397644
16667,2.0010616779327393,,2.961367688193166e-05,0.9060899615287781,7.39690506253313,1046.2303059101105
16668,2.537891387939453,,2.9602181864489904e-05,1.0064654350280762,12.652962632359305,1046.4331994056702
16669,2.2820470333099365,,2.9590689972289555e-05,0.9405171275138855,9.796714097805754,1046.6376240253448
16670,2.5285370349884033,,2.9579201205617023e-05,1.0061547756195068,12.535154223793803,1046.8397421836853
16671,1.8393025398254395,,2.956771556475866e-05,0.8843243718147278,6.292148207473715,1047.0469644069672
16672,2.2250382900238037,,2.9556233050000738e-05,0.9609289765357971,9.253837126767193,1047.2452688217163
16673,2.6947977542877197,,2.954475366162936e-05,0.9992055892944336,14.802524703378872,1047.4457993507385
16674,2.003586769104004,,2.953327739993068e-05,0.8788509964942932,7.415606523711629,1047.6458597183228
16675,2.492182731628418,,2.952180426519069e-05,0.9938294887542725,12.087631402101575,1047.8450419902802
16676,2.1380245685577393,,2.9510334257695328e-05,0.9498139023780823,8.482664145440422,1048.051524400711
16677,2.3899219036102295,,2.9498867377730493e-05,0.9688918590545654,10.912641671845325,1048.2512073516846
16678,1.9176825284957886,,2.948740362558197e-05,0.9257758855819702,6.805169394838317,1048.4496471881866
16679,2.237128973007202,,2.9475943001535404e-05,0.9814713597297668,9.36640145639825,1048.6545948982239
16680,2.1170265674591064,,2.9464485505876456e-05,0.9170864820480347,8.30640220495078,1048.854888677597
16681,2.3769423961639404,,2.945303113889074e-05,0.9722888469696045,10.771916207249445,1049.0585610866547
16682,2.0934793949127197,,2.9441579900863628e-05,0.9436133503913879,8.113094772561352,1049.2617321014404
16683,2.3891944885253906,,2.9430131792080546e-05,0.9765981435775757,10.904706538095674,1049.4600846767426
16684,2.450979471206665,,2.9418686812826855e-05,1.006996989250183,11.599702731703465,1049.6570007801056
16685,2.043696641921997,,2.940724496338772e-05,0.9088428020477295,7.719091238766307,1049.8553903102875
16686,2.019340991973877,,2.939580624404835e-05,0.9573861956596375,7.533358753583112,1050.0586278438568
16687,2.1984810829162598,,2.9384370655093825e-05,0.9778766632080078,9.011315657825193,1050.2584536075592
16688,2.164419651031494,,2.937293819680919e-05,0.9793843030929565,8.709545873894424,1050.4611656665802
16689,1.8433339595794678,,2.9361508869479295e-05,0.8925309181213379,6.317565697914652,1050.6633069515228
16690,2.0822067260742188,,2.9350082673389004e-05,0.9218719005584717,8.022152088344537,1050.8616111278534
16691,1.9652745723724365,,2.9338659608823158e-05,0.9038136601448059,7.1368719090105515,1051.0632801055908
16692,1.9529632329940796,,2.932723967606636e-05,0.9235536456108093,7.049546108609601,1051.2606585025787
16693,2.1295177936553955,,2.9315822875403247e-05,0.923086404800415,8.410810087442282,1051.4572899341583
16694,1.907915472984314,,2.9304409207118415e-05,0.9034422636032104,6.73902646424132,1051.6578011512756
16695,2.472754955291748,,2.9292998671496238e-05,0.9910152554512024,11.855062070267758,1051.8556280136108
16696,2.4456632137298584,,2.9281591268821115e-05,0.9311813116073608,11.53819935407657,1052.064160823822
16697,1.969042181968689,,2.9270186999377418e-05,0.9080392122268677,7.163811573303914,1052.2629079818726
16698,1.757489562034607,,2.9258785863449304e-05,0.8674712777137756,5.797863931437426,1052.4660151004791
16699,2.26570463180542,,2.9247387861320928e-05,0.9630935192108154,9.637913389343355,1052.6670053005219
16700,1.7652639150619507,,2.923599299327639e-05,0.8749736547470093,5.843114240470811,1052.8664438724518
16701,2.3747615814208984,,2.9224601259599648e-05,0.9657731652259827,10.748450250326519,1053.0748970508575
16702,2.0246894359588623,,2.92132126605746e-05,0.9608674645423889,7.5737584423259925,1053.2795870304108
16703,2.616528272628784,,2.9201827196485124e-05,1.0356416702270508,13.688119579422676,1053.4799146652222
16704,2.2133491039276123,,2.919044486761497e-05,0.9720062017440796,9.146297054938687,1053.6800100803375
16705,2.0182361602783203,,2.9179065674247778e-05,0.9251742959022522,7.525040256174119,1053.8786170482635
16706,2.016770362854004,,2.9167689616667164e-05,0.9381985664367676,7.5140181516084565,1054.0819509029388
16707,2.3753883838653564,,2.9156316695156654e-05,0.9833945631980896,10.755189517091356,1054.283459663391
16708,2.406582832336426,,2.9144946909999688e-05,0.9988937973976135,11.095979464916944,1054.4836292266846
16709,1.9757314920425415,,2.9133580261479627e-05,0.9385981559753418,7.211893167282281,1054.6835451126099
16710,2.1068379878997803,,2.9122216749879814e-05,0.9340338110923767,8.22220143673243,1054.8882961273193
16711,2.2017722129821777,,2.9110856375483355e-05,0.9760936498641968,9.04102192650343,1055.0973873138428
16712,2.4365687370300293,,2.909949913857345e-05,0.9694943428039551,11.433741185057702,1055.2984223365784
16713,2.0306084156036377,,2.908814503943315e-05,0.9070417284965515,7.618720297265396,1055.497011423111
16714,2.244011640548706,,2.9076794078345407e-05,0.9541182518005371,9.431089641958026,1055.697461605072
16715,2.2268998622894287,,2.9065446255593094e-05,0.9607172608375549,9.271079857628285,1055.893943786621
16716,2.319326877593994,,2.9054101571459065e-05,0.9762700796127319,10.168827136451878,1056.09601187706
16717,2.0896639823913574,,2.9042760026226068e-05,0.9699423313140869,8.082198946819481,1056.3059895038605
16718,1.7509175539016724,,2.9031421620176726e-05,0.8892828822135925,5.759885257299593,1056.5073821544647
16719,1.8942402601242065,,2.902008635359365e-05,0.9144396781921387,6.6474961177891325,1056.7147221565247
16720,2.383244752883911,,2.9008754226759366e-05,0.9729364514350891,10.840019044513664,1056.918333530426
16721,2.2309958934783936,,2.8997425239956238e-05,0.9528769254684448,9.309132368814772,1057.1274416446686
16722,2.371723175048828,,2.8986099393466652e-05,0.9895244836807251,10.715841654764956,1057.3313779830933
16723,2.2164015769958496,,2.8974776687572903e-05,0.9765384793281555,9.174258534493495,1057.5293383598328
16724,2.0507194995880127,,2.896345712255712e-05,0.9455318450927734,7.7734921190769795,1057.7321026325226
16725,1.994696855545044,,2.895214069870144e-05,0.9326265454292297,7.349974586098131,1057.9325740337372
16726,2.190856695175171,,2.8940827416287908e-05,0.9431149363517761,8.942871148495168,1058.1347126960754
16727,2.157822370529175,,2.8929517275598488e-05,0.9305254220962524,8.652275678208579,1058.3353142738342
16728,2.2926025390625,,2.891821027691505e-05,0.9472982287406921,9.900671063770101,1058.5338826179504
16729,2.2025914192199707,,2.8906906420519416e-05,0.9351943731307983,9.048431422599979,1058.7304413318634
16730,2.081986665725708,,2.8895605706693258e-05,0.9394556879997253,8.020386924988525,1058.928261756897
16731,2.2966344356536865,,2.8884308135718245e-05,1.033829689025879,9.940670127540992,1059.1337723731995
16732,2.0660321712493896,,2.8873013707875986e-05,0.9431621432304382,7.89344107729272,1059.333245754242
16733,2.001004219055176,,2.8861722423447873e-05,0.9225751757621765,7.396480056881084,1059.532500743866
16734,2.2644481658935547,,2.8850434282715383e-05,0.9539250731468201,9.625811284241536,1059.7298655509949
16735,2.2687716484069824,,2.883914928595982e-05,0.968319833278656,9.667518406044895,1059.9275732040405
16736,2.3843464851379395,,2.882786743346244e-05,0.9864374399185181,10.851968424429227,1060.1282341480255
16737,2.190584659576416,,2.8816588725504426e-05,0.9116570353507996,8.940438700058984,1060.328420162201
16738,2.223196268081665,,2.8805313162366867e-05,0.9754351377487183,9.236807045437773,1060.5289866924286
16739,2.0994932651519775,,2.8794040744330824e-05,0.9538488984107971,8.162032877976403,1060.7318580150604
16740,1.9685479402542114,,2.8782771471677153e-05,0.9203798770904541,7.160271793615178,1060.928673505783
16741,1.942238450050354,,2.8771505344686743e-05,0.9012488126754761,6.974345234076326,1061.1295366287231
16742,2.0524940490722656,,2.8760242363640417e-05,0.9322977662086487,7.787298812214689,1061.329502105713
16743,1.991161584854126,,2.8748982528818813e-05,0.9102287888526917,7.324036312788615,1061.5267143249512
16744,2.166029691696167,,2.8737725840502604e-05,0.9533106088638306,8.723579891560174,1061.730620622635
16745,2.02565598487854,,2.8726472298972334e-05,0.9180433750152588,7.581082389272647,1061.9317555427551
16746,2.419044017791748,,2.871522190450844e-05,0.9662273526191711,11.235113610629732,1062.1311650276184
16747,2.0179219245910645,,2.870397465739128e-05,0.9546260833740234,7.52267599146522,1062.3322591781616
16748,2.263355255126953,,2.8692730557901286e-05,0.989142119884491,9.615296878152105,1062.5388033390045
16749,1.8624712228775024,,2.8681489606318574e-05,0.9145686626434326,6.439630887560741,1062.7361295223236
16750,2.359781265258789,,2.8670251802923363e-05,1.0102612972259521,10.58863509675162,1062.934683084488
16751,2.1848134994506836,,2.865901714799568e-05,0.9247121810913086,8.888990597142067,1063.13498711586
16752,2.0379061698913574,,2.86477856418156e-05,0.9308274388313293,7.6745232163188,1063.3314366340637
16753,1.982602834701538,,2.863655728466295e-05,0.9037350416183472,7.261619203117876,1063.5305223464966
16754,2.2719998359680176,,2.8625332076817607e-05,0.9550103545188904,9.698777396505124,1063.7326612472534
16755,1.845318078994751,,2.8614110018559375e-05,0.8944187164306641,6.330112946176394,1063.9304010868073
16756,2.124053478240967,,2.860289111016787e-05,0.9343633055686951,8.364976107939352,1064.1322736740112
16757,2.0293350219726562,,2.8591675351922712e-05,0.9259355068206787,7.609024841738412,1064.3301887512207
16758,2.018603801727295,,2.8580462744103433e-05,0.8972727060317993,7.527807281482922,1064.5340838432312
16759,2.108138084411621,,2.8569253286989497e-05,0.914661705493927,8.232898043944179,1064.7318060398102
16760,1.960320234298706,,2.8558046980860262e-05,0.8908970355987549,7.101600877237505,1064.930534362793
16761,2.2925174236297607,,2.8546843825995055e-05,0.9846615791320801,9.899828399730465,1065.1332821846008
16762,1.8914812803268433,,2.8535643822673014e-05,0.9353370070457458,6.6291810873144215,1065.3355729579926
16763,2.1518611907958984,,2.852444697117331e-05,0.9487134218215942,8.600851334948432,1065.5364699363708
16764,1.8713102340698242,,2.8513253271775002e-05,0.9045442938804626,6.49680315798974,1065.7396125793457
16765,1.9084473848342896,,2.850206272475709e-05,0.9504337310791016,6.742611985781108,1065.9428932666779
16766,1.8314449787139893,,2.8490875330398415e-05,0.8950679898262024,6.242901003251364,1066.1410706043243
16767,2.581061840057373,,2.8479691088977816e-05,1.0356601476669312,13.211158852148062,1066.3390746116638
16768,1.8417439460754395,,2.846851000077406e-05,0.8849740624427795,6.307528664766093,1066.5392830371857
16769,2.345205545425415,,2.8457332066065782e-05,0.9846651554107666,10.435417459442535,1066.7425949573517
16770,2.3118460178375244,,2.8446157285131573e-05,1.0154051780700684,10.093039398917933,1066.9427790641785
16771,2.1644880771636963,,2.8434985658249964e-05,0.9556651711463928,8.710141854821913,1067.1466841697693
16772,1.943307638168335,,2.842381718569934e-05,0.9011489748954773,6.981806108959935,1067.3450753688812
16773,2.183807849884033,,2.8412651867758047e-05,0.9667568206787109,8.880055880949822,1067.545814037323
16774,1.74326491355896,,2.840148970470442e-05,0.871822714805603,5.715975155410487,1067.7461984157562
16775,2.2582550048828125,,2.8390330696816574e-05,0.9877649545669556,9.566381304769232,1067.9463303089142
16776,2.084071397781372,,2.837917484437263e-05,0.9164348244667053,8.037124723560467,1068.148684501648
16777,2.1803338527679443,,2.8368022147650647e-05,0.964187741279602,8.849260115600652,1068.3539590835571
16778,2.2661774158477783,,2.8356872606928573e-05,0.9676477909088135,9.642471118321335,1068.5544834136963
16779,1.9916284084320068,,2.8345726222484296e-05,0.9106106758117676,7.327456143791448,1068.7556953430176
16780,2.0892560482025146,,2.833458299459557e-05,0.9266306757926941,8.078902613937197,1068.9558753967285
16781,2.280411958694458,,2.832344292354019e-05,0.9879369735717773,9.78070882774053,1069.1558542251587
16782,2.2244551181793213,,2.8312306009595724e-05,0.9879664182662964,9.248442122761555,1069.3526921272278
16783,2.4894919395446777,,2.830117225303974e-05,1.002439260482788,12.055149819404624,1069.5523648262024
16784,2.1400599479675293,,2.8290041654149776e-05,0.9388118386268616,8.499947168169886,1069.752852678299
16785,1.845550775527954,,2.827891421320317e-05,0.8859532475471497,6.331586112907502,1069.9514338970184
16786,1.9184527397155762,,2.826778993047727e-05,0.886066734790802,6.810412831676507,1070.1526985168457
16787,2.214171886444092,,2.8256668806249337e-05,0.9379540681838989,9.153825564984523,1070.3626627922058
16788,1.843251347541809,,2.8245550840796504e-05,0.8728228211402893,6.31704381249661,1070.5732662677765
16789,2.175952672958374,,2.82344360343959e-05,0.9411818385124207,8.810574721565823,1070.7842710018158
16790,2.309051036834717,,2.822332438732455e-05,0.9746012687683105,10.064868931836315,1070.9942309856415
16791,2.0706558227539062,,2.8212215899859317e-05,0.917281985282898,7.930022101790497,1071.2263586521149
16792,2.239821672439575,,2.82011105722771e-05,1.0024347305297852,9.391656346938497,1071.44127202034
16793,1.9640097618103027,,2.8190008404854686e-05,0.9016862511634827,7.127850824223719,1071.6630985736847
16794,2.0967822074890137,,2.8178909397868723e-05,0.9461501240730286,8.13993510390165,1071.8697826862335
16795,2.3077845573425293,,2.8167813551595845e-05,0.9503614902496338,10.052130050211488,1072.0832178592682
16796,2.392590045928955,,2.8156720866312592e-05,0.9929957389831543,10.94179703092638,1072.293624639511
16797,2.2332398891448975,,2.814563134229544e-05,0.9327310919761658,9.330045477195902,1072.5115513801575
16798,2.3678088188171387,,2.8134544979820744e-05,1.0068012475967407,10.673978021246715,1072.7096493244171
16799,1.9718056917190552,,2.8123461779164828e-05,0.9311531186103821,7.183636216617364,1072.9158329963684
16800,2.0826289653778076,2.245244394408332,2.811238174060393e-05,0.951617956161499,8.025540071475087,1073.1181182861328
16801,2.0451574325561523,,2.8101304864414117e-05,0.9085872769355774,7.730375454884072,1077.5495071411133
16802,2.181709051132202,,2.8090231150871532e-05,1.015886664390564,8.86143797520362,1077.7470428943634
16803,2.2206878662109375,,2.807916060025214e-05,0.9753410816192627,9.213666456447339,1077.9777529239655
16804,2.0516936779022217,,2.8068093212831825e-05,0.9349660873413086,7.781068576336052,1078.254364490509
16805,1.982712745666504,,2.8057028988886418e-05,0.9453360438346863,7.262417378555018,1078.5212285518646
16806,2.168222665786743,,2.804596792869172e-05,0.9317871928215027,8.742731468019713,1078.7642498016357
16807,2.3974010944366455,,2.803491003252334e-05,1.0167614221572876,10.99456538096719,1078.9609377384186
16808,1.9638091325759888,,2.8023855300656884e-05,0.918680727481842,7.126420912416402,1079.165361404419
16809,2.1218550205230713,,2.801280373336786e-05,0.9324125647544861,8.346606261718728,1079.364741563797
16810,2.4676427841186523,,2.800175533093173e-05,1.0051994323730469,11.794611611894672,1079.575786113739
16811,2.2907822132110596,,2.7990710093623836e-05,1.0032050609588623,9.882665009701014,1079.7741713523865
16812,2.015915632247925,,2.797966802171944e-05,0.9294822812080383,7.507598434274921,1079.974740743637
16813,1.8657597303390503,,2.796862911549379e-05,0.9020878672599792,6.46084251997412,1080.1769816875458
16814,2.098254680633545,,2.795759337522192e-05,0.9427585601806641,8.151929768483898,1080.380027294159
16815,1.7858166694641113,,2.7946560801178946e-05,0.8870018124580383,5.96444894245381,1080.581295490265
16816,2.0976572036743164,,2.7935531393639807e-05,0.9704900979995728,8.147060633016954,1080.7818412780762
16817,1.902490496635437,,2.792450515287935e-05,0.8931418657302856,6.702566391992571,1080.9824087619781
16818,2.2256922721862793,,2.7913482079172394e-05,0.9566338062286377,9.259890950513162,1081.1824762821198
16819,2.296006441116333,,2.7902462172793673e-05,0.9547112584114075,9.93442940077952,1081.3894560337067
16820,2.4455249309539795,,2.7891445434017844e-05,1.0309218168258667,11.536603930153609,1081.5941607952118
16821,1.8820699453353882,,2.7880431863119454e-05,0.9017276167869568,6.567084308518251,1081.7947130203247
16822,2.423118829727173,,2.786942146037303e-05,1.0024925470352173,11.280987986919015,1081.992380142212
16823,2.1953251361846924,,2.785841422605291e-05,0.9564920663833618,8.98292125480681,1082.1932060718536
16824,2.2026774883270264,,2.784741016043347e-05,0.9692889451980591,9.049210246528634,1082.3916318416595
16825,2.0234251022338867,,2.7836409263788958e-05,0.9026853442192078,7.564188735029174,1082.5963070392609
16826,2.0833871364593506,,2.7825411536393524e-05,0.9554109573364258,8.031627111088165,1082.7981629371643
16827,2.0785071849823,,2.7814416978521273e-05,0.9564990997314453,7.992528637422099,1082.9979841709137
16828,2.1176533699035645,,2.780342559044621e-05,0.9181050062179565,8.311610310213535,1083.1996629238129
16829,2.377397298812866,,2.7792437372442267e-05,0.9642503261566162,10.776817495186041,1083.4016652107239
16830,2.1476612091064453,,2.778145232478332e-05,0.9728185534477234,8.564803669584768,1083.6028513908386
16831,2.50612735748291,,2.7770470447743126e-05,0.9911196231842041,12.257369616926317,1083.8055682182312
16832,2.162818431854248,,2.7759491741595444e-05,0.9886536598205566,8.695611141273865,1084.0068771839142
16833,2.568601131439209,,2.7748516206613776e-05,0.98860102891922,13.047559847764298,1084.2094268798828
16834,2.3704190254211426,,2.7737543843071734e-05,0.9605984687805176,10.701875702685607,1084.4096446037292
16835,2.5256478786468506,,2.77265746512428e-05,0.9946780204772949,12.498990470000667,1084.6097066402435
16836,2.010403871536255,,2.7715608631400305e-05,0.9211419224739075,7.4663321775228875,1084.809261083603
16837,2.3924734592437744,,2.7704645783817546e-05,0.9489966630935669,10.940521437440678,1085.0091586112976
16838,2.2644052505493164,,2.7693686108767776e-05,0.9800381064414978,9.62539819810063,1085.2077984809875
16839,2.2510361671447754,,2.7682729606524133e-05,0.9553765654563904,9.497571811487575,1085.4070904254913
16840,2.433440923690796,,2.7671776277359674e-05,0.9360504150390625,11.398034447976563,1085.6187674999237
16841,2.3891794681549072,,2.766082612154742e-05,1.0172593593597412,10.904542746593565,1085.8230073451996
16842,2.3931992053985596,,2.764987913936022e-05,0.9796194434165955,10.948464360729629,1086.02668094635
16843,2.000673294067383,,2.7638935331070925e-05,0.9100042581558228,7.394032781763127,1086.2268495559692
16844,1.8726931810379028,,2.7627994696952286e-05,0.8936465978622437,6.505794107789705,1086.4265713691711
16845,2.117335557937622,,2.761705723727702e-05,0.9719766974449158,8.308969200711031,1086.6242740154266
16846,2.473172426223755,,2.7606122952317625e-05,0.9949215054512024,11.860012247284844,1086.8202879428864
16847,2.326019048690796,,2.759519184234665e-05,0.9582242965698242,10.237106882548087,1087.0162060260773
16848,2.1657934188842773,,2.7584263907636547e-05,0.9525384306907654,8.721518990286508,1087.221539258957
16849,2.3819992542266846,,2.7573339148459637e-05,0.9652946591377258,10.826526219741227,1087.4263162612915
16850,2.3587191104888916,,2.756241756508823e-05,0.9600899815559387,10.577394298267563,1087.629014968872
16851,2.1680731773376465,,2.7551499157794533e-05,0.982052206993103,8.741424628332842,1087.841225385666
16852,2.009486675262451,,2.7540583926850595e-05,0.9191341996192932,7.459487225033,1088.042454957962
16853,2.190619707107544,,2.7529671872528492e-05,0.9535081386566162,8.940752045853587,1088.2475249767303
16854,2.1673314571380615,,2.751876299510019e-05,0.9514740705490112,8.734943341060841,1088.4630818367004
16855,2.1824026107788086,,2.7507857294837543e-05,0.9507020711898804,8.867586042773464,1088.6672384738922
16856,2.497518539428711,,2.749695477201235e-05,0.990996241569519,12.15230105902065,1088.8812763690948
16857,2.324526071548462,,2.7486055426896377e-05,0.9622970223426819,10.221834519450137,1089.1232821941376
16858,2.367180109024048,,2.74751592597612e-05,0.9820783734321594,10.667269295875172,1089.3341794013977
16859,2.3798892498016357,,2.7464266270878373e-05,0.9826107621192932,10.803706285057668,1089.5447590351105
16860,2.221975803375244,,2.745337646051943e-05,0.9475378394126892,9.225540724910548,1089.751888513565
16861,1.8622221946716309,,2.7442489828955797e-05,0.8718626499176025,6.438027437494769,1089.9561975002289
16862,2.2276577949523926,,2.7431606376458738e-05,0.9543799161911011,9.278109375487407,1090.152777671814
16863,2.4033138751983643,,2.74207261032995e-05,1.0078059434890747,11.059766405359055,1090.352786064148
16864,2.1385676860809326,,2.7409849009749292e-05,0.964583694934845,8.487272480301604,1090.5543196201324
16865,2.206165313720703,,2.739897509607915e-05,0.9427248239517212,9.080827417353131,1090.7544870376587
16866,2.070591926574707,,2.7388104362560094e-05,0.9161467552185059,7.929515419864919,1090.954330444336
16867,2.0806992053985596,,2.737723680946309e-05,0.9408517479896545,8.0100676392751,1091.155642747879
16868,2.1793506145477295,,2.7366372437058924e-05,0.9186723828315735,8.840563460976608,1091.3548336029053
16869,2.3377232551574707,,2.7355511245618402e-05,0.9627072811126709,10.35762802143892,1091.5563204288483
16870,2.1447033882141113,,2.7344653235412188e-05,0.9030390977859497,8.539507942908623,1091.75492811203
16871,2.2798104286193848,,2.7333798406710927e-05,0.9954264163970947,9.774827206388526,1091.9584076404572
16872,2.093024969100952,,2.732294675978512e-05,0.9593482613563538,8.109408810444977,1092.1592898368835
16873,2.0737266540527344,,2.7312098294905275e-05,0.9065626859664917,7.9544112902368465,1092.3587970733643
16874,2.477771759033203,,2.730125301234167e-05,1.0144857168197632,11.914686025805826,1092.556874513626
16875,1.9470081329345703,,2.729041091236466e-05,0.916321873664856,7.007690108189631,1092.7593972682953
16876,2.360238552093506,,2.727957199524445e-05,0.9454159140586853,10.593478247449115,1092.9573256969452
16877,1.898310661315918,,2.7268736261251202e-05,0.8903042674064636,6.674609237110934,1093.155328989029
16878,2.048473596572876,,2.72579037106549e-05,0.9257127642631531,7.756053200079257,1093.3536140918732
16879,1.8264374732971191,,2.7247074343725558e-05,0.9197161793708801,6.211717782893226,1093.5506875514984
16880,2.196812152862549,,2.723624816073308e-05,0.93059903383255,8.99628894505451,1093.7491340637207
16881,1.8938652276992798,,2.7225425161947272e-05,0.9077785611152649,6.645003558624856,1093.9569735527039
16882,1.9001350402832031,,2.7214605347637875e-05,0.9076995849609375,6.6867973683225435,1094.1556615829468
16883,2.040865421295166,,2.7203788718074586e-05,0.9442042112350464,7.69726769663981,1094.3558237552643
16884,2.104078769683838,,2.719297527352691e-05,0.9039703011512756,8.199545858968092,1094.5556302070618
16885,1.7365432977676392,,2.7182165014264363e-05,0.856730580329895,5.67768340193921,1094.755223274231
16886,2.120309829711914,,2.7171357940556428e-05,0.9784374237060547,8.333719121528201,1094.953131198883
16887,2.191479206085205,,2.7160554052672378e-05,0.9672669768333435,8.948439916481716,1095.1510968208313
16888,1.94504976272583,,2.7149753350881488e-05,0.9181429147720337,6.9939798858769375,1095.3497078418732
16889,1.7225403785705566,,2.7138955835452945e-05,0.8742114901542664,5.5987333159244494,1095.5486760139465
16890,2.210810422897339,,2.712816150665587e-05,0.9379875063896179,9.12310697267385,1095.7471697330475
16891,2.319186210632324,,2.7117370364759252e-05,0.9678996205329895,10.167396819036407,1095.9469571113586
16892,2.4698991775512695,,2.7106582410032068e-05,1.0201584100723267,11.821254943691342,1096.1497774124146
16893,2.154465436935425,,2.70957976427432e-05,0.9603009819984436,8.623279260077132,1096.347892999649
16894,2.090425968170166,,2.708501606316135e-05,0.952154278755188,8.088359814427116,1096.5470173358917
16895,1.9786155223846436,,2.707423767155528e-05,0.9049288034439087,7.232722507788172,1096.7519381046295
16896,1.977197527885437,,2.706346246819364e-05,0.9015135169029236,7.222473815070051,1096.9528095722198
16897,2.272662401199341,,2.705269045334492e-05,0.9295295476913452,9.705205598510805,1097.156509399414
16898,2.0666568279266357,,2.7041921627277615e-05,0.9160702228546143,7.898373308283232,1097.356115102768
16899,1.7983295917510986,,2.7031155990260103e-05,0.8882461786270142,6.039550518743875,1097.5562996864319
16900,2.424544095993042,,2.702039354256069e-05,1.0257904529571533,11.297077861996804,1097.754094839096
16901,2.1298911571502686,,2.7009634284447615e-05,0.9456960558891296,8.413950963198932,1097.954575061798
16902,2.589242458343506,,2.6998878216189056e-05,1.0247408151626587,13.319677569742934,1098.1582555770874
16903,2.044872283935547,,2.698812533805302e-05,0.9059015512466431,7.728171463233873,1098.3544056415558
16904,2.270209789276123,,2.6977375650307528e-05,0.9494232535362244,9.681431661580495,1098.5522303581238
16905,2.2112669944763184,,2.6966629153220494e-05,0.9488077163696289,9.12727327506482,1098.7518374919891
16906,2.170565366744995,,2.6955885847059777e-05,0.9452405571937561,8.76323708329153,1098.9510819911957
16907,2.3120806217193604,,2.6945145732093053e-05,0.974583089351654,10.095407542917467,1099.151255607605
16908,2.096127986907959,,2.693440880858804e-05,0.9478734731674194,8.134611532413121,1099.3485009670258
16909,2.0243277549743652,,2.6923675076812355e-05,0.923328697681427,7.571019653230053,1099.545033454895
16910,1.9294363260269165,,2.6912944537033435e-05,0.8926966190338135,6.885627898261558,1099.7420864105225
16911,2.1300830841064453,,2.690221718951877e-05,0.924100399017334,8.4155659821746,1099.9409854412079
16912,2.343125820159912,,2.6891493034535755e-05,0.9622266292572021,10.413737210391306,1100.1395292282104
16913,2.3069164752960205,,2.688077207235156e-05,0.9782887697219849,10.043407762963945,1100.3416349887848
16914,2.2517142295837402,,2.687005430323345e-05,0.938098669052124,9.504013942030866,1100.539490699768
16915,2.2978813648223877,,2.6859339727448533e-05,0.9434618949890137,9.953073170330322,1100.7390134334564
16916,1.9874522686004639,,2.684862834526381e-05,0.9263213276863098,7.296919469416885,1100.941001176834
16917,1.9327489137649536,,2.6837920156946285e-05,0.8755845427513123,6.908474965371016,1101.142394542694
16918,2.3328969478607178,,2.6827215162762802e-05,0.9420015811920166,10.30775936327657,1101.3411116600037
16919,2.191394329071045,,2.6816513362980152e-05,0.9564525485038757,8.947680431852064,1101.5426342487335
16920,2.405001163482666,,2.6805814757865076e-05,0.9889075756072998,11.078443171755524,1101.743090391159
16921,2.3362345695495605,,2.6795119347684178e-05,0.9532454609870911,10.342220241187214,1101.9444570541382
16922,2.293522357940674,,2.678442713270405e-05,0.9648487567901611,9.909782077519992,1102.1472051143646
16923,1.8975005149841309,,2.6773738113191142e-05,0.8667409420013428,6.669204016726746,1102.3460536003113
16924,2.2662298679351807,,2.6763052289411883e-05,0.9497140049934387,9.642976899323727,1102.550850868225
16925,2.045766830444336,,2.6752369661632594e-05,0.9526812434196472,7.735087765051245,1102.7501392364502
16926,2.2198283672332764,,2.674169023011948e-05,0.9411681890487671,9.205750721817727,1102.949188709259
16927,2.009918212890625,,2.67310139951387e-05,0.9272105097770691,7.462706969127883,1103.1478679180145
16928,2.589136838912964,,2.6720340956956382e-05,1.0156915187835693,13.318270827273992,1103.346494436264
16929,2.474313497543335,,2.6709671115838478e-05,0.9922316074371338,11.873553091175163,1103.5447208881378
16930,2.165836811065674,,2.6699004472050913e-05,0.9400076270103455,8.7218974442315,1103.7469418048859
16931,2.3577065467834473,,2.6688341025859542e-05,1.0232012271881104,10.566689433296462,1103.9466006755829
16932,2.1582391262054443,,2.667768077753011e-05,0.9395819306373596,8.655882314701035,1104.147792339325
16933,2.272766351699829,,2.6667023727328324e-05,0.963268518447876,9.706214511927731,1104.3466629981995
16934,2.133394241333008,,2.6656369875519797e-05,0.9283056259155273,8.443477428384302,1104.5510244369507
16935,2.5263521671295166,,2.664571922237e-05,1.0188385248184204,12.507796465650301,1104.7516725063324
16936,2.233809471130371,,2.663507176814441e-05,0.9562121629714966,9.335361216754396,1104.9537551403046
16937,2.181671142578125,,2.662442751310837e-05,0.9412247538566589,8.861102057270058,1105.1533558368683
16938,2.2793731689453125,,2.6613786457527206e-05,1.0133811235427856,9.770554002948005,1105.3517904281616
16939,1.7769575119018555,,2.6603148601666063e-05,0.8779146671295166,5.911842318752031,1105.5528991222382
16940,1.9602082967758179,,2.659251394579008e-05,0.9050803184509277,7.100805986116668,1105.7533886432648
16941,2.0734550952911377,,2.658188249016432e-05,0.9111903309822083,7.952251493426785,1105.955326795578
16942,2.1999690532684326,,2.6571254235053718e-05,0.9488829970359802,9.024734209085546,1106.1559617519379
16943,1.9889603853225708,,2.6560629180723197e-05,0.8951338529586792,7.307932377977032,1106.3622462749481
16944,1.7534595727920532,,2.655000732743756e-05,0.8839879035949707,5.774545619995097,1106.5623438358307
16945,2.00095796585083,,2.6539388675461476e-05,0.9226893782615662,7.396137953889315,1106.763959646225
16946,2.2436273097991943,,2.6528773225059644e-05,0.9958364963531494,9.42746568065171,1106.9612193107605
16947,2.0264928340911865,,2.6518160976496638e-05,0.9211605191230774,7.587429267420707,1107.1582238674164
16948,1.9689979553222656,,2.650755193003688e-05,0.9214372038841248,7.1634947489485095,1107.3607921600342
16949,2.2636711597442627,,2.6496946085944807e-05,0.9650884866714478,9.618334874666013,1107.5616590976715
16950,2.33500599861145,,2.648634344448475e-05,0.9841591119766235,10.329521891971984,1107.764095544815
16951,2.5753307342529297,,2.6475744005920952e-05,1.0209699869155884,13.135660853125117,1107.9647789001465
16952,2.2847938537597656,,2.6465147770517575e-05,0.9483872056007385,9.823660904507737,1108.1622822284698
16953,1.993598461151123,,2.6454554738538716e-05,0.9110062718391418,7.341905847357224,1108.3649706840515
16954,2.1205849647521973,,2.64439649102484e-05,0.9164790511131287,8.336012335131654,1108.5665323734283
16955,2.4811952114105225,,2.6433378285910506e-05,0.9899289011955261,11.955545285965592,1108.768670797348
16956,2.060486316680908,,2.642279486578889e-05,0.92842698097229,7.849786364266814,1108.9713039398193
16957,2.2859461307525635,,2.641221465014737e-05,0.9610190391540527,9.834987007103589,1109.1679048538208
16958,2.1970055103302,,2.6401637639249554e-05,0.9099051356315613,8.998028612886648,1109.365062713623
16959,2.312182903289795,,2.6391063833359102e-05,0.9920563101768494,10.096440169863587,1109.5724294185638
16960,1.9977424144744873,,2.6380493232739545e-05,0.9351292252540588,7.372393488545531,1109.775384426117
16961,2.128232002258301,,2.6369925837654248e-05,0.9466221928596497,8.400002489836245,1109.981606721878
16962,2.6179070472717285,,2.635936164836668e-05,0.9764299988746643,13.707005428281269,1110.1811516284943
16963,2.061748504638672,,2.6348800665140104e-05,0.9378876090049744,7.8597005255380905,1110.3806183338165
16964,2.3851542472839355,,2.633824288823771e-05,1.0055022239685059,10.860737775029937,1110.581285238266
16965,2.252187728881836,,2.6327688317922598e-05,0.9325048923492432,9.508515151537182,1110.779958486557
16966,1.9283045530319214,,2.631713695445789e-05,0.9196692705154419,6.877839338824711,1110.9781856536865
16967,2.1742289066314697,,2.630658879810649e-05,0.951574444770813,8.795400431762383,1111.1746411323547
16968,2.367102861404419,,2.6296043849131296e-05,0.9716727137565613,10.666445306540144,1111.374909877777
16969,2.0678863525390625,,2.6285502107795117e-05,0.9344622492790222,7.9080905252184435,1111.572116136551
16970,2.515115976333618,,2.627496357436073e-05,1.004561424255371,12.368043096229496,1111.7712352275848
16971,1.9168670177459717,,2.6264428249090708e-05,0.9115927815437317,6.799621968342918,1111.9736754894257
16972,2.0575451850891113,,2.6253896132247632e-05,0.9459151029586792,7.826733027668396,1112.1775500774384
16973,2.26107120513916,,2.624336722409405e-05,0.9940217137336731,9.593360121296342,1112.3765578269958
16974,2.397336483001709,,2.6232841524892314e-05,1.0274536609649658,10.99385502927009,1112.5765414237976
16975,2.3546738624572754,,2.6222319034904757e-05,1.0008751153945923,10.534692542630394,1112.7761528491974
16976,2.346750497817993,,2.6211799754393675e-05,0.9311352968215942,10.45155214306379,1112.9760301113129
16977,2.2143094539642334,,2.6201283683621172e-05,0.9540565013885498,9.155084920688541,1113.1740565299988
16978,2.1157665252685547,,2.6190770822849362e-05,0.9304761290550232,8.29594237901577,1113.3735778331757
16979,2.0621304512023926,,2.6180261172340275e-05,0.920720636844635,7.862703084517734,1113.5731337070465
16980,2.019153118133545,,2.616975473235581e-05,0.9695593118667603,7.531943565486051,1113.7707831859589
16981,2.502370834350586,,2.6159251503157796e-05,0.9837007522583008,12.211410900954117,1113.977507352829
16982,2.3253166675567627,,2.614875148500804e-05,0.9974466562271118,10.229919056398948,1114.17489528656
16983,2.158463716506958,,2.6138254678168216e-05,0.9728555679321289,8.657826560241134,1114.3729996681213
16984,2.3789312839508057,,2.612776108289994e-05,0.9775455594062805,10.793361659064509,1114.5743081569672
16985,1.758604884147644,,2.6117270699464717e-05,0.8384857177734375,5.804334024736901,1114.7755739688873
16986,2.349865674972534,,2.6106783528124052e-05,0.9917205572128296,10.484161344878753,1114.974368095398
16987,2.111076831817627,,2.609629956913924e-05,0.9154383540153503,8.257128037191638,1115.1730830669403
16988,1.9854201078414917,,2.608581882277161e-05,0.91811203956604,7.282106012770306,1115.3711338043213
16989,1.7573944330215454,,2.607534128928238e-05,0.8635079860687256,5.797312412596901,1115.5734617710114
16990,2.2737932205200195,,2.6064866968932612e-05,0.9951283931732178,9.716186640129603,1115.773012638092
16991,2.145613431930542,,2.6054395861983423e-05,0.944807767868042,8.547282805649386,1115.973283290863
16992,1.9247753620147705,,2.604392796869575e-05,0.9024481177330017,6.853608912064496,1116.1713418960571
16993,2.3179738521575928,,2.603346328933049e-05,1.011674165725708,10.155077758404563,1116.37237906456
16994,2.1784002780914307,,2.6023001824148435e-05,0.9919522404670715,8.832165942091597,1116.5701463222504
16995,2.043527126312256,,2.6012543573410365e-05,0.9409467577934265,7.717782843208188,1116.7697458267212
16996,2.1280837059020996,,2.6002088537376845e-05,0.9200308918952942,8.398756892435982,1116.968671798706
16997,2.3164966106414795,,2.5991636716308505e-05,0.9822417497634888,10.140087330907473,1117.166523218155
16998,2.3448920249938965,,2.5981188110465776e-05,0.9444349408149719,10.432146255678976,1117.3666088581085
16999,2.2024199962615967,,2.597074272010916e-05,0.9295570850372314,9.046880446657113,1117.566731929779
17000,2.1926896572113037,2.2456362697813246,2.5960300545498863e-05,0.9601374864578247,8.959278123892291,1117.7654502391815
17001,2.28597092628479,,2.594986158689521e-05,0.9721083641052246,9.835230873864262,1121.8661029338837
17002,2.3155112266540527,,2.593942584455835e-05,0.9451808333396912,10.130100372523021,1122.0646772384644
17003,2.028850555419922,,2.5928993318748354e-05,0.9273872971534729,7.605339416508376,1122.26607131958
17004,2.39812970161438,,2.591856400972524e-05,0.9829359650611877,11.002579019262507,1122.466890335083
17005,1.8678449392318726,,2.590813791774896e-05,0.8815070390701294,6.474328782202229,1122.6671044826508
17006,2.5613479614257812,,2.5897715043079312e-05,1.0224090814590454,12.953266055767727,1122.864619255066
17007,1.8576021194458008,,2.588729538597608e-05,0.9173576831817627,6.408351870888262,1123.0625128746033
17008,2.029247283935547,,2.5876878946698967e-05,0.901203989982605,7.608357270120622,1123.2623209953308
17009,2.3372185230255127,,2.5866465725507536e-05,0.9510805010795593,10.352401512869994,1123.4616675376892
17010,1.8862627744674683,,2.5856055722661353e-05,0.920246958732605,6.594676775747516,1123.6608090400696
17011,2.2662267684936523,,2.5845648938419833e-05,0.9566748142242432,9.642947011526987,1123.8675355911255
17012,2.1928861141204834,,2.5835245373042373e-05,0.9514480829238892,8.961038408885406,1124.067775964737
17013,1.834289312362671,,2.5824845026788224e-05,0.8844971656799316,6.26068317386492,1124.2705535888672
17014,2.196561098098755,,2.5814447899916606e-05,0.9526899456977844,8.994030667345935,1124.4731447696686
17015,2.132551431655884,,2.580405399268667e-05,0.910038411617279,8.43636418187664,1124.671636581421
17016,1.907252311706543,,2.5793663305357392e-05,0.9037554264068604,6.734558884367081,1124.87433385849
17017,2.515723943710327,,2.5783275838187788e-05,0.999131977558136,12.375564749173856,1125.076187133789
17018,2.3062307834625244,,2.5772891591436744e-05,0.9877604246139526,10.036523440811884,1125.2773032188416
17019,2.094728708267212,,2.5762510565363027e-05,0.9043721556663513,8.123236904238107,1125.4778954982758
17020,2.17885422706604,,2.575213276022536e-05,0.9323869943618774,8.836176204923074,1125.6764414310455
17021,2.4425835609436035,,2.5741758176282454e-05,1.0027203559875488,11.502720365810951,1125.8764231204987
17022,1.7729960680007935,,2.5731386813792763e-05,0.8446738719940186,5.888469213243748,1126.0750823020935
17023,1.99559485912323,,2.5721018673014815e-05,0.9401353597640991,7.356577854011386,1126.2739007472992
17024,2.395709276199341,,2.5710653754207083e-05,1.004024863243103,10.975980300466425,1126.4706492424011
17025,1.7349516153335571,,2.5700292057627778e-05,0.8747891187667847,5.668653521259692,1126.669265985489
17026,2.19385027885437,,2.5689933583535197e-05,0.9452269077301025,8.969682492588952,1126.870133638382
17027,2.1595067977905273,,2.567957833218752e-05,0.9619157910346985,8.666862088658565,1127.0737881660461
17028,2.023664951324463,,2.5669226303842766e-05,0.9645572304725647,7.566003216410373,1127.2769374847412
17029,2.276487112045288,,2.5658877498758962e-05,0.9735487699508667,9.742396280090471,1127.4791882038116
17030,2.073601007461548,,2.5648531917194043e-05,0.9643547534942627,7.953411908359111,1127.6820619106293
17031,2.2730419635772705,,2.563818955940586e-05,0.9561639428138733,9.708890028617365,1127.884269475937
17032,2.073976516723633,,2.5627850425652117e-05,0.9260353446006775,7.956399049010266,1128.0846736431122
17033,2.2459816932678223,,2.5617514516190533e-05,0.9206797480583191,9.449687699313037,1128.2889862060547
17034,2.137566089630127,,2.5607181831278686e-05,0.9189829230308533,8.478775914083906,1128.491844177246
17035,2.3558149337768555,,2.55968523711741e-05,0.9974725842475891,10.546720239076063,1128.692185163498
17036,2.4487650394439697,,2.5586526136134228e-05,0.9802208542823792,11.574044401332511,1128.8939201831818
17037,1.9154119491577148,,2.557620312641645e-05,0.9263101816177368,6.789735246678196,1129.0971326828003
17038,2.0249507427215576,,2.5565883342277963e-05,0.884874701499939,7.575737775221266,1129.2994153499603
17039,2.1698460578918457,,2.5555566783976017e-05,0.9257423281669617,8.756935875804126,1129.5025107860565
17040,2.2918097972869873,,2.554525345176774e-05,0.9993728995323181,9.892825498376833,1129.7074065208435
17041,2.048187494277954,,2.553494334591011e-05,0.9412729144096375,7.753834492862925,1129.9112179279327
17042,1.610121488571167,,2.5524636466660132e-05,0.8495049476623535,5.003419049142399,1130.1105201244354
17043,2.4508659839630127,,2.5514332814274654e-05,0.9933092594146729,11.598386388108773,1130.309471130371
17044,2.170661211013794,,2.55040323890105e-05,0.9329825639724731,8.764077029593466,1130.5092520713806
17045,2.3627755641937256,,2.5493735191124337e-05,0.9864100217819214,10.620388150887987,1130.7085919380188
17046,2.0858871936798096,,2.5483441220872846e-05,0.9451451301574707,8.051731759353157,1130.9101667404175
17047,2.4569292068481445,,2.5473150478512577e-05,0.9600352644920349,11.668923615258096,1131.1071231365204
17048,1.9266117811203003,,2.5462862964299955e-05,0.9738731980323792,6.866206574165725,1131.3087573051453
17049,1.885132908821106,,2.5452578678491423e-05,0.9095482230186462,6.587229884795088,1131.5103597640991
17050,2.1195223331451416,,2.5442297621343272e-05,0.9252091646194458,8.327158929734836,1131.7086741924286
17051,1.9285542964935303,,2.543201979311172e-05,0.8834788799285889,6.879557248739034,1131.9139034748077
17052,1.9757131338119507,,2.5421745194052928e-05,0.961227297782898,7.211760770899805,1132.1120631694794
17053,2.3574821949005127,,2.5411473824422966e-05,0.9760391116142273,10.564319042536475,1132.3091163635254
17054,1.9088164567947388,,2.5401205684477808e-05,0.9595341682434082,6.7451009540812015,1132.5072181224823
17055,2.4550697803497314,,2.539094077447339e-05,0.9891829490661621,11.647246269441267,1132.7102990150452
17056,2.007446527481079,,2.538067909466557e-05,0.9064717292785645,7.444284282118948,1132.9094152450562
17057,1.9705593585968018,,2.5370420645310016e-05,0.9109163284301758,7.174688589882387,1133.1113996505737
17058,2.227729558944702,,2.5360165426662428e-05,0.9451290369033813,9.278775233549307,1133.3123378753662
17059,1.9687687158584595,,2.5349913438978445e-05,0.9019433259963989,7.161852781462345,1133.514321088791
17060,2.362760066986084,,2.5339664682513486e-05,0.9865115880966187,10.620223565802885,1133.7183730602264
17061,2.120267152786255,,2.5329419157523016e-05,0.9457426071166992,8.333363471605864,1133.9217720031738
17062,2.1394448280334473,,2.5319176864262384e-05,0.9480845928192139,8.494720288971704,1134.1232631206512
17063,2.1667919158935547,,2.5308937802986867e-05,0.945237398147583,8.730231750023052,1134.32381606102
17064,1.9895529747009277,,2.529870197395163e-05,0.8983421325683594,7.312264264470167,1134.5212814807892
17065,2.2037408351898193,,2.5288469377411774e-05,0.9449136853218079,9.05883781366953,1134.7248356342316
17066,2.5503101348876953,,2.527824001362237e-05,0.9932979941368103,12.811076328337032,1134.9240210056305
17067,1.9348270893096924,,2.526801388283829e-05,0.9453210830688477,6.92284691764288,1135.1223187446594
17068,2.0803310871124268,,2.5257790985314413e-05,0.9725649952888489,8.007119529563761,1135.3229067325592
17069,1.9917601346969604,,2.5247571321305583e-05,0.9439676403999329,7.328421425795981,1135.522382259369
17070,2.191565990447998,,2.523735489106641e-05,0.9282241463661194,8.949216534836536,1135.725975036621
17071,1.7972116470336914,,2.5227141694851566e-05,0.870955765247345,6.032802407856206,1135.9315605163574
17072,2.4439826011657715,,2.5216931732915597e-05,1.0061012506484985,11.518824396733852,1136.1314325332642
17073,1.849326729774475,,2.5206725005512903e-05,0.9158052206039429,6.355539086584304,1136.3329243659973
17074,2.011958599090576,,2.5196521512897917e-05,0.9184832572937012,7.477949318293369,1136.533195734024
17075,2.0465266704559326,,2.5186321255324953e-05,0.9508628845214844,7.740967427746939,1136.73694729805
17076,2.055605888366699,,2.5176124233048183e-05,0.9509270787239075,7.811569378120956,1136.9381620883942
17077,2.4705348014831543,,2.5165930446321756e-05,0.9830137491226196,11.828771204743106,1137.1397280693054
17078,2.026772975921631,,2.5155739895399735e-05,0.9048751592636108,7.589555121500473,1137.3432340621948
17079,1.9728786945343018,,2.514555258053612e-05,0.9242796301841736,7.191348415367043,1137.5440018177032
17080,2.3127963542938232,,2.513536850198475e-05,0.9455693364143372,10.102635741368388,1137.7441236972809
17081,2.4114573001861572,,2.512518765999946e-05,0.9841891527175903,11.150198497189175,1137.949696302414
17082,2.077714443206787,,2.511501005483402e-05,0.9197511076927185,7.986195136826172,1138.151718378067
17083,2.3949708938598633,,2.5104835686742028e-05,0.9716464281082153,10.96787882181657,1138.3575308322906
17084,1.920470118522644,,2.509466455597708e-05,0.9449777603149414,6.824165882082358,1138.5648214817047
17085,2.4109559059143066,,2.5084496662792672e-05,0.9880512356758118,11.144609252857325,1138.7747659683228
17086,2.2909607887268066,,2.5074332007442193e-05,0.969643771648407,9.884429969286671,1138.9756791591644
17087,1.8065807819366455,,2.5064170590178996e-05,0.904518723487854,6.089590158099665,1139.1754739284515
17088,2.0704903602600098,,2.505401241125637e-05,0.9293258190155029,7.928710089104319,1139.373037815094
17089,1.9801161289215088,,2.5043857470927383e-05,0.9186800718307495,7.243584125932085,1139.5717115402222
17090,2.2570009231567383,,2.5033705769445194e-05,0.9783297777175903,9.554391800270857,1139.768764257431
17091,2.259676933288574,,2.5023557307062814e-05,0.9680678844451904,9.57999368971169,1139.970112323761
17092,2.201122283935547,,2.501341208403312e-05,0.9331796765327454,9.035147812827491,1140.1684882640839
17093,1.8926531076431274,,2.5003270100608977e-05,0.9194127917289734,6.636953896102508,1140.3667531013489
17094,2.3295485973358154,,2.4993131357043165e-05,0.9560416340827942,10.273303089834672,1140.5664665699005
17095,2.049661636352539,,2.4982995853588366e-05,0.94117271900177,7.765273175578512,1140.7653613090515
17096,2.2403526306152344,,2.497286359049718e-05,0.9582379460334778,9.396644247725055,1140.9707148075104
17097,2.131526470184326,,2.496273456802212e-05,0.9511457681655884,8.42772166351097,1141.1692371368408
17098,2.1099791526794434,,2.4952608786415665e-05,0.9007642865180969,8.248069332688946,1141.372974395752
17099,1.7707839012145996,,2.4942486245930123e-05,0.9028372764587402,5.875457334757724,1141.5709962844849
17100,2.4112865924835205,,2.493236694681779e-05,0.9748838543891907,11.148295234875166,1141.7723739147186
17101,1.8862049579620361,,2.4922250889330903e-05,0.903901994228363,6.5942955056038475,1141.977058172226
17102,2.1965420246124268,,2.4912138073721532e-05,0.9466618299484253,8.993859121460961,1142.1768207550049
17103,2.3390986919403076,,2.4902028500241724e-05,0.9686831831932068,10.371884085912777,1142.3758313655853
17104,1.9528520107269287,,2.4891922169143452e-05,0.8967154622077942,7.048762085710227,1142.5744144916534
17105,1.9290034770965576,,2.488181908067857e-05,0.9017996788024902,6.8826481065373,1142.7744085788727
17106,1.8743371963500977,,2.48717192350989e-05,0.9155423641204834,6.516498529626621,1142.9789261817932
17107,1.8516905307769775,,2.4861622632656165e-05,0.8752396702766418,6.3705800862100785,1143.1833419799805
17108,2.2804388999938965,,2.485152927360197e-05,0.9471974968910217,9.780972336295394,1143.3831768035889
17109,2.281548023223877,,2.4841439158187854e-05,0.9601349830627441,9.791826658202954,1143.5848717689514
17110,2.3539748191833496,,2.4831352286665334e-05,0.9852913022041321,10.527330910015253,1143.7852642536163
17111,2.2716169357299805,,2.4821268659285785e-05,0.9891456961631775,9.695064443222044,1143.9919922351837
17112,2.4591970443725586,,2.4811188276300502e-05,0.9831370115280151,11.695416867943834,1144.1963546276093
17113,2.351426124572754,,2.4801111137960727e-05,0.935190737247467,10.500534121381971,1144.3983125686646
17114,2.0836973190307617,,2.4791037244517593e-05,0.9022656679153442,8.034118768252434,1144.5986108779907
17115,2.0952818393707275,,2.478096659622217e-05,0.9532457590103149,8.127731362128703,1144.7984645366669
17116,2.1367509365081787,,2.477089919332548e-05,0.9353410601615906,8.471867229627646,1145.0103869438171
17117,2.138875722885132,,2.4760835036078424e-05,0.9570446014404297,8.489887275298676,1145.2106311321259
17118,2.267228126525879,,2.475077412473178e-05,0.9588615298271179,9.652607890163264,1145.4144291877747
17119,2.377270460128784,,2.4740716459536318e-05,0.9836007952690125,10.775450664521692,1145.6155841350555
17120,2.0579211711883545,,2.4730662040742728e-05,0.9541709423065186,7.829676323773825,1145.8183977603912
17121,2.390730857849121,,2.4720610868601536e-05,0.9711556434631348,10.92147307120063,1146.0191962718964
17122,2.162478446960449,,2.4710562943363276e-05,0.9526357650756836,8.692655267348197,1146.2199482917786
17123,2.100802421569824,,2.4700518265278374e-05,0.9186490178108215,8.172725253169954,1146.4186799526215
17124,2.117417573928833,,2.469047683459717e-05,0.8993807435035706,8.309650697002384,1146.6164147853851
17125,2.029383659362793,,2.46804386515699e-05,0.9432324171066284,7.609394933848284,1146.8129272460938
17126,2.1135506629943848,,2.4670403716446757e-05,0.926817774772644,8.277580064962226,1147.0133414268494
17127,2.102564573287964,,2.466037202947788e-05,0.93896484375,8.18713953135934,1147.2094824314117
17128,2.4977376461029053,,2.4650343590913207e-05,1.0204263925552368,12.15496400101303,1147.4090402126312
17129,2.1933600902557373,,2.4640318401002715e-05,0.984292209148407,8.965286733961127,1147.6073598861694
17130,2.544774293899536,,2.4630296459996278e-05,0.9976168274879456,12.740352186313164,1147.8077127933502
17131,2.3392982482910156,,2.4620277768143615e-05,0.9696412086486816,10.373954067783073,1148.0201740264893
17132,2.2205305099487305,,2.4610262325694434e-05,0.9583697319030762,9.212216742396313,1148.2171013355255
17133,2.21047043800354,,2.4600250132898398e-05,0.9538671970367432,9.120005781327608,1148.417739868164
17134,2.053879499435425,,2.4590241190004973e-05,0.9209563732147217,7.798095205388574,1148.6189074516296
17135,2.361558437347412,,2.4580235497263632e-05,1.000022530555725,10.607469654670338,1148.820327758789
17136,1.9517861604690552,,2.4570233054923728e-05,0.8973075151443481,7.041253163227833,1149.0211713314056
17137,2.1670358180999756,,2.4560233863234566e-05,0.9815903902053833,8.732361332503825,1149.2234380245209
17138,2.491044044494629,,2.455023792244537e-05,1.0148401260375977,12.073875205234575,1149.4226779937744
17139,2.4043612480163574,,2.4540245232805226e-05,0.9521433711051941,11.07135617240938,1149.6247487068176
17140,1.7868733406066895,,2.4530255794563222e-05,0.8818469047546387,5.970754734520206,1149.8244905471802
17141,2.386239528656006,,2.4520269607968284e-05,0.9454790353775024,10.872531129820699,1150.0272314548492
17142,2.2320053577423096,,2.4510286673269288e-05,0.9625067710876465,9.31853434995274,1150.227195739746
17143,2.476062774658203,,2.450030699071508e-05,1.006222128868103,11.894341402827674,1150.4258797168732
17144,2.1048383712768555,,2.4490330560554343e-05,0.9966022372245789,8.205776613210416,1150.624635219574
17145,2.1361587047576904,,2.4480357383035698e-05,0.9115205407142639,8.466851406279865,1150.8247888088226
17146,2.1004507541656494,,2.447038745840774e-05,0.9344183206558228,8.169851677396219,1151.0268182754517
17147,1.9949476718902588,,2.446042078691894e-05,0.9428701996803284,7.351818311069753,1151.2235605716705
17148,1.981977939605713,,2.445045736881769e-05,0.915520191192627,7.257082870403748,1151.4253931045532
17149,2.015474319458008,,2.4440497204352312e-05,0.9083095192909241,7.504285966035376,1151.6280784606934
17150,2.0583362579345703,,2.4430540293771025e-05,0.9486052393913269,7.832926993251218,1151.8270983695984
17151,2.2641537189483643,,2.4420586637321972e-05,0.9752895832061768,9.622977410747081,1152.029932975769
17152,2.012563705444336,,2.441063623525327e-05,0.9480578899383545,7.482475642254545,1152.2329652309418
17153,2.292772054672241,,2.440068908781285e-05,0.9411976337432861,9.902349524320936,1152.4348857402802
17154,2.066680669784546,,2.439074519524864e-05,0.9393369555473328,7.898561622422241,1152.6345167160034
17155,1.9979403018951416,,2.438080455780847e-05,0.897466242313385,7.373852536835917,1152.8326256275177
17156,1.9665683507919312,,2.4370867175740103e-05,0.9011800289154053,7.1461114155173835,1153.0293934345245
17157,1.8805819749832153,,2.4360933049291195e-05,0.8959245085716248,6.557319948107926,1153.229085445404
17158,2.1753809452056885,,2.4351002178709332e-05,0.9284968376159668,8.805538911173846,1153.4315049648285
17159,1.9168221950531006,,2.4341074564242038e-05,0.897167444229126,6.799317197806161,1153.631507396698
17160,2.097367763519287,,2.4331150206136687e-05,0.9274011850357056,8.144702887753837,1153.8295321464539
17161,2.07423996925354,,2.432122910464064e-05,0.9663408398628235,7.95849545860876,1154.0321099758148
17162,2.412677049636841,,2.431131126000119e-05,0.9785069227218628,11.163807243624383,1154.2310178279877
17163,2.4859957695007324,,2.430139667246546e-05,1.0157191753387451,12.01307655622777,1154.4288537502289
17164,2.408980369567871,,2.429148534228058e-05,0.9852097034454346,11.122614405175353,1154.6328618526459
17165,2.3396387100219727,,2.428157726969356e-05,0.9773073196411133,10.377486603454342,1154.8307402133942
17166,2.4086878299713135,,2.4271672454951333e-05,0.9703146815299988,11.11936107593161,1155.0334186553955
17167,2.0882277488708496,,2.4261770898300758e-05,0.9786158800125122,8.070599353628866,1155.234581232071
17168,1.7893426418304443,,2.4251872599988626e-05,0.8772683143615723,5.98551654467005,1155.43466258049
17169,2.0450756549835205,,2.4241977560261588e-05,0.9312665462493896,7.7297433093918535,1155.6396055221558
17170,2.5856070518493652,,2.4232085779366264e-05,0.996626079082489,13.27134303847361,1155.8392267227173
17171,2.145214080810547,,2.4222197257549206e-05,0.9462808966636658,8.543870120163277,1156.039847612381
17172,2.2958083152770996,,2.4212311995056863e-05,0.9833341836929321,9.932461328586601,1156.239055633545
17173,2.048029899597168,,2.4202429992135573e-05,0.9547182321548462,7.752612626073536,1156.4377357959747
17174,2.2941863536834717,,2.419255124903164e-05,0.9522778987884521,9.91636431567874,1156.6398148536682
17175,2.112959146499634,,2.4182675765991247e-05,0.942008912563324,8.272685187660233,1156.8442373275757
17176,2.1409542560577393,,2.417280354326054e-05,0.9458838105201721,8.507552139775692,1157.0462265014648
17177,2.0638866424560547,,2.4162934581085552e-05,0.9062244892120361,7.876523627110799,1157.2465343475342
17178,2.1937737464904785,,2.4153068879712278e-05,0.9379890561103821,8.96899604785239,1157.4464733600616
17179,2.195699691772461,,2.4143206439386536e-05,1.0120912790298462,8.986286488351453,1157.648652791977
17180,1.956457495689392,,2.413334726035416e-05,0.9140036106109619,7.074222161794241,1157.8492772579193
17181,2.1636252403259277,,2.412349134286088e-05,0.9415565729141235,8.702629664930528,1158.0504059791565
17182,2.2276315689086914,,2.411363868715227e-05,0.9540383219718933,9.2778660505762,1158.246929883957
17183,1.7303662300109863,,2.4103789293473946e-05,0.8931678533554077,5.642720063492077,1158.4473147392273
17184,2.3471953868865967,,2.409394316207138e-05,0.9700924754142761,10.456202958834018,1158.6465377807617
17185,2.212574005126953,,2.4084100293189903e-05,0.9433497190475464,9.139210517798936,1158.845635175705
17186,2.3281195163726807,,2.4074260687074846e-05,0.9979207515716553,10.258632193406704,1159.043481349945
17187,1.827122688293457,,2.4064424343971486e-05,0.8856474161148071,6.215975603665811,1159.2409088611603
17188,1.8967278003692627,,2.405459126412496e-05,0.900092363357544,6.664052615851175,1159.4378819465637
17189,2.007974147796631,,2.4044761447780292e-05,0.9574653506278992,7.448213074105029,1159.6356863975525
17190,2.2451584339141846,,2.4034934895182493e-05,0.9620787501335144,9.441911356938126,1159.8359699249268
17191,2.122659206390381,,2.402511160657648e-05,0.9698688387870789,8.353321184175382,1160.038302898407
17192,1.7884882688522339,,2.401529158220704e-05,0.8652469515800476,5.980404865025074,1160.239929676056
17193,2.4536168575286865,,2.4005474822318926e-05,1.0108877420425415,11.630336007161828,1160.4446246623993
17194,2.40857195854187,,2.3995661327156838e-05,1.0045002698898315,11.11807273431168,1160.6489005088806
17195,1.9941024780273438,,2.3985851096965275e-05,0.9430338740348816,7.345607224507835,1160.8458290100098
17196,2.2399189472198486,,2.397604413198879e-05,0.9998385310173035,9.392569962681213,1161.0454335212708
17197,1.9569661617279053,,2.3966240432471784e-05,0.9239062666893005,7.077821493708188,1161.243752002716
17198,2.375621795654297,,2.3956439998658597e-05,1.012134075164795,10.75770019811681,1161.4403257369995
17199,2.6421968936920166,,2.394664283079347e-05,1.0263036489486694,14.044022967377387,1161.6384160518646
17200,2.12007737159729,2.2431714216868084,2.39368489291206e-05,0.9396513104438782,8.331782106039611,1161.839280128479
17201,2.2780203819274902,,2.3927058293884046e-05,0.9932583570480347,9.757345460522583,1166.2385249137878
17202,1.6375961303710938,,2.3917270925327818e-05,0.8463358283042908,5.142792039687886,1166.4373943805695
17203,2.3125534057617188,,2.3907486823695844e-05,0.9521781802177429,10.100181618969424,1166.6493911743164
17204,2.2348239421844482,,2.389770598923202e-05,0.96343594789505,9.344836475863573,1166.914499282837
17205,2.234549045562744,,2.3887928422180034e-05,0.9402077794075012,9.342267964939643,1167.1917357444763
17206,2.1374051570892334,,2.3878154122783604e-05,0.8994324803352356,8.477411512923604,1167.4421195983887
17207,2.09867787361145,,2.3868383091286337e-05,0.9190459847450256,8.155380337995192,1167.6414201259613
17208,2.1428024768829346,,2.3858615327931723e-05,0.9662415385246277,8.523290514327575,1167.8409106731415
17209,1.9785537719726562,,2.3848850832963233e-05,0.9835977554321289,7.232275897982838,1168.0389339923859
17210,2.5422861576080322,,2.383908960662425e-05,1.0393227338790894,12.708691857611898,1168.2395493984222
17211,1.7043285369873047,,2.3829331649157977e-05,0.9121529459953308,5.49769293012432,1168.4447221755981
17212,2.3442788124084473,,2.3819576960807645e-05,1.0253931283950806,10.425751093299173,1168.645485162735
17213,2.0439536571502686,,2.380982554181639e-05,0.9611048102378845,7.72107541773427,1168.8424525260925
17214,2.118065118789673,,2.3800077392427193e-05,0.9408717751502991,8.315033311160585,1169.0386254787445
17215,2.065433979034424,,2.379033251288302e-05,0.9427658915519714,7.888720694279937,1169.2368547916412
17216,2.0016984939575195,,2.378059090342674e-05,0.9414141774177551,7.401617030379807,1169.4356021881104
17217,2.3797547817230225,,2.3770852564301157e-05,0.9763430953025818,10.802253629101731,1169.6333475112915
17218,2.1661791801452637,,2.376111749574897e-05,0.9168535470962524,8.724884063465623,1169.8320817947388
17219,2.0316357612609863,,2.3751385698012777e-05,0.958469808101654,7.6265513784021755,1170.032586812973
17220,2.548168420791626,,2.374165717133518e-05,0.9988402128219604,12.78366802642877,1170.233339548111
17221,2.182563066482544,,2.373193191595858e-05,0.9617595672607422,8.869009011691078,1170.438678264618
17222,2.220398426055908,,2.3722209932125368e-05,0.953671395778656,9.211000037302798,1170.6422309875488
17223,2.272195339202881,,2.371249122007787e-05,0.9758772253990173,9.700673724223421,1170.8401401042938
17224,2.3473644256591797,,2.3702775780058256e-05,0.9498645067214966,10.457970611944804,1171.0402052402496
17225,1.7081907987594604,,2.3693063612308687e-05,0.8470464944839478,5.518967516928862,1171.2395148277283
17226,2.0486068725585938,,2.3683354717071217e-05,0.91371089220047,7.757086964601239,1171.4367218017578
17227,2.53969407081604,,2.3673649094587804e-05,0.9883129000663757,12.675792482742487,1171.6384763717651
17228,1.918863296508789,,2.366394674510034e-05,0.9062078595161438,6.813209466978663,1171.8413400650024
17229,2.1533374786376953,,2.365424766885068e-05,0.9553477168083191,8.613558044275786,1172.037098646164
17230,1.851101279258728,,2.364455186608047e-05,0.8490763306617737,6.36682731799292,1172.2383580207825
17231,2.1940419673919678,,2.363485933703141e-05,0.9721918702125549,8.971402042712429,1172.4404048919678
17232,1.9008694887161255,,2.362517008194503e-05,0.9145875573158264,6.6917102800903105,1172.643991947174
17233,2.3193976879119873,,2.361548410106287e-05,0.9313569068908691,10.169547219829393,1172.842110157013
17234,2.1390769481658936,,2.3605801394626253e-05,0.9723988771438599,8.49159582714543,1173.0413393974304
17235,1.8276166915893555,,2.359612196287653e-05,0.9055327773094177,6.2190470746971895,1173.236801147461
17236,2.7290453910827637,,2.3586445806054975e-05,1.0171773433685303,15.318257093271223,1173.4349966049194
17237,2.245940685272217,,2.357677292440265e-05,0.9617615342140198,9.449300194506842,1173.6323297023773
17238,1.7565845251083374,,2.3567103318160715e-05,0.9036359786987305,5.792619024261329,1173.8393731117249
17239,2.1024844646453857,,2.3557436987570165e-05,0.9355326890945435,8.186483696994237,1174.0374014377594
17240,2.2156901359558105,,2.354777393287186e-05,0.9635462760925293,9.167733911677551,1174.234471321106
17241,2.2236289978027344,,2.353811415430663e-05,0.9620972275733948,9.24080495131808,1174.444951057434
17242,1.9137754440307617,,2.352845765211529e-05,0.9192516803741455,6.7786328971401355,1174.649130821228
17243,2.038889169692993,,2.351880442653841e-05,0.9491656422615051,7.68207098023553,1174.8475794792175
17244,2.365326404571533,,2.3509154477816628e-05,0.9429717659950256,10.64751364750897,1175.0491948127747
17245,1.9895812273025513,,2.3499507806190452e-05,0.9080771207809448,7.312470857877784,1175.2496614456177
17246,2.5124804973602295,,2.3489864411900272e-05,1.0047767162322998,12.335490293662728,1175.4514832496643
17247,2.0563249588012695,,2.348022429518644e-05,0.943822979927063,7.817188466726482,1175.652283668518
17248,2.1630804538726807,,2.347058745628919e-05,0.9588529467582703,8.69788988138361,1175.8620343208313
17249,1.824642300605774,,2.346095389544877e-05,0.8716220855712891,6.200576679856979,1176.0621883869171
17250,2.1771140098571777,,2.3451323612905207e-05,0.938866138458252,8.820812710816321,1176.2593879699707
17251,2.0288071632385254,,2.3441696608898523e-05,0.9262993335723877,7.605009411400705,1176.45889544487
17252,1.7826499938964844,,2.3432072883668676e-05,0.8956472873687744,5.945591341424011,1176.6669762134552
17253,2.4742016792297363,,2.342245243745549e-05,1.0144963264465332,11.872225484718824,1176.8643732070923
17254,2.175910711288452,,2.341283527049872e-05,0.9369273781776428,8.810205022894177,1177.0644052028656
17255,2.1093249320983887,,2.3403221383038094e-05,0.9505208134651184,8.242675040698355,1177.2641141414642
17256,2.1070353984832764,,2.3393610775313166e-05,0.9142149090766907,8.223824746539673,1177.465870141983
17257,1.918028473854065,,2.338400344756348e-05,0.8729949593544006,6.807524018864889,1177.6668107509613
17258,1.9648782014846802,,2.3374399400028462e-05,0.9527695775032043,7.134043621318654,1177.8681030273438
17259,2.321608066558838,,2.3364798632947516e-05,0.9475603103637695,10.192050631220038,1178.0659806728363
17260,2.2730417251586914,,2.3355201146559853e-05,0.9578219652175903,9.708887713837875,1178.2717804908752
17261,2.081930160522461,,2.3345606941104743e-05,0.9409031271934509,8.019933744198864,1178.4748661518097
17262,1.8699002265930176,,2.3336016016821233e-05,0.893850564956665,6.487649072142997,1178.6791977882385
17263,1.861438512802124,,2.3326428373948374e-05,0.8956301808357239,6.432984048580963,1178.8820717334747
17264,2.21909761428833,,2.3316844012725105e-05,0.9248310327529907,9.19902604970354,1179.0871651172638
17265,2.2293331623077393,,2.330726293339035e-05,0.9826176762580872,9.293666645486665,1179.287662744522
17266,1.7746481895446777,,2.329768513618282e-05,0.8788707256317139,5.89820572082376,1179.486473083496
17267,2.088129997253418,,2.3288110621341244e-05,0.9344443678855896,8.069810478045966,1179.68705868721
17268,1.9362280368804932,,2.3278539389104253e-05,0.922696053981781,6.9325522599657,1179.889469385147
17269,2.517833948135376,,2.3268971439710383e-05,0.9984595775604248,12.401704813684765,1180.0861208438873
17270,2.0919134616851807,,2.3259406773398102e-05,0.9402163624763489,8.100400149938602,1180.2821145057678
17271,2.2659389972686768,,2.3249845390405792e-05,0.9733811616897583,9.640172448092011,1180.484233379364
17272,1.9465506076812744,,2.3240287290971707e-05,0.9189730286598206,7.00448464634365,1180.6837232112885
17273,1.5483081340789795,,2.3230732475334102e-05,0.8731383681297302,4.703505746030101,1180.8832325935364
17274,2.1573143005371094,,2.32211809437311e-05,0.9438446164131165,8.6478808331124,1181.0877754688263
17275,2.0759410858154297,,2.321163269640073e-05,0.9304726123809814,7.97204530871079,1181.2947933673859
17276,2.088836193084717,,2.320208773358095e-05,0.946677029132843,8.07551135729659,1181.492956161499
17277,1.9603657722473145,,2.3192546055509692e-05,0.8998286724090576,7.101924276936714,1181.692435503006
17278,2.226207971572876,,2.3183007662424712e-05,0.9674105644226074,9.264667502122803,1181.8949377536774
17279,1.9760786294937134,,2.317347255456377e-05,0.9113461971282959,7.214397120077246,1182.0988285541534
17280,2.280785322189331,,2.316394073216449e-05,0.9470783472061157,9.78436126917251,1182.3018465042114
17281,2.076911687850952,,2.3154412195464443e-05,0.9307907819747925,7.979786748435532,1182.5028595924377
17282,2.4972801208496094,,2.3144886944701082e-05,1.0310845375061035,12.149404070031066,1182.7022109031677
17283,2.1446778774261475,,2.3135364980111795e-05,0.9394513368606567,8.53929009611091,1182.9061636924744
17284,2.4585671424865723,,2.312584630193395e-05,1.0295977592468262,11.688052222546842,1183.1056911945343
17285,1.9926339387893677,,2.311633091040471e-05,0.9121795296669006,7.3348278289917666,1183.3055069446564
17286,2.493878126144409,,2.310681880576125e-05,0.9983574748039246,12.108142088031316,1183.5035605430603
17287,2.102583885192871,,2.309730998824063e-05,0.9456722140312195,8.187297642146138,1183.701599597931
17288,2.150087356567383,,2.3087804458079847e-05,0.9306586980819702,8.585608373696148,1183.9083724021912
17289,2.2016141414642334,,2.30783022155158e-05,0.9357016086578369,9.039592911390008,1184.11634683609
17290,2.108670234680176,,2.3068803260785337e-05,0.8905436396598816,8.237280348768174,1184.3146798610687
17291,1.9873981475830078,,2.3059307594125142e-05,0.9570308923721313,7.29652456339736,1184.5160365104675
17292,2.0662505626678467,,2.3049815215771894e-05,0.938747227191925,7.895165125337893,1184.7156677246094
17293,2.4213457107543945,,2.304032612596219e-05,0.9860035181045532,11.261003176047325,1184.9129016399384
17294,2.0215296745300293,,2.303084032493249e-05,0.9478289484977722,7.549864941289693,1185.1128668785095
17295,2.5282223224639893,,2.3021357812919222e-05,0.9620081186294556,12.531209874464736,1185.3139746189117
17296,2.1356112957000732,,2.3011878590158716e-05,0.946451723575592,8.462217843473399,1185.5145862102509
17297,2.2780537605285645,,2.3002402656887234e-05,0.9204927086830139,9.757671152499793,1185.7138521671295
17298,1.94241201877594,,2.2992930013340888e-05,0.8766754865646362,6.975555867351399,1185.9182302951813
17299,2.2808289527893066,,2.2983460659755794e-05,0.9382907152175903,9.784788176038095,1186.116413116455
17300,1.9293951988220215,,2.2973994596367977e-05,0.9461662769317627,6.885344717455412,1186.3181302547455
17301,1.9440555572509766,,2.2964531823413333e-05,0.898885190486908,6.987029888218718,1186.5193345546722
17302,2.068429708480835,,2.2955072341127696e-05,0.9456132054328918,7.912388600780097,1186.7202908992767
17303,2.182283639907837,,2.294561614974684e-05,0.9577496647834778,8.86653112109226,1186.927446603775
17304,2.100972890853882,,2.2936163249506414e-05,0.9136765599250793,8.174118570548195,1187.128722190857
17305,2.1144464015960693,,2.2926713640641993e-05,0.9933207035064697,8.284997934695102,1187.326809167862
17306,2.3374521732330322,,2.291726732338917e-05,0.9887019395828247,10.354820636235134,1187.5241630077362
17307,1.9881439208984375,,2.290782429798326e-05,0.916204035282135,7.301968146299252,1187.7210977077484
17308,2.1710195541381836,,2.289838456465967e-05,0.9881367683410645,8.767218139102528,1187.917964220047
17309,2.210695743560791,,2.288894812365366e-05,0.9240387678146362,9.122060800807263,1188.117526292801
17310,2.109656810760498,,2.2879514975200394e-05,0.9110298156738281,8.245411062651604,1188.3275120258331
17311,2.2414674758911133,,2.2870085119534986e-05,0.9977723360061646,9.407125893794928,1188.5365233421326
17312,2.0972352027893066,,2.286065855689245e-05,0.9112111926078796,8.143623291551174,1188.732658624649
17313,2.0428853034973145,,2.2851235287507744e-05,0.9113236665725708,7.71283098337695,1188.9296734333038
17314,2.1387827396392822,,2.284181531161566e-05,0.9513272643089294,8.489097894723074,1189.1309323310852
17315,2.020833730697632,,2.283239862945101e-05,0.9263246655464172,7.544612487266856,1189.3275940418243
17316,2.2125327587127686,,2.2822985241248516e-05,0.9452260732650757,9.138833565910609,1189.530645608902
17317,2.3901190757751465,,2.2813575147242698e-05,0.9780521392822266,10.914793553167303,1189.7283918857574
17318,2.3347954750061035,,2.280416834766813e-05,0.9595915675163269,10.327347512668894,1189.9247858524323
17319,2.250878095626831,,2.2794764842759262e-05,0.9528985023498535,9.496070634544333,1190.1212017536163
17320,2.268702983856201,,2.278536463275042e-05,0.9730898141860962,9.66685461302616,1190.3177363872528
17321,2.3493001461029053,,2.2775967717875927e-05,0.9659223556518555,10.478233925185835,1190.5240187644958
17322,1.9808599948883057,,2.276657409836997e-05,0.9658654928207397,7.248974386208029,1190.7218453884125
17323,2.109438896179199,,2.275718377446663e-05,0.9452780485153198,8.243614463111976,1190.9205334186554
17324,2.1874406337738037,,2.2747796746399943e-05,0.9675458669662476,8.912373871490068,1191.1228096485138
17325,2.338974714279175,,2.2738413014403898e-05,1.014771819114685,10.370598283689288,1191.3273899555206
17326,2.168519973754883,,2.272903257871232e-05,0.9528350234031677,8.745331138180637,1191.5269212722778
17327,2.2938034534454346,,2.2719655439559005e-05,0.9652228355407715,9.912568064260972,1191.7261378765106
17328,2.484346389770508,,2.271028159717767e-05,0.98080974817276,11.99327876278614,1191.9250905513763
17329,2.5496413707733154,,2.2700911051801907e-05,0.9988763332366943,12.802511604431269,1192.1224901676178
17330,2.1173095703125,,2.2691543803665296e-05,0.9464834928512573,8.308753273140027,1192.3214111328125
17331,2.168952226638794,,2.268217985300126e-05,0.9585233330726624,8.749112149903613,1192.5238938331604
17332,2.1545236110687256,,2.267281920004322e-05,0.9670475125312805,8.623780926466159,1192.7267825603485
17333,1.9435243606567383,,2.2663461845024386e-05,0.8857341408729553,6.983319387328223,1192.9255928993225
17334,2.077113389968872,,2.265410778817803e-05,0.9509974122047424,7.981396450657957,1193.1256577968597
17335,2.216876745223999,,2.2644757029737287e-05,0.9689520597457886,9.17861888653425,1193.3249206542969
17336,2.4941601753234863,,2.263540956993514e-05,1.0083345174789429,12.111557661224559,1193.5232362747192
17337,2.314803123474121,,2.262606540900462e-05,0.9441421627998352,10.122929755304257,1193.7186920642853
17338,2.2003519535064697,,2.2616724547178556e-05,0.9262638092041016,9.028190443616712,1193.9185042381287
17339,2.36914324760437,,2.260738698468978e-05,0.9426645636558533,10.68823119259857,1194.1228942871094
17340,1.7445884943008423,,2.259805272177098e-05,0.8452077507972717,5.72354571906818,1194.3218059539795
17341,2.13570499420166,,2.2588721758654824e-05,0.9277666211128235,8.463010777753231,1194.527043581009
17342,2.028735876083374,,2.257939409557387e-05,0.9415521621704102,7.604467291238199,1194.724126815796
17343,2.3830950260162354,,2.257006973276055e-05,0.9652971029281616,10.838396123917024,1194.9215512275696
17344,2.167167901992798,,2.2560748670447246e-05,0.9993977546691895,8.73351481295857,1195.120726108551
17345,2.2587854862213135,,2.255143090886633e-05,0.9509552121162415,9.57145743780628,1195.321545124054
17346,2.3447470664978027,,2.254211644824995e-05,0.9861336350440979,10.430634137046592,1195.5216844081879
17347,2.4497082233428955,,2.2532805288830275e-05,1.0133426189422607,11.584966003387253,1195.7297496795654
17348,2.0999252796173096,,2.2523497430839392e-05,0.9559787511825562,8.165559756022517,1195.926466703415
17349,2.2051827907562256,,2.2514192874509216e-05,0.9322723150253296,9.0719096775386,1196.124153137207
17350,2.0515623092651367,,2.2504891620071673e-05,0.9176063537597656,7.780046455100921,1196.3212683200836
17351,2.001915216445923,,2.2495593667758603e-05,0.9016501903533936,7.4032213010753285,1196.5207149982452
17352,2.0514864921569824,,2.2486299017801687e-05,0.9333112239837646,7.779456616837588,1196.7200803756714
17353,2.4902985095977783,,2.2477007670432603e-05,1.018455147743225,12.064877064559575,1196.9219198226929
17354,1.9871618747711182,,2.2467719625882928e-05,0.8973199129104614,7.294800796669368,1197.1267681121826
17355,2.3800840377807617,,2.2458434884384086e-05,0.9898373484611511,10.805810922144353,1197.3274445533752
17356,2.2926273345947266,,2.244915344616753e-05,0.9818812608718872,9.900916559222111,1197.5279505252838
17357,2.2677600383758545,,2.2439875311464565e-05,0.964744508266449,9.65774359243257,1197.728101015091
17358,2.285735607147217,,2.243060048050643e-05,0.9685258269309998,9.83291672810926,1197.931717634201
17359,2.0670688152313232,,2.242132895352425e-05,0.879987895488739,7.901628008215418,1198.1304366588593
17360,2.0591881275177,,2.2412060730749126e-05,0.9331613183021545,7.8396024684170795,1198.3421881198883
17361,1.9947115182876587,,2.2402795812412022e-05,0.8945674896240234,7.350082357673824,1198.5506360530853
17362,2.2338175773620605,,2.239353419874387e-05,0.9468294978141785,9.335436891662043,1198.8024582862854
17363,1.7509982585906982,,2.2384275889975485e-05,0.9165211319923401,5.76035012580639,1199.0141022205353
17364,2.1247215270996094,,2.2375020886337634e-05,0.9536483287811279,8.370566187696134,1199.2268662452698
17365,2.127833127975464,,2.2365769188060908e-05,0.9283653497695923,8.396652613001557,1199.4367589950562
17366,2.170687675476074,,2.2356520795375945e-05,0.9363025426864624,8.764308969248503,1199.6579666137695
17367,2.0550119876861572,,2.2347275708513225e-05,0.9414424896240234,7.806931459119138,1199.8658072948456
17368,1.8331530094146729,,2.233803392770313e-05,0.8909834623336792,6.25357318143568,1200.1038837432861
17369,2.0804343223571777,,2.232879545317601e-05,0.9198752641677856,8.007946189177616,1200.3251235485077
17370,2.0687172412872314,,2.231956028516212e-05,0.9378171563148499,7.914663999189948,1200.5459117889404
17371,2.2753894329071045,,2.2310328423891613e-05,0.9831162095069885,9.731708122095107,1200.7443475723267
17372,1.8908988237380981,,2.2301099869594567e-05,0.8653913736343384,6.625321001387501,1200.9513862133026
17373,2.0335474014282227,,2.229187462250101e-05,0.9244245886802673,7.641144544351652,1201.1516530513763
17374,2.139252185821533,,2.2282652682840853e-05,0.9569333791732788,8.4930840048794,1201.3528454303741
17375,2.1382558345794678,,2.2273434050843883e-05,0.97060227394104,8.484626124291776,1201.55300283432
17376,2.0275521278381348,,2.226421872673991e-05,0.9126930236816406,7.595470842242103,1201.7563605308533
17377,2.2427878379821777,,2.2255006710758596e-05,0.9781045317649841,9.419554909806068,1201.9569005966187
17378,2.228161096572876,,2.224579800312948e-05,0.9581303596496582,9.282780238298924,1202.1589448451996
17379,2.1595945358276367,,2.2236592604082114e-05,0.9434801340103149,8.66762253548569,1202.363136768341
17380,1.6774746179580688,,2.22273905138459e-05,0.8596358895301819,5.352022987596588,1202.5646617412567
17381,1.9859215021133423,,2.221819173265018e-05,0.9037351012229919,7.285758134512068,1202.7707958221436
17382,2.3995351791381836,,2.2208996260724235e-05,0.9832929372787476,11.018053768937023,1202.9767580032349
17383,2.348879337310791,,2.2199804098297226e-05,0.9960481524467468,10.473825519837204,1203.1784851551056
17384,2.246537446975708,,2.219061524559823e-05,0.9714218974113464,9.454940857886262,1203.3763120174408
17385,1.952386736869812,,2.2181429702856274e-05,0.9030170440673828,7.045483243825567,1203.572303056717
17386,2.4103944301605225,,2.2172247470300295e-05,0.958905816078186,11.138353581344731,1203.769172668457
17387,2.4044787883758545,,2.216306854815911e-05,1.0526880025863647,11.07265758007647,1203.9669151306152
17388,2.382094144821167,,2.215389293666148e-05,1.0193595886230469,10.827553603994179,1204.167175769806
17389,1.9040967226028442,,2.2144720636036125e-05,0.9125587344169617,6.713340878993583,1204.3714830875397
17390,2.242112159729004,,2.2135551646511603e-05,1.002497673034668,9.413192471121723,1204.5717363357544
17391,2.2799315452575684,,2.2126385968316435e-05,0.9465057849884033,9.776011172296126,1204.7766511440277
17392,2.167598247528076,,2.211722360167909e-05,0.9545803666114807,8.737274050893227,1204.976223230362
17393,2.180605173110962,,2.2108064546827897e-05,0.9371427893638611,8.851661425638069,1205.176187992096
17394,2.3221044540405273,,2.20989088039911e-05,0.961152970790863,10.197111093437261,1205.376147031784
17395,2.4038188457489014,,2.2089756373396897e-05,0.9677006602287292,11.06535267202095,1205.577169418335
17396,2.2179672718048096,,2.2080607255273422e-05,0.9843217134475708,9.188633874217757,1205.778963804245
17397,2.414466142654419,,2.2071461449848648e-05,0.9832363128662109,11.183798210731027,1205.9788672924042
17398,1.9756662845611572,,2.2062318957350542e-05,0.9429882764816284,7.211422913225038,1206.179503440857
17399,2.449683666229248,,2.2053179778006962e-05,1.0339125394821167,11.584681513553646,1206.386573791504
17400,2.036872625350952,2.2426279067993162,2.2044043912045625e-05,0.9064900279045105,7.66659535235434,1206.5866391658783
17401,2.4203567504882812,,2.2034911359694294e-05,0.997377872467041,11.24987199640406,1210.9824528694153
17402,1.9867881536483765,,2.2025782121180564e-05,0.9184552431106567,7.2920750848852185,1211.1797716617584
17403,1.9634621143341064,,2.2016656196731908e-05,0.8944619297981262,7.123948343398552,1211.4001851081848
17404,2.407597541809082,,2.2007533586575818e-05,0.958387017250061,11.107244374727179,1211.6643650531769
17405,2.3039748668670654,,2.1998414290939623e-05,0.9862663149833679,10.01390740056269,1211.9186205863953
17406,2.3024351596832275,,2.1989298310050645e-05,0.9923120141029358,9.99850077928619,1212.1834416389465
17407,2.207521438598633,,2.1980185644136012e-05,0.9586688876152039,9.093150507261798,1212.3798558712006
17408,1.7314738035202026,,2.197107629342289e-05,0.8653020858764648,5.6489732530486325,1212.5802068710327
17409,2.2280611991882324,,2.1961970258138294e-05,0.9653366804122925,9.28185295914805,1212.782107591629
17410,2.3002262115478516,,2.1952867538509163e-05,1.0293505191802979,9.97643898528338,1212.9802248477936
17411,2.00312876701355,,2.1943768134762333e-05,0.8911298513412476,7.412210938073801,1213.1820933818817
17412,2.2367961406707764,,2.193467204712463e-05,0.9825766086578369,9.363284533852697,1213.3826053142548
17413,2.239457130432129,,2.1925579275822735e-05,0.9747171998023987,9.388233317637432,1213.5848398208618
17414,2.313607692718506,,2.191648982108326e-05,0.9562453031539917,10.110835723966597,1213.783839225769
17415,2.1439578533172607,,2.190740368313277e-05,0.9415699243545532,8.533143814369986,1213.982040643692
17416,1.946510672569275,,2.1898320862197664e-05,0.9176314473152161,7.004204927050147,1214.1799142360687
17417,2.3279757499694824,,2.1889241358504336e-05,0.9665106534957886,10.257157452766144,1214.3785798549652
17418,2.2694106101989746,,2.1880165172279087e-05,0.9290562868118286,9.673697554839501,1214.5779793262482
17419,2.5488882064819336,,2.1871092303748074e-05,1.011193037033081,12.792872840093004,1214.777779340744
17420,2.3315534591674805,,2.186202275313745e-05,0.9980438351631165,10.293920303511138,1214.9768328666687
17421,2.0238025188446045,,2.1852956520673235e-05,0.933457612991333,7.567044124306156,1215.1824989318848
17422,2.3600451946258545,,2.1843893606581412e-05,0.9442723393440247,10.591430117338575,1215.3841519355774
17423,2.28507661819458,,2.1834834011087813e-05,0.9898232817649841,9.826439079197195,1215.5850903987885
17424,2.1420516967773438,,2.1825777734418257e-05,0.9598942995071411,8.516893798939044,1215.7841715812683
17425,2.062685966491699,,2.1816724776798476e-05,0.9438093900680542,7.867072149725367,1215.9815356731415
17426,2.119203805923462,,2.1807675138454023e-05,0.9269704818725586,8.324506925326682,1216.1798243522644
17427,2.247384786605835,,2.1798628819610467e-05,0.9413495659828186,9.462955799184803,1216.3761868476868
17428,1.8851674795150757,,2.1789585820493312e-05,0.9236010313034058,6.587457613839896,1216.5776360034943
17429,2.454085111618042,,2.1780546141327852e-05,1.0312349796295166,11.635783234801536,1216.7776477336884
17430,2.0242185592651367,,2.1771509782339428e-05,0.9424133896827698,7.570192975505087,1216.9800493717194
17431,1.9874907732009888,,2.1762476743753246e-05,0.9229238033294678,7.297200439795408,1217.1840422153473
17432,2.1636788845062256,,2.175344702579443e-05,0.956056535243988,8.703096522887334,1217.3853278160095
17433,1.7689484357833862,,2.1744420628688022e-05,0.8858464360237122,5.864683026886855,1217.587946653366
17434,2.331632614135742,,2.173539755265901e-05,0.9702239632606506,10.294735150695228,1217.7903490066528
17435,2.398902416229248,,2.1726377797932243e-05,0.9652031660079956,11.011084158471425,1217.995761871338
17436,1.7501903772354126,,2.1717361364732492e-05,0.8502259850502014,5.755698325644151,1218.195692539215
17437,2.364027738571167,,2.1708348253284523e-05,0.9658456444740295,10.633695058354593,1218.3999342918396
17438,2.16648530960083,,2.1699338463812956e-05,0.9531077146530151,8.727555416342891,1218.6014251708984
17439,2.2304024696350098,,2.1690331996542302e-05,0.965352475643158,9.30360974649585,1218.8035604953766
17440,1.674170970916748,,2.1681328851697045e-05,0.9150112867355347,5.334370966766362,1219.0123987197876
17441,2.084465503692627,,2.1672329029501577e-05,0.9142805933952332,8.04029282616649,1219.216675043106
17442,2.271655797958374,,2.1663332530180196e-05,0.9722732901573181,9.695441222351919,1219.4158239364624
17443,1.6281096935272217,,2.1654339353957105e-05,0.8327652215957642,5.094235944109024,1219.614733695984
17444,1.97736656665802,,2.1645349501056473e-05,0.9121297001838684,7.223694796372446,1219.8128545284271
17445,1.9633569717407227,,2.1636362971702303e-05,0.8764949440956116,7.123199352370714,1220.0122163295746
17446,1.8287200927734375,,2.1627379766118585e-05,0.9288827180862427,6.2259129658228725,1220.2129321098328
17447,2.056882619857788,,2.1618399884529233e-05,0.9456042051315308,7.821549024049338,1220.4157259464264
17448,2.139028549194336,,2.1609423327157975e-05,0.9446462988853455,8.491184852585967,1220.6199984550476
17449,2.2953426837921143,,2.1600450094228598e-05,0.9885709285736084,9.927837538443288,1220.8184747695923
17450,2.3020150661468506,,2.1591480185964722e-05,0.9684982895851135,9.994301355872427,1221.0199704170227
17451,1.7541979551315308,,2.158251360258985e-05,0.894119918346405,5.7788110170525435,1221.2210602760315
17452,2.3042829036712646,,2.1573550344327515e-05,0.9908110499382019,10.01699252773787,1221.4228937625885
17453,2.2183732986450195,,2.1564590411401103e-05,0.934363067150116,9.192365463707032,1221.6216945648193
17454,2.221893787384033,,2.15556338040339e-05,0.9371335506439209,9.224784114071054,1221.82342171669
17455,2.1647908687591553,,2.1546680522449122e-05,0.9688688516616821,8.712779611895993,1222.0232546329498
17456,1.9347732067108154,,2.1537730566869913e-05,0.9109970331192017,6.922473906708819,1222.225063085556
17457,2.4287166595458984,,2.152878393751936e-05,0.9721755981445312,11.344314116942392,1222.4222483634949
17458,1.824639081954956,,2.151984063462038e-05,0.8571590185165405,6.200556722397894,1222.6199617385864
17459,2.219005823135376,,2.151090065839589e-05,0.965158224105835,9.198181699248927,1222.8219316005707
17460,2.040409803390503,,2.1501964009068735e-05,0.922961413860321,7.693761482467867,1223.024358034134
17461,2.216613292694092,,2.1493030686861566e-05,0.9373968839645386,9.17620107467085,1223.2275111675262
17462,1.8258485794067383,,2.1484100691997044e-05,0.8900899291038513,6.2080608171301925,1223.4291157722473
17463,2.294748306274414,,2.14751740246978e-05,0.9583643674850464,9.921938408339884,1223.6367752552032
17464,2.544856548309326,,2.1466250685186226e-05,1.0402864217758179,12.74140017956321,1223.839295387268
17465,2.271343946456909,,2.1457330673684738e-05,0.9385402798652649,9.692418155847777,1224.0379486083984
17466,2.3839216232299805,,2.1448413990415667e-05,0.9788278937339783,10.84735881571223,1224.2392616271973
17467,2.2844772338867188,,2.143950063560125e-05,0.961564838886261,9.820551030589218,1224.4374375343323
17468,2.0280025005340576,,2.1430590609463574e-05,0.9000282287597656,7.5988924053535944,1224.6363112926483
17469,2.1245148181915283,,2.142168391222474e-05,0.9343791604042053,8.368836095918306,1224.8346328735352
17470,2.224325180053711,,2.141278054410675e-05,0.9608030915260315,9.247240475598888,1225.0330278873444
17471,2.0777409076690674,,2.140388050533144e-05,0.9320433735847473,7.9864064899827945,1225.2423973083496
17472,1.9808459281921387,,2.1394983796120658e-05,0.9059821963310242,7.248872417804996,1225.4454202651978
17473,2.3975882530212402,,2.1386090416696115e-05,1.0075427293777466,10.996623300834804,1225.6476883888245
17474,2.218503475189209,,2.137720036727948e-05,0.9494271874427795,9.193562171966008,1225.8490815162659
17475,2.123917579650879,,2.1368313648092293e-05,0.9250558018684387,8.363839396720639,1226.048691034317
17476,1.9403822422027588,,2.1359430259356074e-05,0.8844122886657715,6.961411407369944,1226.2535626888275
17477,2.215641975402832,,2.135055020129218e-05,0.9270661473274231,9.167292399174634,1226.455727815628
17478,2.073112964630127,,2.134167347412192e-05,0.9096729755401611,7.949531249732737,1226.6519722938538
17479,2.281630516052246,,2.133280007806658e-05,0.9404950141906738,9.792634446996823,1226.8507688045502
17480,2.209941864013672,,2.1323930013347253e-05,0.9597886800765991,9.115186457281027,1227.0489611625671
17481,2.533457040786743,,2.1315063280185015e-05,1.0176959037780762,12.596979220214763,1227.2501339912415
17482,1.9280176162719727,,2.1306199878800864e-05,0.9042914509773254,6.875866116997858,1227.452288866043
17483,2.322979211807251,,2.1297339809415676e-05,0.9662859439849854,10.206034998122806,1227.654875278473
17484,1.9293949604034424,,2.1288483072250282e-05,0.9038207530975342,6.885343075861504,1227.8536534309387
17485,2.4359982013702393,,2.1279629667525434e-05,0.9724662899971008,11.427219688536878,1228.0571229457855
17486,1.9391361474990845,,2.127077959546177e-05,0.9064832329750061,6.95274223191369,1228.259029865265
17487,2.3413355350494385,,2.1261932856279838e-05,0.9967874884605408,10.395110330407219,1228.4607510566711
17488,2.2220475673675537,,2.1253089450200134e-05,0.9630372524261475,9.226202810300842,1228.6619908809662
17489,2.249060869216919,,2.124424937744308e-05,0.9970378279685974,9.478829794196605,1228.8586111068726
17490,2.128793954849243,,2.123541263822894e-05,0.9245057702064514,8.404724219569204,1229.0605201721191
17491,2.3695735931396484,,2.1226579232777983e-05,0.9753803610801697,10.692831815029987,1229.2626416683197
17492,2.020665407180786,,2.121774916131037e-05,0.9040653109550476,7.543342658433787,1229.4639189243317
17493,2.519360303878784,,2.1208922424046157e-05,1.022979974746704,12.42064868091757,1229.6652257442474
17494,2.151946544647217,,2.1200099021205322e-05,0.9541426301002502,8.601585482065182,1229.8650209903717
17495,1.7889108657836914,,2.1191278953007802e-05,0.9085142612457275,5.9829326998599095,1230.0670268535614
17496,2.1036739349365234,,2.118246221967337e-05,0.9465639591217041,8.196227069718114,1230.2685656547546
17497,2.3035783767700195,,2.117364882142178e-05,0.9693418741226196,10.009937772456754,1230.470943927765
17498,2.265507221221924,,2.116483875847268e-05,1.0007245540618896,9.636010951024387,1230.6715064048767
17499,2.1334152221679688,,2.1156032031045675e-05,0.971565842628479,8.443654581449126,1230.8767049312592
17500,1.727516531944275,,2.114722863936021e-05,0.8775219917297363,5.6266629049293915,1231.0763325691223
17501,2.217768669128418,,2.1138428583635683e-05,0.9275121092796326,9.186809168139709,1231.276825428009
17502,2.0682079792022705,,2.1129631864091445e-05,0.9195960164070129,7.910634387051384,1231.4751706123352
17503,2.3277087211608887,,2.112083848094673e-05,0.9804362058639526,10.254418861889576,1231.6752138137817
17504,2.373805284500122,,2.1112048434420656e-05,0.9896160364151001,10.738176453632038,1231.869728565216
17505,2.1156203746795654,,2.110326172473238e-05,0.9180697798728943,8.294730010747182,1232.0685036182404
17506,1.7433562278747559,,2.1094478352100784e-05,0.8690343499183655,5.716497129602406,1232.2677240371704
17507,1.850918173789978,,2.108569831674482e-05,0.8700892925262451,6.365661623818155,1232.4665219783783
17508,2.411970853805542,,2.1076921618883344e-05,0.9997127056121826,11.155926192597734,1232.6700739860535
17509,2.1263866424560547,,2.1068148258735037e-05,0.9358357787132263,8.384515756595045,1232.871019601822
17510,2.1155591011047363,,2.105937823651857e-05,0.9598528146743774,8.294221778557942,1233.072102546692
17511,2.255760908126831,,2.105061155245255e-05,0.9440945386886597,9.542551553396107,1233.2718980312347
17512,1.9978313446044922,,2.1041848206755406e-05,0.9167569279670715,7.373049145610316,1233.4684579372406
17513,2.5630695819854736,,2.1033088199645565e-05,0.9992413520812988,12.975585872539272,1233.6723597049713
17514,2.38952898979187,,2.1024331531341375e-05,0.9854217767715454,10.908354786381071,1233.8763961791992
17515,1.8803420066833496,,2.1015578202061077e-05,0.9105908870697021,6.555746587974131,1234.0812814235687
17516,2.037623167037964,,2.1006828212022792e-05,0.9107629060745239,7.672351611649799,1234.2831768989563
17517,1.9683449268341064,,2.0998081561444608e-05,0.903082549571991,7.158818309892817,1234.4929213523865
17518,2.173452854156494,,2.0989338250544536e-05,0.9325610995292664,8.788577387351598,1234.6909787654877
17519,1.9704927206039429,,2.098059827954044e-05,0.9160709977149963,7.174210498965056,1234.8941411972046
17520,2.2961623668670654,,2.0971861648650175e-05,0.9673774838447571,9.935978554915307,1235.0920069217682
17521,2.3073949813842773,,2.0963128358091492e-05,0.9499476552009583,10.048214744718667,1235.2945501804352
17522,1.946439266204834,,2.0954398408081993e-05,0.907163679599762,7.003704800096844,1235.4974489212036
17523,2.008695602416992,,2.0945671798839292e-05,0.9341151118278503,7.453588560692435,1235.6992321014404
17524,2.3336551189422607,,2.0936948530580866e-05,0.9634062051773071,10.31557737166075,1235.8981697559357
17525,1.8660781383514404,,2.092822860352413e-05,0.940769374370575,6.462900031545972,1236.0976388454437
17526,2.2978909015655518,,2.0919512017886403e-05,0.9543258547782898,9.953168090685455,1236.2969722747803
17527,1.9594295024871826,,2.0910798773884955e-05,0.9115545153617859,7.0952780718034205,1236.4949927330017
17528,2.1966185569763184,,2.0902088871736875e-05,0.9341678619384766,8.994547469100135,1236.6987733840942
17529,2.2190866470336914,,2.089338231165929e-05,0.9749265909194946,9.198925162195657,1236.8980507850647
17530,2.257340431213379,,2.0884679093869166e-05,0.9722381830215454,9.5576361439726,1237.0983135700226
17531,2.024171829223633,,2.0875979218583463e-05,0.9174068570137024,7.569839228338523,1237.2969827651978
17532,2.080793619155884,,2.0867282686018926e-05,0.921997606754303,8.01082393555917,1237.495195865631
17533,1.8465579748153687,,2.0858589496392316e-05,0.8825335502624512,6.337966494547165,1237.6941788196564
17534,2.283834218978882,,2.084989964992032e-05,0.9729457497596741,9.814238299680927,1237.8941271305084
17535,2.097548723220825,,2.0841213146819502e-05,0.9573618173599243,8.14617688412047,1238.093231678009
17536,2.2446014881134033,,2.083252998730634e-05,1.036565899848938,9.436654188171458,1238.2931339740753
17537,2.443108320236206,,2.082385017159727e-05,0.9685434103012085,11.508758109255556,1238.4950892925262
17538,2.0880627632141113,,2.0815173699908572e-05,0.9474421739578247,8.06926793033013,1238.6967420578003
17539,2.31113862991333,,2.0806500572456516e-05,0.9997022747993469,10.085902229400103,1238.8993027210236
17540,2.387364387512207,,2.0797830789457263e-05,0.9902104139328003,10.884768073878558,1239.0984933376312
17541,2.230820417404175,,2.078916435112685e-05,0.974537193775177,9.307498982126642,1239.3010330200195
17542,1.6408706903457642,,2.078050125768131e-05,0.8631761074066162,5.159660023198344,1239.5017552375793
17543,1.8928642272949219,,2.0771841509336522e-05,0.9159233570098877,6.638355235417958,1239.7033126354218
17544,1.8699265718460083,,2.0763185106308307e-05,0.9093456268310547,6.487819993150586,1239.903162240982
17545,2.170074939727783,,2.075453204881243e-05,0.9692321419715881,8.75894040875641,1240.1046640872955
17546,2.2213034629821777,,2.0745882337064535e-05,0.9718095064163208,9.21934010593019,1240.3010454177856
17547,1.9347139596939087,,2.0737235971280223e-05,0.9186782836914062,6.922063782929657,1240.49818110466
17548,2.3297691345214844,,2.0728592951674925e-05,1.0025135278701782,10.27556898503352,1240.7057406902313
17549,1.9748826026916504,,2.071995327846409e-05,0.9157348871231079,7.205773665730144,1240.9031307697296
17550,1.8846406936645508,,2.0711316951863046e-05,0.9266031384468079,6.583988348238235,1241.1045851707458
17551,2.094697952270508,,2.0702683972086992e-05,0.8990650177001953,8.122987069832627,1241.3058078289032
17552,1.8958410024642944,,2.0694054339351116e-05,0.918040931224823,6.658145567518997,1241.5085008144379
17553,2.2452502250671387,,2.0685428053870476e-05,0.9721618294715881,9.442778080645846,1241.7115581035614
17554,2.3001675605773926,,2.0676805115860076e-05,0.9640078544616699,9.97585387461399,1241.9118301868439
17555,2.471496105194092,,2.0668185525534828e-05,1.0349044799804688,11.840147713662086,1242.1102130413055
17556,1.9559905529022217,,2.0659569283109548e-05,0.9337733387947083,7.070919675876945,1242.3117971420288
17557,2.2539730072021484,,2.065095638879897e-05,0.9505009651184082,9.525505659375526,1242.5180110931396
17558,2.237976551055908,,2.0642346842817735e-05,0.9472098350524902,9.374343577976557,1242.7175498008728
17559,2.2477028369903564,,2.063374064538046e-05,0.9408596158027649,9.46596597458379,1242.915974855423
17560,2.1758880615234375,,2.0625137796701573e-05,0.9998844861984253,8.81000547608053,1243.1193425655365
17561,2.161710500717163,,2.061653829699552e-05,0.9536990523338318,8.68598233794493,1243.3210294246674
17562,1.7932424545288086,,2.0607942146476606e-05,0.8816139698028564,6.008904512803387,1243.5242211818695
17563,2.008115530014038,,2.0599349345359123e-05,0.898895263671875,7.449266193429585,1243.7255430221558
17564,2.0951387882232666,,2.0590759893857112e-05,0.9371210932731628,8.126568763988578,1243.92671585083
17565,2.262481451034546,,2.058217379218474e-05,0.9695289731025696,9.606898662122392,1244.129642009735
17566,1.9560257196426392,,2.0573591040556003e-05,0.9127635955810547,7.071168341446052,1244.339087486267
17567,2.208354949951172,,2.0565011639184744e-05,0.9716558456420898,9.100732911010766,1244.539566040039
17568,2.6223220825195312,,2.0556435588284803e-05,1.0158820152282715,13.767656129360855,1244.742567539215
17569,2.512345790863037,,2.0547862888069955e-05,1.017256259918213,12.333828734888012,1244.948076725006
17570,2.123176336288452,,2.0539293538753804e-05,0.9164099097251892,8.35764205343696,1245.1451575756073
17571,1.9733632802963257,,2.053072754054993e-05,0.9474050402641296,7.1948340849035874,1245.3451478481293
17572,2.4542081356048584,,2.0522164893671872e-05,1.0075678825378418,11.63721480330164,1245.5443394184113
17573,2.453444480895996,,2.0513605598332964e-05,1.0087006092071533,11.628331381784104,1245.7478132247925
17574,2.300891876220703,,2.0505049654746556e-05,0.925889253616333,9.983082159094499,1245.955029964447
17575,2.085157632827759,,2.0496497063125857e-05,0.9366986155509949,8.045859673352806,1246.1552369594574
17576,2.3036417961120605,,2.0487947823684097e-05,1.0148866176605225,10.01057261625463,1246.3540642261505
17577,2.1834983825683594,,2.0479401936634276e-05,0.9460129737854004,8.877308219071013,1246.5535809993744
17578,2.0560879707336426,,2.047085940218939e-05,0.9253839254379272,7.815336105839861,1246.7539818286896
17579,2.200639486312866,,2.0462320220562382e-05,0.9199143648147583,9.03078671779076,1246.9559788703918
17580,2.291349172592163,,2.0453784391966014e-05,0.9618003368377686,9.888269667995235,1247.1599400043488
17581,2.001420736312866,,2.0445251916613036e-05,0.9318017363548279,7.39956146015521,1247.3656725883484
17582,2.214237928390503,,2.0436722794716154e-05,0.9711371064186096,9.154430121404765,1247.5674049854279
17583,2.224494457244873,,2.0428197026487846e-05,0.9754359126091003,9.248805954988836,1247.7652003765106
17584,2.279812812805176,,2.0419674612140664e-05,0.9835507869720459,9.774850511420443,1247.9711973667145
17585,1.882266640663147,,2.041115555188697e-05,0.8944811224937439,6.568376150364197,1248.1766502857208
17586,2.4683690071105957,,2.0402639845939103e-05,0.9936771392822266,11.803180241019419,1248.373479127884
17587,2.256533145904541,,2.0394127494509296e-05,0.9674739837646484,9.549923518289921,1248.5764603614807
17588,2.262768268585205,,2.0385618497809712e-05,0.9512138366699219,9.609654484456307,1248.7765419483185
17589,2.1044769287109375,,2.0377112856052386e-05,0.9576430916786194,8.202811232195733,1248.9766445159912
17590,2.3185293674468994,,2.0368610569449308e-05,0.9421272873878479,10.16072062656811,1249.1788129806519
17591,2.0931766033172607,,2.0360111638212382e-05,0.9476609230041504,8.110638567528945,1249.3876671791077
17592,1.8977558612823486,,2.0351616062553458e-05,0.9094914793968201,6.67090719072481,1249.588324546814
17593,2.2004048824310303,,2.0343123842684214e-05,0.9529292583465576,9.02866830867395,1249.7849895954132
17594,2.041064500808716,,2.033463497881631e-05,0.946365475654602,7.698800217490211,1249.9835908412933
17595,1.8637834787368774,,2.0326149471161327e-05,0.896023690700531,6.448086877923159,1250.183620929718
17596,1.8035403490066528,,2.0317667319930748e-05,0.8852075934410095,6.07110328594167,1250.3863406181335
17597,1.6862848997116089,,2.0309188525335952e-05,0.9010335206985474,5.399384144284481,1250.587039232254
17598,2.110344171524048,,2.0300713087588278e-05,0.9218631386756897,8.251080582975097,1250.7872817516327
17599,2.155557870864868,,2.0292241006898942e-05,0.9533798098564148,8.632704770360146,1250.9897301197052
17600,2.3065598011016846,2.2422612614101833,2.0283772283479065e-05,0.9565767645835876,10.039826177359252,1251.1906142234802
17601,2.134507179260254,,2.0275306917539782e-05,0.94992995262146,8.45287972576838,1255.610363483429
17602,2.076401472091675,,2.026684490929199e-05,0.9178434610366821,7.975716373953711,1255.8087451457977
17603,1.859022617340088,,2.025838625894661e-05,0.8975751996040344,6.417461389721093,1256.034901857376
17604,2.16770601272583,,2.0249930966714467e-05,0.9851226806640625,8.738215675695432,1256.308997631073
17605,2.56046724319458,,2.0241479032806296e-05,1.021160364151001,12.941862900419302,1256.5666851997375
17606,2.130650758743286,,2.023303045743272e-05,0.9548190236091614,8.420344641770937,1256.830298423767
17607,1.9969524145126343,,2.022458524080431e-05,0.9375050067901611,7.366571597920287,1257.0293624401093
17608,1.9876046180725098,,2.0216143383131575e-05,0.9259692430496216,7.298031235931982,1257.2314763069153
17609,2.4129674434661865,,2.0207704884624833e-05,0.9902604818344116,11.167049615119488,1257.4340298175812
17610,2.4506473541259766,,2.0199269745494456e-05,0.9887944459915161,11.595850911958326,1257.634737253189
17611,2.356736898422241,,2.019083796595066e-05,0.9730782508850098,10.556448426094416,1257.8344626426697
17612,2.153337240219116,,2.0182409546203555e-05,0.9513154625892639,8.61355599064376,1258.0338051319122
17613,2.7054059505462646,,2.0173984486463222e-05,1.0282104015350342,14.960388635926975,1258.232708454132
17614,2.240311622619629,,2.016556278693963e-05,0.9563553333282471,9.39625891807989,1258.4314563274384
17615,1.9124547243118286,,2.0157144447842688e-05,0.8822985291481018,6.769686132390274,1258.6323356628418
17616,2.2571470737457275,,2.0148729469382185e-05,0.9565473198890686,9.55578828230575,1258.8320820331573
17617,2.184173107147217,,2.0140317851767866e-05,0.9240671396255493,8.883299978286805,1259.0335114002228
17618,1.915751576423645,,2.0131909595209328e-05,0.8733657002449036,6.792041617527459,1259.2343227863312
17619,2.1484925746917725,,2.0123504699916154e-05,0.9865614771842957,8.571927113283422,1259.4358112812042
17620,1.9470793008804321,,2.0115103166097836e-05,0.9187973737716675,7.00818884884683,1259.6356444358826
17621,2.011575698852539,,2.0106704993963727e-05,0.9263447523117065,7.475086557830172,1259.8351652622223
17622,2.0717437267303467,,2.0098310183723135e-05,0.93392413854599,7.938653898800104,1260.034235715866
17623,2.1269772052764893,,2.0089918735585273e-05,0.9291337132453918,8.389468802266595,1260.233370065689
17624,2.1189630031585693,,2.0081530649759343e-05,0.9122248888015747,8.322502602375636,1260.4352357387543
17625,2.1952273845672607,,2.0073145926454323e-05,0.9417330622673035,8.9820432026411,1260.6461369991302
17626,2.3128976821899414,,2.0064764565879178e-05,0.9997251033782959,10.103659472058672,1260.8442707061768
17627,1.9459798336029053,,2.005638656824287e-05,0.9193428158760071,7.000487808829315,1261.041261434555
17628,2.358795404434204,,2.0048011933754134e-05,0.9853585958480835,10.578201320194756,1261.2462401390076
17629,2.4665722846984863,,2.0039640662621718e-05,1.0351170301437378,11.781992242721863,1261.4447593688965
17630,2.2258880138397217,,2.0031272755054266e-05,0.9407979846000671,9.261703674285497,1261.6482021808624
17631,2.1024086475372314,,2.0022908211260266e-05,0.9262303709983826,8.185863045002696,1261.8485321998596
17632,2.0530548095703125,,2.001454703144824e-05,0.9252017140388489,7.791666846371109,1262.0490999221802
17633,1.93861722946167,,2.00061892158266e-05,0.9165629744529724,6.94913526450122,1262.2520699501038
17634,2.2040622234344482,,1.9997834764603556e-05,0.9484835863113403,9.061749685548476,1262.4532766342163
17635,1.9586273431777954,,1.9989483677987373e-05,0.9054890871047974,7.089588810597419,1262.65531873703
17636,2.222374200820923,,1.998113595618618e-05,0.9867229461669922,9.229216889008926,1262.8591756820679
17637,1.9269013404846191,,1.9972791599408024e-05,0.9106928110122681,6.868195036451667,1263.0644614696503
17638,2.2437331676483154,,1.9964450607860867e-05,0.9940803050994873,9.428463704714735,1263.263932466507
17639,2.3927154541015625,,1.995611298175258e-05,0.994150698184967,10.943169307742636,1263.4654760360718
17640,2.1114397048950195,,1.9947778721290993e-05,0.9472109079360962,8.26012487035507,1263.6635630130768
17641,2.181489944458008,,1.9939447826683756e-05,0.9347283244132996,8.85949658769354,1263.8620603084564
17642,2.204596519470215,,1.993112029813855e-05,0.9849628210067749,9.066592636152016,1264.0601162910461
17643,2.3430473804473877,,1.992279613586292e-05,0.9807508587837219,10.412920391874142,1264.2582421302795
17644,1.9479880332946777,,1.991447534006427e-05,0.9231491088867188,7.014560311757909,1264.4587903022766
17645,1.9323216676712036,,1.9906157910950018e-05,0.9355947971343994,6.9055239768723355,1264.664294242859
17646,2.2978270053863525,,1.989784384872745e-05,0.9488298892974854,9.952532141591108,1264.8649249076843
17647,1.7727826833724976,,1.988953315360378e-05,0.8395876884460449,5.887212838479746,1265.0675773620605
17648,2.1193206310272217,,1.988122582578613e-05,0.9426731467247009,8.325479493521065,1265.2672321796417
17649,2.5020248889923096,,1.987292186548155e-05,1.0015411376953125,12.207187150670453,1265.4686119556427
17650,2.472205638885498,,1.9864621272896957e-05,1.0064729452133179,11.848551678471669,1265.6719114780426
17651,1.9802227020263672,,1.9856324048239245e-05,0.9126824736595154,7.244356138319835,1265.8746831417084
17652,1.9298030138015747,,1.984803019171524e-05,0.9139487743377686,6.888153236809785,1266.0740361213684
17653,1.9683995246887207,,1.9839739703531596e-05,0.918830156326294,7.159209176684258,1266.2744228839874
17654,2.400871515274048,,1.9831452583894935e-05,0.9694963693618774,11.032787434707732,1266.4821186065674
17655,1.9547247886657715,,1.9823168833011817e-05,0.9081516861915588,7.061975220612405,1266.6895565986633
17656,2.2775015830993652,,1.9814888451088697e-05,0.9555395841598511,9.75228467401062,1266.8976962566376
17657,2.3854410648345947,,1.980661143833192e-05,0.9803066849708557,10.863853272005171,1267.0969440937042
17658,1.9936459064483643,,1.979833779494779e-05,0.9039838314056396,7.342254194526121,1267.2948591709137
17659,2.0427019596099854,,1.9790067521142525e-05,0.9513424038887024,7.711417012587557,1267.4977252483368
17660,2.446614980697632,,1.97818006171222e-05,0.9914414286613464,11.549186258746452,1267.6967644691467
17661,2.0521891117095947,,1.9773537083092866e-05,0.9366568922996521,7.784924535873743,1267.9006905555725
17662,2.2196123600006104,,1.9765276919260486e-05,0.9392468333244324,9.203762427830366,1268.096929550171
17663,2.167264223098755,,1.9757020125830914e-05,0.9400333762168884,8.734356075279253,1268.294254541397
17664,1.955901861190796,,1.974876670300991e-05,0.8762472867965698,7.070292571719419,1268.4934132099152
17665,1.9026678800582886,,1.9740516651003196e-05,0.8940941095352173,6.7037554216150275,1268.7009952068329
17666,2.079390048980713,,1.973226997001638e-05,0.9078590869903564,7.999588069012826,1268.9029114246368
17667,1.9120615720748901,,1.9724026660254987e-05,0.9074042439460754,6.767025138266125,1269.1009922027588
17668,1.9281210899353027,,1.971578672192448e-05,0.9087610244750977,6.876577624864079,1269.300409078598
17669,2.241201639175415,,1.970755015523019e-05,0.9835415482521057,9.40462546671055,1269.499279499054
17670,2.2111101150512695,,1.9699316960377404e-05,0.9535449147224426,9.125841505991655,1269.6978628635406
17671,2.2747437953948975,,1.9691087137571323e-05,0.9897421002388,9.72542699415773,1269.8995554447174
17672,2.159517765045166,,1.968286068701707e-05,0.9288080334663391,8.66695714086324,1270.1290667057037
17673,2.4424421787261963,,1.967463760891965e-05,0.9800309538841248,11.501094200657544,1270.3325803279877
17674,2.1656763553619385,,1.966641790348398e-05,0.9496179819107056,8.720498078310301,1270.5395090579987
17675,1.9665971994400024,,1.965820157091497e-05,0.9259054064750671,7.146317574144373,1270.7408668994904
17676,1.9630736112594604,,1.9649988611417313e-05,0.9284813404083252,7.121181205119192,1270.9617166519165
17677,2.369675874710083,,1.964177902519579e-05,0.9711244702339172,10.693925550593963,1271.1774892807007
17678,2.164588689804077,,1.9633572812454966e-05,0.951072096824646,8.711018249279459,1271.386736869812
17679,2.3709418773651123,,1.9625369973399352e-05,1.017026662826538,10.70747266226397,1271.6028008460999
17680,2.0213992595672607,,1.961717050823338e-05,0.934575617313385,7.548880390135963,1271.808959722519
17681,2.3215482234954834,,1.960897441716144e-05,0.9582008719444275,10.191440725937884,1272.0189325809479
17682,2.4416849613189697,,1.960078170038774e-05,1.0153335332870483,11.492388668332925,1272.214280128479
17683,1.8082135915756226,,1.9592592358116515e-05,0.8743458986282349,6.0995414216558625,1272.4156329631805
17684,1.761243224143982,,1.9584406390551864e-05,0.8635025024414062,5.819668050638586,1272.617341518402
17685,2.2199039459228516,,1.957622379789776e-05,0.9484736919403076,9.206446506686762,1272.8143610954285
17686,2.367656707763672,,1.9568044580358156e-05,1.0331883430480957,10.672354514684997,1273.0150654315948
17687,1.5167274475097656,,1.9559868738136916e-05,0.8055080771446228,4.557286804859058,1273.212312221527
17688,2.085205554962158,,1.9551696271437787e-05,0.8835342526435852,8.046245257360363,1273.413189649582
17689,2.2890591621398926,,1.9543527180464436e-05,0.9388538002967834,9.865651335094524,1273.614403963089
17690,2.217505693435669,,1.9535361465420494e-05,0.9582564234733582,9.184393578269194,1273.8132605552673
17691,1.8363593816757202,,1.9527199126509475e-05,0.8763381242752075,6.273656645341643,1274.0129330158234
17692,2.0967330932617188,,1.9519040163934743e-05,0.9221206307411194,8.139535327096237,1274.2107903957367
17693,2.05189847946167,,1.9510884577899707e-05,0.9308440685272217,7.78266231450912,1274.4101560115814
17694,2.1763389110565186,,1.9502732368607596e-05,0.9411191344261169,8.813978358454648,1274.6090445518494
17695,1.8630502223968506,,1.949458353626158e-05,0.8961078524589539,6.443360510370131,1274.8063941001892
17696,2.206317186355591,,1.9486438081064754e-05,0.9338162541389465,9.082206651271258,1275.0029020309448
17697,2.1102006435394287,,1.947829600322013e-05,0.9338283538818359,8.249896406991322,1275.2008156776428
17698,2.0387020111083984,,1.9470157302930625e-05,0.9033988118171692,7.6806333492408,1275.40185546875
17699,2.197564125061035,,1.9462021980399073e-05,1.0035568475723267,9.003056448399027,1275.6004073619843
17700,1.8733371496200562,,1.945389003582824e-05,0.8965358138084412,6.509984984048573,1275.8043491840363
17701,2.0461602210998535,,1.94457614694208e-05,0.9236411452293396,7.738131274902542,1276.0071849822998
17702,2.1070120334625244,,1.9437636281379314e-05,0.9393206834793091,8.223632598948585,1276.208907365799
17703,2.2230567932128906,,1.94295144719063e-05,0.9312350153923035,9.235518832825946,1276.4078392982483
17704,2.284944772720337,,1.9421396041204178e-05,0.9901241660118103,9.825143593080544,1276.6095991134644
17705,1.874037742614746,,1.9413280989475267e-05,0.915993869304657,6.514547431946836,1276.8121073246002
17706,1.7463349103927612,,1.9405169316921813e-05,0.8641564249992371,5.733550144817088,1277.0142784118652
17707,2.1667027473449707,,1.9397061023745977e-05,0.9205632209777832,8.729453322635237,1277.212541103363
17708,2.1823670864105225,,1.9388956110149872e-05,0.981087863445282,8.867271032976367,1277.4114463329315
17709,2.2949564456939697,,1.9380854576335444e-05,0.9894503355026245,9.924003769775172,1277.6100769042969
17710,1.8983439207077026,,1.9372756422504674e-05,0.9093548655509949,6.674831234246285,1277.8119440078735
17711,2.167337656021118,,1.9364661648859328e-05,0.9688772559165955,8.734997488120944,1278.0104520320892
17712,2.226046085357666,,1.935657025560117e-05,0.9545066356658936,9.263167801559405,1278.2111201286316
17713,2.2806544303894043,,1.9348482242931858e-05,0.949747622013092,9.78308066032728,1278.414155960083
17714,2.4289817810058594,,1.9340397611052957e-05,0.9714969992637634,11.34732213679102,1278.6179611682892
17715,2.4492013454437256,,1.933231636016596e-05,1.005059003829956,11.579095328140962,1278.837316274643
17716,2.0858230590820312,,1.9324238490472284e-05,0.9364720582962036,8.051215381334377,1279.0601913928986
17717,2.473952531814575,,1.9316164002173254e-05,1.0004353523254395,11.869267918877338,1279.2817559242249
17718,1.913765788078308,,1.930809289547008e-05,0.9188228845596313,6.77856744329919,1279.4894587993622
17719,1.8988784551620483,,1.9300025170563945e-05,0.9112368822097778,6.678400115277892,1279.6953854560852
17720,2.2540440559387207,,1.9291960827655925e-05,0.969912588596344,9.526182458560417,1279.924566745758
17721,2.3150486946105957,,1.928389986694695e-05,0.9581050276756287,10.125415959926272,1280.1581377983093
17722,1.836569905281067,,1.927584228863797e-05,0.9063812494277954,6.274977537191907,1280.3814978599548
17723,2.3761959075927734,,1.9267788092929813e-05,1.0011667013168335,10.763878095463722,1280.5916333198547
17724,2.1797773838043213,,1.925973728002316e-05,0.9970450401306152,8.844337146861985,1280.8043310642242
17725,2.3511464595794678,,1.925168985011867e-05,0.9652464985847473,10.497597900175693,1281.0030825138092
17726,2.2452170848846436,,1.9243645803416947e-05,0.9511934518814087,9.442465150442303,1281.203322172165
17727,1.9896801710128784,,1.92356051401184e-05,0.913936197757721,7.313194416671327,1281.4057264328003
17728,2.267298698425293,,1.922756786042348e-05,1.0039820671081543,9.653289117073827,1281.604671239853
17729,1.9680078029632568,,1.9219533964532516e-05,0.9181777834892273,7.156405308116581,1281.8127126693726
17730,1.905250072479248,,1.921150345264567e-05,0.8982596397399902,6.721088176680244,1282.0092256069183
17731,2.166287660598755,,1.9203476324963117e-05,0.9712104201316833,8.725830594184599,1282.2197782993317
17732,2.1786856651306152,,1.91954525816849e-05,0.9413936138153076,8.834686887484859,1282.4217629432678
17733,1.9651051759719849,,1.9187432223011025e-05,0.968148946762085,7.1356630509896695,1282.6201465129852
17734,1.8170106410980225,,1.9179415249141354e-05,0.8902706503868103,6.153436099112702,1282.8178396224976
17735,2.2515668869018555,,1.9171401660275664e-05,0.9377961754798889,9.502613698288345,1283.0165073871613
17736,2.290400266647339,,1.9163391456613753e-05,0.9655501842498779,9.878891080525676,1283.2159180641174
17737,2.554744005203247,,1.9155384638355172e-05,1.046066403388977,12.868005093495988,1283.4129676818848
17738,2.041471004486084,,1.914738120569951e-05,0.9567386507987976,7.701930444271188,1283.6189420223236
17739,1.89951491355896,,1.913938115884622e-05,0.905200719833374,6.682651992037,1283.8172509670258
17740,2.120781898498535,,1.9131384497994713e-05,0.909493088722229,8.337654138928311,1284.0151524543762
17741,2.1290829181671143,,1.912339122334425e-05,0.9350918531417847,8.407153227495675,1284.2162952423096
17742,2.5424726009368896,,1.91154013350941e-05,1.0044944286346436,12.711061529325132,1284.4172067642212
17743,2.4971094131469727,,1.9107414833443318e-05,0.9857792258262634,12.147330250187412,1284.6189255714417
17744,1.8916947841644287,,1.9099431718591003e-05,0.8866942524909973,6.630596594019292,1284.8178853988647
17745,2.3687493801116943,,1.9091451990736113e-05,0.9917019009590149,10.684022274709982,1285.0185751914978
17746,1.9960124492645264,,1.9083475650077478e-05,0.9193013310432434,7.35965052991183,1285.2184340953827
17747,1.9894479513168335,,1.907550269681393e-05,0.8630719184875488,7.3114963460571225,1285.4179751873016
17748,2.1764414310455322,,1.906753313114415e-05,0.9575537443161011,8.814882013739696,1285.6182513237
17749,2.2263638973236084,,1.9059566953266793e-05,0.9592325687408447,9.266112214989398,1285.8154599666595
17750,2.048473596572876,,1.9051604163380367e-05,0.9455718398094177,7.756053200079257,1286.011884689331
17751,1.9773845672607422,,1.904364476168334e-05,0.9443670511245728,7.223824828402986,1286.2109513282776
17752,1.9238629341125488,,1.90356887483741e-05,0.9192609190940857,6.8473583400939955,1286.4077298641205
17753,2.373964786529541,,1.902773612365089e-05,1.0279755592346191,10.739889351170335,1286.611248254776
17754,2.2498700618743896,,1.9019786887711944e-05,0.957232654094696,9.486503097839265,1286.8135452270508
17755,2.527282238006592,,1.9011841040755372e-05,1.0118181705474854,12.519435014378022,1287.0161323547363
17756,2.414781332015991,,1.9003898582979178e-05,1.0010619163513184,11.18732378053088,1287.2147464752197
17757,2.021181344985962,,1.8995959514581325e-05,0.927011251449585,7.547235558249406,1287.4128274917603
17758,1.8751691579818726,,1.898802383575969e-05,0.8901088237762451,6.521922262232662,1287.611472606659
17759,2.017514705657959,,1.8980091546712036e-05,0.9061655402183533,7.519613239021592,1287.8122539520264
17760,2.2911882400512695,,1.8972162647636056e-05,1.0127880573272705,9.886678451675202,1288.0128109455109
17761,1.9463589191436768,,1.8964237138729385e-05,0.9116136431694031,7.003142095605072,1288.2150399684906
17762,2.1966118812561035,,1.8956315020189506e-05,0.9575344920158386,8.994487424218194,1288.4162817001343
17763,2.0688893795013428,,1.894839629221387e-05,0.950006902217865,7.916026532584727,1288.6151061058044
17764,2.009897470474243,,1.8940480954999847e-05,0.8889551162719727,7.462552176157989,1288.8137464523315
17765,1.8241878747940063,,1.893256900874474e-05,0.8957874178886414,6.197759617887121,1289.0123846530914
17766,2.2928223609924316,,1.8924660453645662e-05,0.9697191119194031,9.90284768761702,1289.2106482982635
17767,2.2454283237457275,,1.8916755289899742e-05,0.9613955020904541,9.444459976711505,1289.4083578586578
17768,1.7215121984481812,,1.8908853517704006e-05,0.8517950177192688,5.592979767967222,1289.6064503192902
17769,2.214711904525757,,1.8900955137255405e-05,0.9671185612678528,9.15877013126346,1289.808821439743
17770,1.9973750114440918,,1.8893060148750747e-05,0.9023981094360352,7.3696853463568575,1290.0096592903137
17771,2.358915090560913,,1.888516855238685e-05,0.9730014801025391,10.579467459906486,1290.2105622291565
17772,1.6637746095657349,,1.8877280348360346e-05,0.9012651443481445,5.279200203136546,1290.4087274074554
17773,2.0997402667999268,,1.8869395536867838e-05,0.9304757714271545,8.164049162550434,1290.6152803897858
17774,2.2122576236724854,,1.886151411810585e-05,0.9471319317817688,9.136319498439198,1290.8150472640991
17775,2.3215901851654053,,1.88536360922708e-05,0.9680346250534058,10.191868384782232,1291.0166463851929
17776,2.165078639984131,,1.8845761459559e-05,0.9479986429214478,8.715287259955021,1291.2149283885956
17777,2.5118303298950195,,1.8837890220166778e-05,1.0388579368591309,12.327472765856669,1291.4124627113342
17778,2.0400848388671875,,1.883002237429022e-05,0.9229996204376221,7.691261689129288,1291.6090469360352
17779,2.5385725498199463,,1.8822157922125474e-05,1.035001277923584,12.661584284216712,1291.8090262413025
17780,2.0308475494384766,,1.8814296863868523e-05,0.9262532591819763,7.620542408922237,1292.0111684799194
17781,2.112910747528076,,1.880643919971531e-05,0.923218846321106,8.272284807894193,1292.2222623825073
17782,1.8820241689682007,,1.8798584929861632e-05,0.8798789978027344,6.566783698136072,1292.423043012619
17783,2.358161211013794,,1.879073405450325e-05,0.9654828906059265,10.571494821351214,1292.6174716949463
17784,2.294447183609009,,1.8782886573835848e-05,0.9688108563423157,9.918951137590415,1292.8192865848541
17785,2.2292211055755615,,1.8775042488054954e-05,0.9814456105232239,9.292625285919188,1293.018265247345
17786,2.2421348094940186,,1.8767201797356117e-05,1.004074215888977,9.41340568013379,1293.217371225357
17787,2.472092866897583,,1.8759364501934737e-05,1.0075997114181519,11.847215569084247,1293.4145510196686
17788,1.892938494682312,,1.87515306019861e-05,0.9414831399917603,6.638848267025717,1293.611951828003
17789,2.129685401916504,,1.8743700097705482e-05,0.9407363533973694,8.412219926842617,1293.8106939792633
17790,2.05363392829895,,1.873587298928805e-05,0.9218780994415283,7.796180453400183,1294.0116181373596
17791,2.3427023887634277,,1.872804927692886e-05,0.9563896656036377,10.409328640531003,1294.218945980072
17792,2.4108808040618896,,1.8720228960822883e-05,0.9828251600265503,11.14377230348659,1294.4247539043427
17793,2.0949532985687256,,1.8712412041165076e-05,0.931922197341919,8.125061509350335,1294.620555639267
17794,2.032442808151245,,1.8704598518150198e-05,0.9462602734565735,7.632708847324378,1294.8178191184998
17795,1.9204820394515991,,1.8696788391972995e-05,0.9203897714614868,6.824247232963904,1295.019942998886
17796,2.361724615097046,,1.8688981662828135e-05,0.974297285079956,10.609232526577845,1295.2204239368439
17797,2.3906350135803223,,1.86811783309102e-05,0.9432185888290405,10.920426360761315,1295.4237506389618
17798,2.151684522628784,,1.8673378396413598e-05,0.9121794700622559,8.599331972522904,1295.626151561737
17799,1.842394232749939,,1.8665581859532786e-05,0.8845335245132446,6.311631700535969,1295.8282461166382
17800,2.19804048538208,2.2415459632873533,1.8657788720462057e-05,0.9777695536613464,9.007346168904371,1296.0305316448212
17801,2.3606555461883545,,1.8649998979395612e-05,0.9663066267967224,10.597896586468826,1300.4353258609772
17802,2.3227248191833496,,1.864221263652763e-05,0.973674476146698,10.20343898831688,1300.6343994140625
17803,2.2429604530334473,,1.863442969205218e-05,0.919283390045166,9.421181007100158,1300.8368518352509
17804,2.031972646713257,,1.8626650146163178e-05,0.9375683665275574,7.629121085436708,1301.1021020412445
17805,2.3282716274261475,,1.8618873999054546e-05,0.998195230960846,10.26019276344374,1301.3772251605988
17806,2.314122438430786,,1.8611101250920085e-05,0.971953272819519,10.116041573032375,1301.6466829776764
17807,1.9979366064071655,,1.8603331901953496e-05,0.9172970056533813,7.373825286902881,1301.8465132713318
17808,2.473848342895508,,1.8595565952348416e-05,0.9714602828025818,11.868031337102927,1302.0459427833557
17809,1.99900221824646,,1.8587803402298386e-05,0.9318468570709229,7.381687110511708,1302.243259191513
17810,2.453205108642578,,1.8580044251996888e-05,0.9948475360870361,11.625548215017496,1302.4453353881836
17811,2.2634148597717285,,1.8572288501637308e-05,0.9600317478179932,9.615870011587473,1302.6492257118225
17812,2.2261180877685547,,1.8564536151412906e-05,0.9665291905403137,9.263834795985899,1302.8554594516754
17813,2.1446287631988525,,1.855678720151693e-05,0.9853998422622681,8.538870705775292,1303.0543758869171
17814,1.9941926002502441,,1.854904165214247e-05,0.9265324473381042,7.346269256790922,1303.2510480880737
17815,2.3617749214172363,,1.8541299503482586e-05,0.9591749310493469,10.609766251451056,1303.4482822418213
17816,1.846952199935913,,1.853356075573022e-05,0.9148594737052917,6.340465572719816,1303.6549410820007
17817,1.8497488498687744,,1.8525825409078255e-05,0.8811630606651306,6.358222453654592,1303.856437921524
17818,2.2464358806610107,,1.8518093463719445e-05,0.9456892013549805,9.453980603153239,1304.054949760437
17819,2.092881202697754,,1.851036491984652e-05,0.9878525733947754,8.108243033710007,1304.252550125122
17820,2.6800827980041504,,1.85026397776521e-05,1.0334243774414062,14.586300962491539,1304.4515812397003
17821,2.024083375930786,,1.8494918037328695e-05,0.9499603509902954,7.569169680744738,1304.6527116298676
17822,2.3955235481262207,,1.848719969906878e-05,1.0015697479248047,10.97394194209066,1304.8489816188812
17823,2.3370018005371094,,1.8479484763064682e-05,0.9651880264282227,10.350158157754706,1305.0496380329132
17824,2.015079975128174,,1.847177322950869e-05,0.9461384415626526,7.501327276824715,1305.2520990371704
17825,2.2551116943359375,,1.846406509859299e-05,0.9474882483482361,9.536358407882592,1305.452847480774
17826,2.3060312271118164,,1.8456360370509727e-05,0.9963082075119019,10.034520788647866,1305.6500849723816
17827,2.118102788925171,,1.844865904545086e-05,0.928536057472229,8.31534654549184,1305.8502972126007
17828,1.9971226453781128,,1.844096112360837e-05,0.962839663028717,7.3678257225213395,1306.049817085266
17829,2.2624893188476562,,1.843326660517409e-05,0.9648032188415527,9.606974247702983,1306.2475862503052
17830,2.4074666500091553,,1.8425575490339794e-05,1.0248745679855347,11.105790622662932,1306.444875240326
17831,2.520585298538208,,1.8417887779297166e-05,1.0198497772216797,12.435873232311504,1306.6461701393127
17832,2.325587511062622,,1.841020347223784e-05,0.9606010317802429,10.232690138788735,1306.8456954956055
17833,2.3125171661376953,,1.8402522569353252e-05,0.9716381430625916,10.09981559881724,1307.0465364456177
17834,1.4742488861083984,,1.839484507083488e-05,0.8270605802536011,4.367753859939539,1307.242961883545
17835,2.287515640258789,,1.8387170976874083e-05,0.9778092503547668,9.850435232602019,1307.4440722465515
17836,2.0348732471466064,,1.8379500287662068e-05,0.9313912391662598,7.651282242155887,1307.6424314975739
17837,2.4596426486968994,,1.8371833003390046e-05,0.9789107441902161,11.700629557587428,1307.8419485092163
17838,1.860513687133789,,1.836416912424911e-05,0.9063000082969666,6.427037410034678,1308.0397818088531
17839,1.9941279888153076,,1.835650865043022e-05,0.9307387471199036,7.345794619126487,1308.2362673282623
17840,2.052643060684204,,1.83488515821243e-05,0.9339823126792908,7.788459296624023,1308.4380362033844
17841,2.031399726867676,,1.8341197919522242e-05,0.8911792039871216,7.624751462403919,1308.6381220817566
17842,1.9453595876693726,,1.8333547662814786e-05,0.8915520310401917,6.996147131016182,1308.8410785198212
17843,2.611534595489502,,1.832590081219254e-05,0.9990394711494446,13.619935914892775,1309.0498175621033
17844,2.2100250720977783,,1.8318257367846114e-05,0.9589858651161194,9.115944946038171,1309.2531523704529
17845,1.985079288482666,,1.831061732996603e-05,0.9287747740745544,7.279624552956925,1309.4533545970917
17846,2.1577682495117188,,1.8302980698742648e-05,0.9639788866043091,8.651807420916958,1309.653259754181
17847,2.1936213970184326,,1.8295347474366324e-05,0.9466370344161987,8.967629730121253,1309.8544759750366
17848,2.1237399578094482,,1.8287717657027304e-05,0.959123969078064,8.362353928095306,1310.060239315033
17849,2.117744207382202,,1.828009124691571e-05,0.941580057144165,8.31236535022998,1310.2609450817108
17850,2.486100435256958,,1.827246824422163e-05,1.012110948562622,12.014333979773568,1310.4601221084595
17851,1.931949257850647,,1.8264848649135056e-05,0.9496939778327942,6.902952770728184,1310.661550283432
17852,2.3284597396850586,,1.8257232461845893e-05,0.9585164189338684,10.262123013027448,1310.862012386322
17853,1.9672791957855225,,1.824961968254393e-05,0.8999321460723877,7.151192998935839,1311.0626902580261
17854,2.10783052444458,,1.824201031141894e-05,0.9348288178443909,8.230366323441025,1311.2642385959625
17855,2.1697998046875,,1.8234404348660513e-05,0.9657439589500427,8.756530848826591,1311.4628338813782
17856,2.4201674461364746,,1.8226801794458248e-05,0.9954226613044739,11.247742548241135,1311.658360004425
17857,2.306656837463379,,1.821920264900161e-05,0.9590317606925964,10.040800452832856,1311.8575303554535
17858,2.2503392696380615,,1.821160691248001e-05,0.9697067141532898,9.490955283161146,1312.0568494796753
17859,1.9632890224456787,,1.820401458508271e-05,0.9000169038772583,7.122715352440177,1312.2544889450073
17860,1.719064712524414,,1.819642566699895e-05,0.8597354888916016,5.579307766553533,1312.458426952362
17861,2.0089213848114014,,1.8188840158417882e-05,0.9297146201133728,7.45527163976227,1312.6593523025513
17862,2.1485848426818848,,1.8181258059528537e-05,0.9513219594955444,8.572718064258723,1312.8582553863525
17863,2.0874361991882324,,1.81736793705199e-05,0.9510719776153564,8.06421360092565,1313.0571775436401
17864,1.9265955686569214,,1.8166104091580856e-05,0.9155457615852356,6.866095256945455,1313.2556700706482
17865,2.44881010055542,,1.8158532222900156e-05,0.995204508304596,11.574565952387957,1313.457231760025
17866,2.192096710205078,,1.8150963764666554e-05,0.9527682065963745,8.9539673214186,1313.6585466861725
17867,2.416416645050049,,1.8143398717068668e-05,0.9798879027366638,11.205633523926016,1313.8576474189758
17868,2.091259002685547,,1.8135837080295028e-05,0.9581004977226257,8.095100504549311,1314.0565395355225
17869,2.1075878143310547,,1.812827885453408e-05,0.9221413731575012,8.228368972694724,1314.2558026313782
17870,2.245375871658325,,1.812072403997422e-05,0.9557350277900696,9.44396460806301,1314.4642126560211
17871,2.3876655101776123,,1.8113172636803718e-05,0.9968265891075134,10.888046217790228,1314.6678965091705
17872,2.195775270462036,,1.8105624645210777e-05,0.9442506432533264,8.986965685774493,1314.870596408844
17873,2.0544986724853516,,1.8098080065383524e-05,0.9563761353492737,7.802925070887485,1315.0731980800629
17874,2.0190341472625732,,1.8090538897510002e-05,0.9456617832183838,7.531047536901663,1315.2752425670624
17875,2.029937982559204,,1.8083001141778105e-05,0.9342458844184875,7.6136141672722095,1315.4772453308105
17876,1.8048334121704102,,1.8075466798375736e-05,0.8884406685829163,6.078958683632256,1315.6784110069275
17877,1.9266787767410278,,1.8067935867490663e-05,0.901533305644989,6.866666595346735,1315.8783230781555
17878,1.9212582111358643,,1.8060408349310576e-05,0.9220326542854309,6.8295460765727185,1316.07976770401
17879,2.0968472957611084,,1.805288424402305e-05,0.941860556602478,8.140464935455249,1316.28125333786
17880,2.2694976329803467,,1.8045363551815647e-05,0.946467936038971,9.674539423537222,1316.4846272468567
17881,2.511072874069214,,1.8037846272875785e-05,1.008851170539856,12.318138785277966,1316.6871559619904
17882,2.3232762813568115,,1.8030332407390813e-05,0.9825129508972168,10.20906735073001,1316.8876497745514
17883,2.515981674194336,,1.802282195554803e-05,1.012947916984558,12.378754720525315,1317.0876307487488
17884,2.23689866065979,,1.8015314917534554e-05,0.987636148929596,9.36424450688761,1317.2900929450989
17885,2.285325050354004,,1.800781129353752e-05,0.9223976731300354,9.828880585938926,1317.4937114715576
17886,2.103346824645996,,1.8000311083743946e-05,0.9534456729888916,8.193546437955131,1317.6946732997894
17887,1.8098100423812866,,1.799281428834071e-05,0.8937708139419556,6.1092868164245075,1317.9008586406708
17888,1.9743106365203857,,1.7985320907514705e-05,0.9163075685501099,7.201653385398367,1318.0993819236755
17889,2.1523263454437256,,1.797783094145265e-05,0.9587363600730896,8.604852991544584,1318.300095319748
17890,2.3437693119049072,,1.7970344390341215e-05,0.9776634573936462,10.420440520851903,1318.5015850067139
17891,1.966676115989685,,1.796286125436702e-05,0.8815910220146179,7.146881559123842,1318.7074012756348
17892,2.155508279800415,,1.7955381533716526e-05,0.9339007139205933,8.63227667595639,1318.910323858261
17893,1.9592416286468506,,1.7947905228576183e-05,0.909706175327301,7.09394517987553,1319.108994960785
17894,2.190072536468506,,1.7940432339132296e-05,0.9678872227668762,8.935861267010491,1319.3116919994354
17895,2.0882182121276855,,1.793296286557109e-05,0.978378415107727,8.070522386762658,1319.512447834015
17896,2.308905601501465,,1.792549680807879e-05,0.92025226354599,10.063405250707133,1319.7103998661041
17897,1.9631614685058594,,1.791803416684139e-05,0.9055871963500977,7.121806879975614,1319.9112586975098
17898,2.103681802749634,,1.791057494204491e-05,0.9467858076095581,8.196291556354593,1320.1097548007965
17899,2.3040871620178223,,1.7903119133875285e-05,0.958748459815979,10.015031976944957,1320.3123052120209
17900,2.39479660987854,,1.789566674251829e-05,1.0111043453216553,10.9659674627933,1320.5102500915527
17901,2.098360776901245,,1.7888217768159678e-05,0.9368221759796143,8.152794703689274,1320.7140216827393
17902,1.9159555435180664,,1.788077221098508e-05,0.9160478711128235,6.793427111814194,1320.9141149520874
17903,1.9330435991287231,,1.7873330071180074e-05,0.88678377866745,6.910511091822877,1321.1106491088867
17904,2.2570295333862305,,1.7865891348930144e-05,0.9647216796875,9.55466515752331,1321.3082177639008
17905,2.242687225341797,,1.785845604442067e-05,0.9573949575424194,9.418607231190403,1321.5089864730835
17906,1.9180742502212524,,1.7851024157836978e-05,0.9074130654335022,6.8078356497166235,1321.7123532295227
17907,2.004007339477539,,1.7843595689364255e-05,0.9343242645263672,7.418725964043409,1321.910978794098
17908,1.905727505683899,,1.7836170639187655e-05,0.9156111478805542,6.724297813479802,1322.1091177463531
17909,2.1285030841827393,,1.782874900749227e-05,0.9509491920471191,8.40227988734318,1322.305844783783
17910,2.3123512268066406,,1.7821330794462993e-05,0.9988484382629395,10.098139781218867,1322.5028100013733
17911,2.251178741455078,,1.7813916000284738e-05,0.979928731918335,9.498926017773368,1322.7066757678986
17912,1.8050487041473389,,1.7806504625142323e-05,0.8975931406021118,6.0802675755568325,1322.906328678131
17913,2.345712900161743,,1.779909666922043e-05,0.968903660774231,10.440713261227604,1323.1072101593018
17914,2.236612558364868,,1.779169213270369e-05,0.9444760084152222,9.361565758260317,1323.3064703941345
17915,1.7513747215270996,,1.778429101577668e-05,0.8720900416374207,5.762519092371596,1323.5059053897858
17916,2.1057655811309814,,1.7776893318623793e-05,0.9438062310218811,8.21338861856478,1323.7057812213898
17917,2.430588483810425,,1.7769499041429436e-05,1.0309020280838013,11.365568565461315,1323.9022397994995
17918,2.1853089332580566,,1.7762108184377882e-05,0.9097979068756104,8.893395594699566,1324.0981209278107
17919,2.1425297260284424,,1.7754720747653346e-05,0.97121262550354,8.520966096564582,1324.2989220619202
17920,2.045048475265503,,1.7747336731439923e-05,0.9322549104690552,7.729533220003454,1324.4972853660583
17921,2.2128424644470215,,1.7739956135921655e-05,0.9672673940658569,9.141664353403288,1324.6973404884338
17922,2.362654685974121,,1.7732578961282472e-05,0.9786146283149719,10.619104454863807,1324.8984398841858
17923,2.0225629806518555,,1.772520520770626e-05,0.9372020363807678,7.557670294917836,1325.0994062423706
17924,2.316467523574829,,1.771783487537675e-05,0.9770538210868835,10.139792389800945,1325.2991456985474
17925,2.296482801437378,,1.771046796447768e-05,0.9889667630195618,9.939162896093437,1325.497186422348
17926,1.984775424003601,,1.7703104475192613e-05,0.9113304018974304,7.277412869677364,1325.6968109607697
17927,2.252251386642456,,1.7695744407705073e-05,0.9609456658363342,9.509120461584688,1325.8964774608612
17928,2.1123828887939453,,1.7688387762198535e-05,0.9295610189437866,8.267919362377764,1326.0941233634949
17929,2.612405300140381,,1.7681034538856288e-05,1.0137922763824463,13.63180002075508,1326.2931306362152
17930,2.0220296382904053,,1.7673684737861604e-05,0.9454339742660522,7.553640543909665,1326.4953169822693
17931,2.5398097038269043,,1.7666338359397666e-05,0.9808419942855835,12.67725830753959,1326.6967341899872
17932,2.1622495651245117,,1.765899540364759e-05,0.9638341665267944,8.690665904124671,1326.895744562149
17933,2.3911843299865723,,1.7651655870794345e-05,0.9585525393486023,10.926426778037468,1327.1052646636963
17934,2.3032705783843994,,1.764431976102088e-05,0.9444021582603455,10.006857203891569,1327.3051373958588
17935,2.1312174797058105,,1.7636987074510024e-05,0.9395411014556885,8.425117980038783,1327.5062606334686
17936,2.393221378326416,,1.7629657811444513e-05,0.9976538419723511,10.948707122931403,1327.705096244812
17937,2.127065420150757,,1.7622331972007004e-05,0.9482464790344238,8.390208910845972,1327.90500497818
17938,2.1110169887542725,,1.7615009556380125e-05,0.9433627128601074,8.256633920140269,1328.1050925254822
17939,2.1221723556518555,,1.7607690564746312e-05,0.941148579120636,8.349255353394394,1328.304815530777
17940,2.0434107780456543,,1.7600374997287994e-05,0.9188594222068787,7.716884944787849,1328.501413822174
17941,2.524822473526001,,1.759306285418751e-05,0.9999805092811584,12.488677995831257,1328.7016341686249
17942,2.276235580444336,,1.7585754135627066e-05,0.9675421714782715,9.739946067722867,1328.9038672447205
17943,1.8994007110595703,,1.757844884178884e-05,0.9163742065429688,6.6818888600535775,1329.1134684085846
17944,1.8375802040100098,,1.7571146972854926e-05,0.9194190502166748,6.2813203425464605,1329.3125021457672
17945,2.2646284103393555,,1.7563848529007242e-05,0.9323564767837524,9.62754643963321,1329.5124742984772
17946,2.336573600769043,,1.7556553510427704e-05,0.9774420857429504,10.345727171173522,1329.7112092971802
17947,2.047766923904419,,1.754926191729817e-05,0.9214736819267273,7.750574145444755,1329.916535615921
17948,2.335254192352295,,1.7541973749800296e-05,0.9809836149215698,10.332085932827773,1330.1161437034607
17949,1.818321943283081,,1.7534689008115765e-05,0.8765146732330322,6.161510406086286,1330.3194756507874
17950,2.0354111194610596,,1.7527407692426117e-05,1.0000755786895752,7.6553987620258,1330.5189027786255
17951,1.9003839492797852,,1.7520129802912842e-05,0.8951583504676819,6.688461979505595,1330.7220571041107
17952,1.8594850301742554,,1.7512855339757305e-05,0.9091598987579346,6.420429592445101,1330.9211502075195
17953,2.302948236465454,,1.7505584303140773e-05,0.9846721291542053,10.00363209415981,1331.121463060379
17954,2.176981210708618,,1.749831669324454e-05,0.9690186381340027,8.819641392175502,1331.3247191905975
17955,2.156015634536743,,1.7491052510249664e-05,0.9464849829673767,8.636657413613262,1331.5300328731537
17956,2.090089797973633,,1.7483791754337204e-05,0.9441660642623901,8.085641205901853,1331.7324395179749
17957,1.9160583019256592,,1.7476534425688152e-05,0.9356005191802979,6.794125229434415,1331.9309468269348
17958,1.837676763534546,,1.746928052448334e-05,0.8802564740180969,6.281926893135843,1332.1304664611816
17959,1.9279494285583496,,1.7462030050903565e-05,0.8957711458206177,6.875397283392689,1332.332752943039
17960,1.9748013019561768,,1.7454783005129548e-05,0.8989292979240417,7.205187854845214,1332.529985666275
17961,1.8712416887283325,,1.7447539387341863e-05,0.9135286211967468,6.49635784766082,1332.7290859222412
17962,2.1524112224578857,,1.7440299197721048e-05,0.9634739756584167,8.605583376769813,1332.927337884903
17963,2.295628309249878,,1.7433062436447584e-05,1.0109330415725708,9.930673586589304,1333.1302559375763
17964,2.0822248458862305,,1.7425829103701787e-05,0.9836255311965942,8.022297449549262,1333.3321688175201
17965,2.1554784774780273,,1.741859919966397e-05,0.9638553261756897,8.632019417897418,1333.532191991806
17966,2.1362521648406982,,1.741137272451429e-05,0.9611758589744568,8.467642755894335,1333.7295007705688
17967,2.152304172515869,,1.740414967843289e-05,0.986540675163269,8.60466219887521,1333.9256463050842
17968,1.9859470129013062,,1.739693006159973e-05,0.9560282826423645,7.2859440023138005,1334.127874135971
17969,2.2850406169891357,,1.7389713874194786e-05,0.9633343815803528,9.826085321913002,1334.3273935317993
17970,2.2802186012268066,,1.7382501116397893e-05,0.9554510712623596,9.778817837474199,1334.5274851322174
17971,2.026944398880005,,1.737529178838879e-05,0.9340538382530212,7.590856257011206,1334.7318050861359
17972,2.2190685272216797,,1.7368085890347176e-05,0.9494463801383972,9.19875848091113,1334.9338998794556
17973,2.2611005306243896,,1.7360883422452646e-05,0.9813063144683838,9.59364145536199,1335.133651971817
17974,2.329083204269409,,1.7353684384884682e-05,0.9355792999267578,10.268523078185988,1335.3345847129822
17975,2.3602967262268066,,1.7346488777822713e-05,0.9595918655395508,10.594094531790532,1335.5372686386108
17976,2.367936372756958,,1.7339296601446086e-05,0.9306211471557617,10.675339616033412,1335.7361097335815
17977,2.1047093868255615,,1.7332107855934026e-05,0.981209397315979,8.204718263873293,1335.933198928833
17978,2.3467283248901367,,1.7324922541465704e-05,0.97165846824646,10.45132040412131,1336.1311974525452
17979,2.1207692623138428,,1.7317740658220218e-05,0.934190571308136,8.337548783456358,1336.3305213451385
17980,1.9261693954467773,,1.7310562206376524e-05,0.9057955145835876,6.863169734522567,1336.5295028686523
17981,2.3167612552642822,,1.7303387186113547e-05,0.969158947467804,10.142771205615189,1336.7358167171478
17982,2.0982162952423096,,1.7296215597610082e-05,0.9684507250785828,8.151616859476016,1336.9373898506165
17983,2.3103206157684326,,1.7289047441044904e-05,0.958469033241272,10.07765519226879,1337.147985458374
17984,2.0207087993621826,,1.728188271659664e-05,0.8900397419929504,7.54366998762847,1337.346858739853
17985,1.9276847839355469,,1.7274721424443866e-05,0.930202066898346,6.8735779872161,1337.5492658615112
17986,1.8532730340957642,,1.726756356476506e-05,0.898100733757019,6.380669531523852,1337.754575252533
17987,1.9230519533157349,,1.72604091377386e-05,0.9182157516479492,6.841807515081747,1337.9566419124603
17988,2.1133384704589844,,1.725325814354278e-05,0.9569417238235474,8.275823810599885,1338.1567265987396
17989,2.0030744075775146,,1.7246110582355875e-05,0.9377174973487854,7.411808025418585,1338.3540287017822
17990,2.131671905517578,,1.7238966454355963e-05,0.9603334069252014,8.428947441153188,1338.5548944473267
17991,2.160418748855591,,1.7231825759721108e-05,0.9421665072441101,8.674769447785348,1338.753965139389
17992,2.0994064807891846,,1.7224688498629294e-05,0.9855431914329529,8.161324571889383,1338.9537453651428
17993,2.1130003929138184,,1.7217554671258388e-05,0.9632595181465149,8.273026413297021,1339.1537852287292
17994,2.1611411571502686,,1.7210424277786193e-05,0.9490277767181396,8.681038437301224,1339.3586013317108
17995,1.9358711242675781,,1.720329731839042e-05,0.9207246899604797,6.9300783861290745,1339.5607368946075
17996,2.08278751373291,,1.7196173793248682e-05,0.9413067698478699,8.026812608528891,1339.7603452205658
17997,1.8401128053665161,,1.718905370253849e-05,0.8603498935699463,6.297248584396366,1339.962962627411
17998,2.510209083557129,,1.718193704643733e-05,1.0045278072357178,12.307503088037185,1340.161729812622
17999,2.0650181770324707,,1.717482382512259e-05,0.9382202625274658,7.885441230273504,1340.3587527275085
18000,2.1388163566589355,2.2402552207310995,1.7167714038771497e-05,0.9405997395515442,8.489383277690676,1340.555738210678
18001,2.115166664123535,,1.716060768756125e-05,0.9146469235420227,8.290967457801424,1344.9880650043488
18002,2.1937434673309326,,1.715350477166902e-05,0.9376972913742065,8.96872447830156,1345.1944880485535
18003,2.0600099563598633,,1.7146405291271723e-05,0.9422942399978638,7.84604792800624,1345.393970966339
18004,2.186319351196289,,1.7139309246546393e-05,0.9425746202468872,8.902386182500935,1345.6463129520416
18005,2.1454248428344727,,1.7132216637669864e-05,0.9623035788536072,8.545671033297344,1345.9129214286804
18006,2.0168886184692383,,1.712512746481887e-05,0.9340271949768066,7.514906778989411,1346.1801977157593
18007,2.2526936531066895,,1.71180417281701e-05,0.9514554142951965,9.513326956796519,1346.4022800922394
18008,2.3694100379943848,,1.7110959427900188e-05,0.9911662340164185,10.691083090379555,1346.6043090820312
18009,1.939681887626648,,1.7103880564185582e-05,0.9404436349868774,6.956537657910184,1346.804627418518
18010,1.8784524202346802,,1.7096805137202738e-05,0.9063230752944946,6.543370634460009,1347.0078537464142
18011,1.9173240661621094,,1.708973314712801e-05,0.9163138270378113,6.802730435099677,1347.2087128162384
18012,2.07177734375,,1.7082664594137627e-05,0.9060252904891968,7.938920777170043,1347.4082148075104
18013,2.334249973297119,,1.707559947840775e-05,0.9690020084381104,10.321715463237414,1347.6096239089966
18014,2.1689929962158203,,1.706853780011448e-05,0.9644365906715393,8.749468854776625,1347.8095002174377
18015,2.1279444694519043,,1.7061479559433784e-05,0.9338926672935486,8.397587560748912,1348.0112686157227
18016,2.243361473083496,,1.705442475654162e-05,0.9772883057594299,9.42495984722383,1348.2115693092346
18017,1.605552315711975,,1.704737339161376e-05,0.8330689668655396,4.980609712204707,1348.4149630069733
18018,1.994057059288025,,1.7040325464826e-05,0.9192081093788147,7.345273603864538,1348.614312171936
18019,2.2897226810455322,,1.7033280976353937e-05,0.9876465797424316,9.872199553464911,1348.8179812431335
18020,2.249013900756836,,1.7026239926373175e-05,0.9485204815864563,9.478384598612939,1349.0186655521393
18021,2.375741481781006,,1.7019202315059177e-05,0.9665982127189636,10.758987822639677,1349.221913576126
18022,2.362250804901123,,1.701216814258734e-05,0.966012716293335,10.61481646553945,1349.4213874340057
18023,2.135557174682617,,1.7005137409132972e-05,0.9169893264770508,8.461759872026828,1349.619196653366
18024,2.2806921005249023,,1.69981101148713e-05,0.958137035369873,9.783449197242717,1349.8196074962616
18025,2.0430495738983154,,1.699108625997746e-05,0.9523923397064209,7.7140980772856045,1350.0170044898987
18026,2.0108375549316406,,1.698406584462652e-05,0.9218630790710449,7.46957090405291,1350.2192718982697
18027,2.077160120010376,,1.697704886899345e-05,0.9444365501403809,7.981769430359966,1350.4217946529388
18028,2.274050235748291,,1.697003533325311e-05,0.9933909773826599,9.71868416899457,1350.619422197342
18029,2.0786120891571045,,1.6963025237580275e-05,0.9531340599060059,7.993367131023381,1350.8180272579193
18030,2.198431968688965,,1.6956018582149713e-05,0.9679791331291199,9.010873084888152,1351.0161056518555
18031,2.5879099369049072,,1.6949015367136024e-05,1.0179282426834106,13.301940633874175,1351.2217154502869
18032,1.856199026107788,,1.6942015592713726e-05,0.9167177081108093,6.399366660089361,1351.4200932979584
18033,2.0906529426574707,,1.6935019259057277e-05,0.9603719115257263,8.090195874110602,1351.6197593212128
18034,2.0625252723693848,,1.6928026366341068e-05,0.9531978964805603,7.865808059039773,1351.820113658905
18035,2.1968212127685547,,1.692103691473935e-05,0.9366276860237122,8.99637045095597,1352.0219321250916
18036,2.339357376098633,,1.691405090442634e-05,1.019482135772705,10.374567475077958,1352.2197363376617
18037,1.9673666954040527,,1.6907068335576163e-05,0.9396283030509949,7.1518187529715025,1352.4176540374756
18038,2.18017840385437,,1.6900089208362815e-05,0.947117269039154,8.847884614642581,1352.615814447403
18039,2.2683122158050537,,1.6893113522960223e-05,0.9613463282585144,9.66307785305493,1352.8143513202667
18040,2.1466195583343506,,1.688614127954228e-05,0.9287744164466858,8.555886780178136,1353.0132076740265
18041,2.1958751678466797,,1.687917247828271e-05,0.9481873512268066,8.987863504986532,1353.2171561717987
18042,2.313108444213867,,1.687220711935522e-05,0.9808070659637451,10.105789164199289,1353.4161205291748
18043,2.2340381145477295,,1.68652452029334e-05,0.916466474533081,9.33749592968,1353.6135561466217
18044,2.575700283050537,,1.6858286729190748e-05,1.0378259420394897,13.140516017854058,1353.8174526691437
18045,2.363459587097168,,1.6851331698300698e-05,0.9790480136871338,10.62765522476578,1354.017382144928
18046,1.988219141960144,,1.6844380110436592e-05,0.9037566184997559,7.30251742875431,1354.2245416641235
18047,1.9621986150741577,,1.6837431965771697e-05,0.9129923582077026,7.114952923988352,1354.4268827438354
18048,2.2913622856140137,,1.683048726447913e-05,0.991871178150177,9.888399333941612,1354.625094652176
18049,1.8985896110534668,,1.6823546006732e-05,0.9132174253463745,6.676471377315552,1354.8263878822327
18050,2.298945903778076,,1.6816608192703315e-05,0.9607632160186768,9.963674246076875,1355.0261628627777
18051,2.408390522003174,,1.6809673822565962e-05,0.9789391756057739,11.116055692665853,1355.2316386699677
18052,1.874398112297058,,1.6802742896492765e-05,0.900391161441803,6.516895500396222,1355.4340353012085
18053,2.3704121112823486,,1.679581541465649e-05,0.9829843044281006,10.701801708687446,1355.6376128196716
18054,2.2491579055786133,,1.6788891377229714e-05,0.9753015637397766,9.47974962998099,1355.837857723236
18055,2.312183380126953,,1.678197078438509e-05,0.9459542632102966,10.096444984222574,1356.0357880592346
18056,2.059440851211548,,1.6775053636295066e-05,0.9248301386833191,7.841583972087112,1356.2366139888763
18057,2.2330129146575928,,1.6768139933132016e-05,0.9502308368682861,9.32792803521893,1356.4357147216797
18058,1.9429447650909424,,1.6761229675068248e-05,0.9193453788757324,6.979273059107012,1356.6329312324524
18059,2.458683729171753,,1.6754322862276003e-05,1.0061135292053223,11.689414973249438,1356.8315861225128
18060,2.049848794937134,,1.674741949492743e-05,0.9766108989715576,7.766726649125828,1357.0374529361725
18061,2.1799354553222656,,1.674051957319454e-05,0.9419891238212585,8.845735295160802,1357.243813276291
18062,2.1962645053863525,,1.6733623097249328e-05,0.9286569952964783,8.991363498945784,1357.4455471038818
18063,2.123013734817505,,1.6726730067263658e-05,0.9099692106246948,8.356283199024277,1357.6438298225403
18064,2.1352226734161377,,1.671984048340933e-05,0.9407309293746948,8.458929875978008,1357.8438839912415
18065,2.0587728023529053,,1.6712954345858e-05,0.9259656667709351,7.836347160282445,1358.041841506958
18066,2.1587295532226562,,1.670607165478139e-05,0.9762686491012573,8.660128434366767,1358.2492439746857
18067,2.3180065155029297,,1.669919241035096e-05,0.9454562664031982,10.155409462633564,1358.4473061561584
18068,2.550400972366333,,1.6692316612738172e-05,1.0089651346206665,12.812240107065897,1358.6462121009827
18069,2.0041260719299316,,1.6685444262114408e-05,0.9372004866600037,7.419606859865174,1358.8465893268585
18070,2.32572865486145,,1.667857535865092e-05,0.9511208534240723,10.234134521477587,1359.044724702835
18071,2.0264687538146973,,1.66717099025189e-05,0.9170562028884888,7.58724656222591,1359.2450633049011
18072,2.4355764389038086,,1.6664847893889484e-05,0.9474382400512695,11.422401132391087,1359.4439001083374
18073,2.187842845916748,,1.6657989332933654e-05,0.957923412322998,8.915959257478196,1359.6417760849
18074,2.14194393157959,,1.6651134219822357e-05,0.9735794067382812,8.515976023647559,1359.837724685669
18075,2.0758321285247803,,1.6644282554726458e-05,0.9228116273880005,7.97117674357213,1360.036113500595
18076,2.0780441761016846,,1.6637434337816683e-05,0.906360387802124,7.988828882260244,1360.2373569011688
18077,2.3545382022857666,,1.663058956926373e-05,0.9796071648597717,10.53326350136745,1360.4394397735596
18078,2.079568386077881,,1.6623748249238204e-05,0.9389533400535583,8.001014819545086,1360.6470291614532
18079,2.2470507621765137,,1.6616910377910587e-05,0.9635493159294128,9.459795468617479,1360.8478863239288
18080,2.1379902362823486,,1.6610075955451305e-05,0.9624547362327576,8.482372921278158,1361.049308538437
18081,2.364858388900757,,1.6603244982030677e-05,0.9849623441696167,10.642531610193835,1361.2500383853912
18082,2.245682716369629,,1.6596417457818966e-05,0.9573720693588257,9.446862883294209,1361.4507358074188
18083,2.5087788105010986,,1.658959338298631e-05,0.958432137966156,12.289912580596488,1361.6561479568481
18084,2.442707061767578,,1.658277275770279e-05,1.0086547136306763,11.504141048980044,1361.8554985523224
18085,2.1901233196258545,,1.6575955582138398e-05,0.955532968044281,8.936315069781932,1362.0542373657227
18086,2.6165425777435303,,1.6569141856463042e-05,0.9958598613739014,13.688315390944467,1362.251703262329
18087,1.6400784254074097,,1.6562331580846535e-05,0.8714643120765686,5.155573824357909,1362.4534215927124
18088,2.0879709720611572,,1.6555524755458626e-05,0.9458540081977844,8.068527276916544,1362.6523804664612
18089,2.1572535037994385,,1.6548721380468915e-05,0.9041160345077515,8.647355086151991,1362.8506758213043
18090,1.9994494915008545,,1.6541921456046976e-05,0.8900367617607117,7.384989480204314,1363.0508978366852
18091,2.3131937980651855,,1.6535124982362296e-05,0.9588542580604553,10.106651769037864,1363.255154132843
18092,2.297697067260742,,1.6528331959584273e-05,0.9425738453865051,9.951239012234774,1363.4531936645508
18093,2.1067893505096436,,1.6521542387882166e-05,0.9495137333869934,8.221801540038413,1363.6626918315887
18094,2.1638667583465576,,1.651475626742521e-05,0.9548258781433105,8.704731760658259,1363.8621671199799
18095,2.145131826400757,,1.6507973598382527e-05,0.9191622138023376,8.543167378071434,1364.0622696876526
18096,1.9786220788955688,,1.650119438092316e-05,0.9271553158760071,7.232769929367774,1364.26216173172
18097,2.0617923736572266,,1.649441861521607e-05,0.9313480854034424,7.860045330449351,1364.462194442749
18098,1.9464268684387207,,1.6487646301430153e-05,0.9077614545822144,7.003617970341054,1364.6638870239258
18099,2.0108933448791504,,1.6480877439734143e-05,0.9542247653007507,7.469987642646372,1364.8672857284546
18100,1.9655123949050903,,1.6474112030296757e-05,0.9762094616889954,7.138569419808336,1365.0694835186005
18101,2.6376709938049316,,1.646735007328662e-05,1.0465624332427979,13.980604745929412,1365.2699987888336
18102,2.2799811363220215,,1.6460591568872245e-05,0.9819578528404236,9.776495987117409,1365.468579530716
18103,2.2006804943084717,,1.6453836517222058e-05,0.9377390742301941,9.031157059846237,1365.669080734253
18104,2.1494622230529785,,1.6447084918504442e-05,0.9355354905128479,8.580242899403833,1365.8696331977844
18105,2.59846830368042,,1.644033677288764e-05,1.008742094039917,13.443131462540032,1366.0676443576813
18106,2.5376594066619873,,1.6433592080539853e-05,1.0152473449707031,12.65002772235937,1366.2635271549225
18107,2.2119860649108887,,1.642685084162917e-05,0.9347314238548279,9.133838787675266,1366.4665138721466
18108,2.0613722801208496,,1.642011305632361e-05,0.9200780391693115,7.856744069678105,1366.6662256717682
18109,2.3429620265960693,,1.6413378724791064e-05,0.9460842609405518,10.412031646944664,1366.8653938770294
18110,2.0667009353637695,,1.6406647847199388e-05,0.9129511117935181,7.898721692970508,1367.064569234848
18111,2.475079298019409,,1.639992042371636e-05,1.020046353340149,11.882649346298788,1367.287249326706
18112,1.887412667274475,,1.639319645450959e-05,0.9340750575065613,6.602264308725226,1367.4905955791473
18113,1.958624005317688,,1.638647593974669e-05,0.9073486328125,7.089565146581244,1367.7038125991821
18114,2.1676430702209473,,1.6379758879595174e-05,0.9452017545700073,8.737665687821586,1367.9095785617828
18115,2.041930913925171,,1.6373045274222404e-05,0.9180499315261841,7.70547344945001,1368.1197204589844
18116,2.6838581562042236,,1.6366335123795697e-05,1.019008755683899,14.64147355605804,1368.3327481746674
18117,1.9612153768539429,,1.6359628428482355e-05,0.9531546235084534,7.107960668428231,1368.5362281799316
18118,1.88972806930542,,1.6352925188449465e-05,0.912128746509552,6.6175689162366975,1368.7565801143646
18119,2.260721206665039,,1.6346225403864094e-05,0.9615553617477417,9.590003047411832,1368.958783864975
18120,2.503086805343628,,1.6339529074893265e-05,1.009404182434082,12.220157047563337,1369.1592338085175
18121,2.148007869720459,,1.6332836201703796e-05,0.9801783561706543,8.56777326437481,1369.3608949184418
18122,2.3193576335906982,,1.6326146784462534e-05,0.9828241467475891,10.169139893675327,1369.5576281547546
18123,2.2773871421813965,,1.6319460823336193e-05,0.9771662950515747,9.751168677459285,1369.7601053714752
18124,2.0051939487457275,,1.631277831849144e-05,0.8970949649810791,7.427534318034191,1369.9559135437012
18125,2.11519193649292,,1.6306099270094738e-05,0.933435320854187,8.291176992841287,1370.1573934555054
18126,2.1877517700195312,,1.62994236783126e-05,0.9235671162605286,8.915147265466285,1370.3570108413696
18127,2.4361019134521484,,1.6292751543311398e-05,1.0287737846374512,11.428404890740042,1370.5547618865967
18128,2.088716506958008,,1.628608286525741e-05,0.9411615133285522,8.07454488845865,1370.754062652588
18129,2.3098716735839844,,1.6279417644316833e-05,0.9761427044868469,10.073131923151786,1370.954790353775
18130,2.2527966499328613,,1.6272755880655806e-05,0.9299271106719971,9.51430684974147,1371.1537580490112
18131,2.0681381225585938,,1.6266097574440328e-05,0.9445888996124268,7.910081795985054,1371.3579668998718
18132,2.479886054992676,,1.6259442725836343e-05,1.003029704093933,11.9399038479041,1371.5556387901306
18133,1.7838579416275024,,1.625279133500974e-05,0.8660010099411011,5.952777644459851,1371.754364490509
18134,2.1654012203216553,,1.6246143402126257e-05,0.9408814907073975,8.718099093757726,1371.9555509090424
18135,2.757556676864624,,1.623949892735157e-05,1.0867034196853638,15.761285949235033,1372.1537292003632
18136,2.133258581161499,,1.6232857910851304e-05,0.9497779607772827,8.44233206248026,1372.353166103363
18137,2.193467140197754,,1.6226220352790956e-05,0.9477776288986206,8.966246518757698,1372.5540392398834
18138,2.399081230163574,,1.621958625333596e-05,0.9783786535263062,11.013053269798023,1372.7547192573547
18139,2.463326930999756,,1.621295561265164e-05,0.9893448948860168,11.74381748941268,1372.9534003734589
18140,1.7739830017089844,,1.620632843090328e-05,0.9261018633842468,5.8942836107404295,1373.1511926651
18141,2.1799943447113037,,1.6199704708256012e-05,0.9641993641853333,8.846256230446556,1373.3507587909698
18142,2.266984224319458,,1.6193084444874943e-05,0.9516673684120178,9.650253884886347,1373.5490617752075
18143,2.4893031120300293,,1.6186467640925045e-05,1.0097054243087769,12.052873690330173,1373.7479872703552
18144,1.8655074834823608,,1.6179854296571244e-05,0.9045553207397461,6.459212998286393,1373.9491815567017
18145,1.9021703004837036,,1.6173244411978343e-05,0.9057918190956116,6.700420599582687,1374.1559791564941
18146,2.1345810890197754,,1.6166637987311087e-05,0.9603637456893921,8.453504499164316,1374.361342906952
18147,1.9800539016723633,,1.616003502273411e-05,0.9026593565940857,7.243133391642097,1374.5624306201935
18148,2.2719175815582275,,1.615343551841202e-05,1.0008560419082642,9.697979662103725,1374.7650578022003
18149,1.9812053442001343,,1.6146839474509262e-05,0.9126207232475281,7.251478246852159,1374.964629650116
18150,2.271056652069092,,1.614024689119023e-05,0.9437509179115295,9.689633978465642,1375.1678030490875
18151,2.11429762840271,,1.6133657768619218e-05,0.9386951923370361,8.283765440778684,1375.372370481491
18152,2.406818151473999,,1.6127072106960448e-05,0.9537193775177002,11.098590868479725,1375.5735540390015
18153,2.192772626876831,,1.6120489906378094e-05,0.9619130492210388,8.96002150304013,1375.7728381156921
18154,2.1354334354400635,,1.6113911167036122e-05,0.9396693706512451,8.460712885047617,1375.974613904953
18155,2.3855533599853516,,1.610733588909857e-05,1.0120351314544678,10.8650732985464,1376.1806075572968
18156,2.0234506130218506,,1.610076407272926e-05,0.9113367795944214,7.564381705905521,1376.3868825435638
18157,2.285675525665283,,1.609419571809199e-05,0.9515870213508606,9.832325969647506,1376.5869770050049
18158,2.2742953300476074,,1.6087630825350473e-05,0.9602494239807129,9.721066455011684,1376.7888207435608
18159,1.9828736782073975,,1.6081069394668323e-05,0.8846179246902466,7.2635862318875235,1376.987854719162
18160,2.1745100021362305,,1.6074511426209053e-05,0.9256266355514526,8.79787312680177,1377.200584411621
18161,2.4105424880981445,,1.6067956920136108e-05,0.9733894467353821,11.14000282509329,1377.4056134223938
18162,1.9583110809326172,,1.6061405876612885e-05,0.9082632660865784,7.087346995842159,1377.605907201767
18163,2.403048038482666,,1.6054858295802573e-05,1.0250080823898315,11.056826704139034,1377.8043491840363
18164,2.4614133834838867,,1.604831417786842e-05,1.0012601613998413,11.721366623878605,1378.0113401412964
18165,2.1126997470855713,,1.6041773522973506e-05,0.9420640468597412,8.270539536272219,1378.2121887207031
18166,2.043065309524536,,1.6035236331280824e-05,0.9028607606887817,7.714219464404628,1378.4144122600555
18167,2.188185214996338,,1.6028702602953285e-05,0.9557124376296997,8.919012328851636,1378.620926618576
18168,2.126185178756714,,1.6022172338153778e-05,0.9408879280090332,8.382826751175893,1378.8191277980804
18169,2.239104747772217,,1.601564553704505e-05,0.9730151891708374,9.384925649825705,1379.0202338695526
18170,2.2647769451141357,,1.600912219978971e-05,0.951479971408844,9.62897657128482,1379.2266008853912
18171,2.2000837326049805,,1.6002602326550385e-05,0.9530622959136963,9.025769218963154,1379.426097869873
18172,2.1939947605133057,,1.5996085917489568e-05,0.9768053293228149,8.97097854082095,1379.6264400482178
18173,2.229717493057251,,1.5989572972769625e-05,0.9280775189399719,9.29723917382651,1379.824115037918
18174,2.0050907135009766,,1.5983063492552896e-05,0.9337957501411438,7.426767574289142,1380.024185180664
18175,2.2995073795318604,,1.5976557477001645e-05,0.9367052912712097,9.969270178427807,1380.2230038642883
18176,2.338646650314331,,1.5970054926277988e-05,0.981952965259552,10.36719662211034,1380.4248986244202
18177,1.903031826019287,,1.5963555840543978e-05,0.9176573157310486,6.706195670356647,1380.619565486908
18178,2.1975059509277344,,1.59570602199616e-05,0.9395228028297424,9.002532718626993,1380.8188483715057
18179,2.104163408279419,,1.5950568064692736e-05,0.927657961845398,8.200239886384336,1381.0188477039337
18180,2.5858261585235596,,1.594407937489921e-05,1.023484468460083,13.274251196895687,1381.2288920879364
18181,1.8840891122817993,,1.593759415074272e-05,0.9519716501235962,6.580357744219936,1381.4399569034576
18182,2.407970905303955,,1.5931112392384903e-05,0.9618353843688965,11.11139218857829,1381.6384344100952
18183,2.096149206161499,,1.592463409998728e-05,0.9691700339317322,8.134784144629021,1381.838739156723
18184,2.2831528186798096,,1.5918159273711318e-05,0.9749906659126282,9.807553152657611,1382.036954164505
18185,2.3247199058532715,,1.591168791371842e-05,0.9737381339073181,10.223816053676543,1382.2434484958649
18186,2.3030588626861572,,1.5905220020169812e-05,0.9691159725189209,10.004738819386978,1382.4459066390991
18187,2.019779920578003,,1.589875559322673e-05,0.897636890411377,7.536666086013507,1382.6456289291382
18188,2.515777111053467,,1.589229463305027e-05,0.9845275282859802,12.376222742563147,1382.8538856506348
18189,2.215595245361328,,1.5885837139801447e-05,0.9497616291046143,9.166864021229479,1383.0515995025635
18190,2.1888604164123535,,1.5879383113641226e-05,0.9524750709533691,8.925036492138462,1383.2509775161743
18191,2.0237655639648438,,1.5872932554730445e-05,0.9501438736915588,7.56676449026735,1383.4546129703522
18192,2.4229111671447754,,1.586648546322986e-05,0.9543732404708862,11.278645591044063,1383.6542081832886
18193,2.2112741470336914,,1.5860041839300153e-05,0.9633349776268005,9.12733855864405,1383.8507716655731
18194,2.2844128608703613,,1.5853601683101944e-05,0.9738128185272217,9.81991887244427,1384.0525324344635
18195,2.214287757873535,,1.584716499479569e-05,0.9813268184661865,9.15488629329048,1384.2538635730743
18196,2.217972993850708,,1.5840731774541825e-05,0.957816481590271,9.188686452152956,1384.4580833911896
18197,1.8055156469345093,,1.58343020225007e-05,0.8672047257423401,6.083107375605782,1384.6586756706238
18198,2.062560558319092,,1.5827875738832545e-05,0.9224781394004822,7.866085616444259,1384.8592989444733
18199,1.909077763557434,,1.5821452923697533e-05,0.905165433883667,6.7468637248775005,1385.062525510788
18200,2.311631679534912,2.2389667510986326,1.581503357725572e-05,0.931381106376648,10.090876305810104,1385.2608416080475
18201,2.4250335693359375,,1.580861769966713e-05,1.0079773664474487,11.302608833984113,1389.5970590114594
18202,1.9951391220092773,,1.5802205291091623e-05,0.9125925898551941,7.353225952302651,1389.7973959445953
18203,2.0040018558502197,,1.5795796351689023e-05,0.9405786395072937,7.418685282626579,1390.0012691020966
18204,2.21073842048645,,1.5789390881619072e-05,0.9786930680274963,9.122450110625133,1390.2497482299805
18205,2.214336395263672,,1.5782988881041396e-05,0.9729509353637695,9.155331573895339,1390.503656387329
18206,2.008361339569092,,1.5776590350115553e-05,0.905221164226532,7.451097519307547,1390.7837455272675
18207,2.3067543506622314,,1.5770195289001004e-05,0.9750495553016663,10.041779611143706,1391.008964061737
18208,2.1190555095672607,,1.576380369785714e-05,0.9552353024482727,8.323272522813443,1391.206901550293
18209,2.03474760055542,,1.5757415576843254e-05,0.9273678064346313,7.650320945017073,1391.4107122421265
18210,1.9487884044647217,,1.5751030926118575e-05,0.9471171498298645,7.020176810944162,1391.6119422912598
18211,1.9932094812393188,,1.5744649745842186e-05,0.9339596629142761,7.339050548831131,1391.8112649917603
18212,2.3378653526306152,,1.5738272036173133e-05,0.9636553525924683,10.359099918782507,1392.0107181072235
18213,2.5926735401153564,,1.5731897797270405e-05,1.0449330806732178,13.365456964171475,1392.213502407074
18214,2.334498405456543,,1.5725527029292826e-05,0.9536494612693787,10.324280027845877,1392.4164090156555
18215,2.2834830284118652,,1.571915973239916e-05,0.9526553750038147,9.810792236915413,1392.6140189170837
18216,2.0688705444335938,,1.5712795906748132e-05,0.9304741621017456,7.915877435092818,1392.8154492378235
18217,2.2020320892333984,,1.570643555249833e-05,0.933526337146759,9.043371778711059,1393.0167384147644
18218,2.3117754459381104,,1.5700078669808266e-05,0.961778998374939,10.09232713908975,1393.2168426513672
18219,2.35371994972229,,1.569372525883637e-05,0.9614969491958618,10.524648156750283,1393.4152607917786
18220,2.343066692352295,,1.5687375319741012e-05,1.0206233263015747,10.413121487144316,1393.6133680343628
18221,1.8892946243286133,,1.5681028852680425e-05,0.9063226580619812,6.614701185777862,1393.8125178813934
18222,2.31827449798584,,1.5674685857812756e-05,0.9950805306434631,10.158131299162298,1394.0125184059143
18223,2.0123002529144287,,1.5668346335296152e-05,0.9272059202194214,7.480504624762797,1394.2119855880737
18224,2.3569295406341553,,1.5662010285288558e-05,0.9850334525108337,10.558482239562048,1394.4108362197876
18225,1.8651137351989746,,1.565567770794789e-05,0.9151781797409058,6.4566701949013785,1394.6088473796844
18226,2.391139268875122,,1.5649348603432e-05,0.9955524802207947,10.925934432195579,1394.811103105545
18227,2.1353447437286377,,1.56430229718986e-05,0.9548999667167664,8.459962523217888,1395.011028289795
18228,2.219834804534912,,1.563670081350535e-05,0.9731306433677673,9.205809982202645,1395.2108356952667
18229,2.1251583099365234,,1.563038212840981e-05,0.9445079565048218,8.374223105923594,1395.4096891880035
18230,1.8623229265213013,,1.5624066916769467e-05,0.89504075050354,6.438675984570902,1395.6084606647491
18231,2.4004039764404297,,1.5617755178741714e-05,0.9605319499969482,11.027630383793678,1395.8105957508087
18232,2.079714775085449,,1.5611446914483845e-05,0.9184228777885437,8.002186165898083,1396.0092749595642
18233,1.9018875360488892,,1.560514212415309e-05,0.9123031497001648,6.698526226782076,1396.209632396698
18234,2.0039031505584717,,1.5598840807906574e-05,0.9317696690559387,7.417953055269322,1396.4070451259613
18235,2.1401495933532715,,1.5592542965901328e-05,0.955010712146759,8.500709183367627,1396.6093707084656
18236,2.12455677986145,,1.5586248598294365e-05,0.9388819336891174,8.369187273624144,1396.8076810836792
18237,2.1887311935424805,,1.5579957705242477e-05,1.0064371824264526,8.9238832478236,1397.006288766861
18238,2.2645859718322754,,1.557367028690251e-05,0.9681516885757446,9.62713786960508,1397.2060432434082
18239,2.310620069503784,,1.5567386343431132e-05,0.9639913439750671,10.080673435649272,1397.4075286388397
18240,1.9314242601394653,,1.5561105874984983e-05,0.8948607444763184,6.899329687461585,1397.6034376621246
18241,2.0150506496429443,,1.5554828881720548e-05,0.9329474568367004,7.501107299987937,1397.8101904392242
18242,2.0168373584747314,,1.554855536379432e-05,0.9030693769454956,7.514521574782067,1398.012573003769
18243,1.948664903640747,,1.5542285321362614e-05,0.9013496041297913,7.019309866858819,1398.2128875255585
18244,1.9819501638412476,,1.553601875458169e-05,0.9144137501716614,7.256881302178603,1398.411503791809
18245,1.955993890762329,,1.5529755663607758e-05,0.9363110661506653,7.070943277657043,1398.6081800460815
18246,2.3751721382141113,,1.5523496048596886e-05,0.9924903512001038,10.752864005579905,1398.8081612586975
18247,1.9490491151809692,,1.5517239909705082e-05,0.9361114501953125,7.022007284870444,1399.0069165229797
18248,2.1996941566467285,,1.5510987247088275e-05,0.9552294611930847,9.022253681099693,1399.2046203613281
18249,2.115565061569214,,1.550473806090229e-05,0.9271969199180603,8.294271216119556,1399.4024541378021
18250,2.459195137023926,,1.549849235130289e-05,0.9962086081504822,11.695394560727735,1399.6063630580902
18251,2.2337896823883057,,1.5492250118445696e-05,0.9764381051063538,9.335176483527015,1399.8082797527313
18252,1.9458210468292236,,1.5486011362486344e-05,0.8811448216438293,6.99937631220377,1400.0078988075256
18253,2.29533314704895,,1.5479776083580252e-05,0.9738659858703613,9.927742859657974,1400.2079191207886
18254,2.189396858215332,,1.5473544281882855e-05,0.9397634267807007,8.929825539213631,1400.4078967571259
18255,2.2811691761016846,,1.5467315957549484e-05,0.9769178032875061,9.788117755450415,1400.6095752716064
18256,2.192660331726074,,1.546109111073531e-05,0.9581143260002136,8.959015392566382,1400.8088750839233
18257,2.167177438735962,,1.5454869741595518e-05,0.9566857814788818,8.733598102643416,1401.0117981433868
18258,2.209773302078247,,1.5448651850285153e-05,0.9684142470359802,9.113650113298226,1401.21284866333
18259,2.278583526611328,,1.5442437436959155e-05,0.9473044872283936,9.762841805220438,1401.413069486618
18260,2.183846950531006,,1.5436226501772425e-05,0.9407018423080444,8.880403103668193,1401.6151399612427
18261,1.8456296920776367,,1.543001904487978e-05,0.9102038741111755,6.332085799554064,1401.8193464279175
18262,2.442674398422241,,1.5423815066435878e-05,0.9874271154403687,11.503765291384939,1402.0180988311768
18263,1.899394154548645,,1.541761456659537e-05,0.9101400375366211,6.681845050319885,1402.2159843444824
18264,2.119468927383423,,1.5411417545512765e-05,0.9257094860076904,8.326714223344286,1402.4199032783508
18265,2.1511788368225098,,1.540522400334255e-05,0.9548230767250061,8.594984511718213,1402.6188218593597
18266,2.213473320007324,,1.5399033940239036e-05,0.9718398451805115,9.147433242667663,1402.819403886795
18267,2.089472532272339,,1.5392847356356513e-05,0.9475709199905396,8.080651756978746,1403.019876241684
18268,1.8836778402328491,,1.538666425184918e-05,0.932650625705719,6.577651983447672,1403.2176585197449
18269,2.065772294998169,,1.538048462687112e-05,0.954049825668335,7.891390025937634,1403.4180731773376
18270,2.3158340454101562,,1.5374308481576355e-05,0.9686137437820435,10.13337108682004,1403.6245605945587
18271,2.044326066970825,,1.536813581611882e-05,0.9522365927696228,7.723951357525965,1403.8303203582764
18272,2.002429962158203,,1.5361966630652333e-05,0.9521199464797974,7.407033058455839,1404.0304024219513
18273,2.222365140914917,,1.5355800925330646e-05,0.9595983624458313,9.229133273550179,1404.2284667491913
18274,2.413783311843872,,1.5349638700307454e-05,0.9649819731712341,11.176164175407683,1404.42733168602
18275,2.105792760848999,,1.5343479955736313e-05,0.9457036852836609,8.213611859185198,1404.6251919269562
18276,2.0817933082580566,,1.5337324691770702e-05,0.9368333220481873,8.018836273203007,1404.8227519989014
18277,1.9553322792053223,,1.5331172908564046e-05,0.9284723997116089,7.066266607105841,1405.0216751098633
18278,2.149132251739502,,1.5325024606269672e-05,0.9253097772598267,8.577412132446,1405.2219808101654
18279,1.7626962661743164,,1.5318879785040757e-05,0.8840321898460388,5.828130419518683,1405.4215846061707
18280,1.6964256763458252,,1.531273844503051e-05,0.8885656595230103,5.454416657459354,1405.6213836669922
18281,1.8640227317810059,,1.5306600586391992e-05,0.875533938407898,6.449629786902982,1405.8287193775177
18282,2.276728630065918,,1.5300466209278135e-05,0.9689157605171204,9.744749528520742,1406.029001235962
18283,1.8433997631072998,,1.5294335313841824e-05,0.8527101874351501,6.317981429703045,1406.228749513626
18284,1.601186990737915,,1.52882079002359e-05,0.8496876358985901,4.958915118668573,1406.4268803596497
18285,2.6511764526367188,,1.528208396861303e-05,1.0260531902313232,14.170700000186107,1406.626136302948
18286,2.2122786045074463,,1.527596351912585e-05,0.9783754944801331,9.136511188061643,1406.8277633190155
18287,1.8946048021316528,,1.526984655192692e-05,0.8962582349777222,6.649919851117868,1407.032544851303
18288,1.950956106185913,,1.5263733067168653e-05,0.9295493960380554,7.035410965886906,1407.2310364246368
18289,2.4558498859405518,,1.5257623065003428e-05,1.0238968133926392,11.656335896347134,1407.4286906719208
18290,2.352625846862793,,1.5251516545583528e-05,1.0092500448226929,10.513139406133318,1407.627036333084
18291,2.1539463996887207,,1.5245413509061147e-05,0.9593024849891663,8.618804618305749,1407.8294270038605
18292,2.0407493114471436,,1.5239313955588382e-05,0.9341835975646973,7.696374019940702,1408.0266709327698
18293,1.8454678058624268,,1.5233217885317247e-05,0.9303016662597656,6.331060805118064,1408.2305059432983
18294,2.323347806930542,,1.5227125298399696e-05,0.9444971680641174,10.20979758624447,1408.4317274093628
18295,2.0912115573883057,,1.5221036194987532e-05,0.9723604917526245,8.094716439210794,1408.63024020195
18296,2.415969133377075,,1.5214950575232549e-05,0.9980890154838562,11.200619994011245,1408.8306548595428
18297,2.316059112548828,,1.5208868439286403e-05,0.9857126474380493,10.135652032328961,1409.031389951706
18298,1.8521283864974976,,1.5202789787300647e-05,0.8964219689369202,6.37337009190926,1409.2351939678192
18299,2.158015012741089,,1.5196714619426813e-05,0.915200412273407,8.653942632291026,1409.4366734027863
18300,2.3526055812835693,,1.5190642935816306e-05,0.9620838761329651,10.51292635343262,1409.6347162723541
18301,1.8632385730743408,,1.5184574736620431e-05,0.9173508286476135,6.444574235987006,1409.8369901180267
18302,2.2480831146240234,,1.5178510021990449e-05,0.9827551245689392,9.46956635425352,1410.038527727127
18303,2.0055837631225586,,1.5172448792077502e-05,0.9674078226089478,7.430430242095512,1410.2356612682343
18304,2.050978899002075,,1.516639104703263e-05,0.968130886554718,7.775508819932089,1410.4329702854156
18305,2.2557625770568848,,1.5160336787006815e-05,0.9723778963088989,9.542567479260473,1410.6348621845245
18306,1.911978006362915,,1.5154286012150977e-05,0.8861596584320068,6.766459670619675,1410.8351454734802
18307,2.004187822341919,,1.5148238722615861e-05,0.8969229459762573,7.420065037791747,1411.0331404209137
18308,2.295731782913208,,1.5142194918552227e-05,0.9321818351745605,9.93170120292934,1411.2350463867188
18309,2.0123672485351562,,1.5136154600110676e-05,0.9102573990821838,7.48100580260166,1411.4378480911255
18310,1.950015664100647,,1.5130117767441772e-05,0.9522372484207153,7.02879767952127,1411.641651391983
18311,1.9710686206817627,,1.5124084420695951e-05,0.9137469530105591,7.178343317280676,1411.848261833191
18312,2.1142616271972656,,1.5118054560023593e-05,0.9886051416397095,8.283467220605372,1412.0469150543213
18313,1.9555413722991943,,1.5112028185574985e-05,0.9182480573654175,7.067744269131924,1412.2450897693634
18314,2.107243776321411,,1.510600529750028e-05,0.9778102040290833,8.225538587918637,1412.4463939666748
18315,2.065542697906494,,1.5099985895949605e-05,0.9627285003662109,7.889578393719109,1412.648666381836
18316,2.0989456176757812,,1.5093969981073016e-05,0.9414532780647278,8.157564185016046,1412.8465330600739
18317,2.1063272953033447,,1.5087957553020385e-05,0.9353541731834412,8.21800349135334,1413.044196844101
18318,2.3075923919677734,,1.5081948611941589e-05,0.9781312346458435,10.05019856446158,1413.245393037796
18319,2.1315202713012695,,1.5075943157986386e-05,0.9509132504463196,8.427669421211867,1413.4526834487915
18320,2.0893709659576416,,1.5069941191304446e-05,0.9803253412246704,8.079831076636882,1413.6504380702972
18321,1.9568384885787964,,1.5063942712045353e-05,0.8922522664070129,7.076917903632578,1413.8542654514313
18322,1.8968437910079956,,1.5057947720358623e-05,0.9131447672843933,6.664825628400881,1414.0559294223785
18323,1.7575619220733643,,1.5051956216393618e-05,0.8959137797355652,5.798283480275317,1414.2559340000153
18324,1.7670167684555054,,1.5045968200299701e-05,0.8635506629943848,5.85336534481296,1414.4595041275024
18325,2.4719176292419434,,1.5039983672226098e-05,0.961858332157135,11.845139672694982,1414.6586859226227
18326,2.5964407920837402,,1.5034002632321975e-05,1.0170186758041382,13.415902969973843,1414.85409450531
18327,2.2698452472686768,,1.5028025080736371e-05,0.9695061445236206,9.677903016256431,1415.053248167038
18328,2.0623550415039062,,1.5022051017618278e-05,0.9274564385414124,7.864469169689575,1415.2533872127533
18329,1.8509314060211182,,1.5016080443116581e-05,0.8783617615699768,6.365745856281411,1415.4544401168823
18330,2.1704955101013184,,1.5010113357380052e-05,0.9145114421844482,8.762624934342732,1415.652927160263
18331,2.1300911903381348,,1.5004149760557468e-05,0.9358116388320923,8.415634200978747,1415.853452205658
18332,1.7691869735717773,,1.4998189652797415e-05,0.8713278770446777,5.866082142270013,1416.0508875846863
18333,1.7070311307907104,,1.4992233034248444e-05,0.8916512131690979,5.512571056680785,1416.247698545456
18334,2.3087053298950195,,1.4986279905059004e-05,0.9815819263458252,10.061390038172926,1416.4462411403656
18335,2.0716965198516846,,1.4980330265377501e-05,0.927359938621521,7.938279148574226,1416.6462967395782
18336,2.2445430755615234,,1.4974384115352148e-05,0.9670975804328918,9.436102985217861,1416.8456771373749
18337,1.9263434410095215,,1.4968441455131168e-05,0.9052361249923706,6.864364342716333,1417.0432229042053
18338,2.135699987411499,,1.496250228486271e-05,0.9275441765785217,8.462968405340211,1417.2417302131653
18339,1.8072932958602905,,1.4956566604694733e-05,0.8968877792358398,6.093930622013461,1417.441220998764
18340,2.243133783340454,,1.4950634414775178e-05,0.9742710590362549,9.422814124826795,1417.641916513443
18341,2.184736967086792,,1.494470571525191e-05,0.9562681317329407,8.888310327710704,1417.8458135128021
18342,2.2037031650543213,,1.493878050627271e-05,0.9507087469100952,9.058496572448977,1418.0466148853302
18343,1.9702774286270142,,1.4932858787985199e-05,0.9112401008605957,7.172666115256508,1418.2474308013916
18344,2.0798683166503906,,1.4926940560536996e-05,0.9559667110443115,8.003414928415593,1418.4499633312225
18345,2.1246440410614014,,1.492102582407561e-05,0.9401186108589172,8.369917610812843,1418.6517798900604
18346,2.2479021549224854,,1.4915114578748404e-05,0.9654338359832764,9.467852899390175,1418.8523313999176
18347,1.951114296913147,,1.4909206824702729e-05,0.9349355101585388,7.03652399069677,1419.0555143356323
18348,2.0941431522369385,,1.4903302562085845e-05,0.9363128542900085,8.118481686242648,1419.255807876587
18349,2.0433359146118164,,1.4897401791044845e-05,0.9191339015960693,7.716307253906582,1419.4554274082184
18350,2.0755884647369385,,1.4891504511726838e-05,0.9148246645927429,7.969234693066534,1419.6650660037994
18351,2.058638572692871,,1.4885610724278779e-05,0.9081447720527649,7.835295360660143,1419.8651804924011
18352,2.138331174850464,,1.4879720428847567e-05,0.9541050791740417,8.485265382403917,1420.0654406547546
18353,2.191739320755005,,1.4873833625580002e-05,0.976800799369812,8.950767839726183,1420.2642712593079
18354,2.2580959796905518,,1.486795031462282e-05,0.9775987267494202,9.564860130098754,1420.4711921215057
18355,1.9570666551589966,,1.4862070496122592e-05,0.9164952039718628,7.0785328040151505,1420.6703021526337
18356,2.474045753479004,,1.4856194170225896e-05,1.01421320438385,11.870374443363511,1420.8770761489868
18357,1.9265460968017578,,1.4850321337079192e-05,0.9231052994728088,6.865755586877487,1421.0803966522217
18358,2.325129747390747,,1.4844451996828846e-05,0.988389790058136,10.228007056931796,1421.2774021625519
18359,1.9544998407363892,,1.4838586149621112e-05,0.9278694987297058,7.060386822569303,1421.481056690216
18360,2.1540966033935547,,1.483272379560219e-05,0.9628082513809204,8.620099291920612,1421.679521560669
18361,2.297341823577881,,1.4826864934918191e-05,0.9819030165672302,9.947704525278287,1421.8824350833893
18362,2.158245801925659,,1.482100956771514e-05,0.9693249464035034,8.655940099142457,1422.085179567337
18363,2.0722551345825195,,1.4815157694138952e-05,0.9585797190666199,7.942714827046422,1422.2899014949799
18364,2.041398048400879,,1.4809309314335511e-05,0.9373084902763367,7.701368562074063,1422.4966132640839
18365,2.0282840728759766,,1.4803464428450522e-05,0.9301836490631104,7.6010323445438654,1422.6996228694916
18366,2.234872579574585,,1.4797623036629687e-05,0.9531946182250977,9.345290995374246,1422.8964853286743
18367,2.0167715549468994,,1.4791785139018583e-05,0.9181842803955078,7.51402710902145,1423.0945808887482
18368,2.0777056217193604,,1.4785950735762676e-05,0.9217520356178284,7.986124687016921,1423.2917304039001
18369,1.9291995763778687,,1.4780119827007413e-05,0.8941598534584045,6.883997921229029,1423.4913854599
18370,2.0734481811523438,,1.4774292412898111e-05,0.9165084958076477,7.952196510646315,1423.6910784244537
18371,2.081455945968628,,1.4768468493579978e-05,0.9344010353088379,8.01613147651318,1423.8954157829285
18372,1.8914062976837158,,1.4762648069198185e-05,0.8911996483802795,6.628684032430202,1424.0949676036835
18373,1.868098258972168,,1.4756831139897797e-05,0.8703619241714478,6.475969065237188,1424.2990806102753
18374,2.2983009815216064,,1.4751017705823776e-05,0.9768787622451782,9.957250522423191,1424.4986102581024
18375,2.155470609664917,,1.474520776712099e-05,0.9819403290748596,8.631951503049043,1424.7016108036041
18376,2.2272849082946777,,1.4739401323934279e-05,0.9525770545005798,9.274650337247154,1424.900279045105
18377,2.297833204269409,,1.4733598376408328e-05,0.9865739345550537,9.95259383636519,1425.0993225574493
18378,2.3200132846832275,,1.4727798924687748e-05,0.9969526529312134,10.175809487581038,1425.2979996204376
18379,1.8478209972381592,,1.4722002968917107e-05,0.9065408706665039,6.345976545716971,1425.496214389801
18380,2.0842244625091553,,1.4716210509240864e-05,0.9600124955177307,8.03835501802338,1425.696163892746
18381,1.902671217918396,,1.4710421545803313e-05,0.9076440334320068,6.703777797850163,1425.9034583568573
18382,2.0886776447296143,,1.47046360787488e-05,0.9224548935890198,8.074231099748324,1426.1024842262268
18383,2.168701171875,,1.4698854108221507e-05,0.9374154210090637,8.746915919318022,1426.3038849830627
18384,2.342794895172119,,1.4693075634365495e-05,1.0053317546844482,10.41029161468038,1426.5072355270386
18385,1.9419676065444946,,1.468730065732481e-05,0.9476903080940247,6.97245653374471,1426.7109727859497
18386,2.3267576694488525,,1.4681529177243388e-05,0.979699969291687,10.244671015362847,1426.9133021831512
18387,2.6375410556793213,,1.4675761194265049e-05,1.0384111404418945,13.978788250372396,1427.1114237308502
18388,2.2247352600097656,,1.4669996708533552e-05,0.9529789686203003,9.251033361206778,1427.3123738765717
18389,2.4531476497650146,,1.4664235720192555e-05,1.017469048500061,11.624880243256639,1427.511430978775
18390,2.131826877593994,,1.4658478229385675e-05,0.9374703168869019,8.430253793861626,1427.710450410843
18391,2.2004621028900146,,1.4652724236256342e-05,0.9667608737945557,9.02918494799962,1427.912377357483
18392,2.3157615661621094,,1.4646973740947976e-05,1.0159801244735718,10.132636654319366,1428.1123669147491
18393,2.263862133026123,,1.4641226743603952e-05,0.9694978594779968,9.620171895048381,1428.3086020946503
18394,2.0609989166259766,,1.4635483244367444e-05,0.9546902775764465,7.853811195802018,1428.5078103542328
18395,2.1058473587036133,,1.4629743243381615e-05,0.9678223729133606,8.214060317013649,1428.708551645279
18396,2.309469223022461,,1.4624006740789514e-05,0.9587993621826172,10.069078801198323,1428.911217212677
18397,2.1723289489746094,,1.4618273736734107e-05,0.9810666441917419,8.77870540830792,1429.1102833747864
18398,2.011971950531006,,1.4612544231358284e-05,0.9193335175514221,7.478049160354745,1429.309692621231
18399,1.9275689125061035,,1.4606818224804838e-05,0.9255883097648621,6.872781582050524,1429.5102784633636
18400,1.8283218145370483,2.237606498930189,1.460109571721646e-05,0.9095137715339661,6.223433813915828,1429.7112815380096
18401,2.1452555656433105,,1.45953767087358e-05,0.9420983195304871,8.54422456853843,1434.1283299922943
18402,1.9320454597473145,,1.4589661199505357e-05,0.917514979839325,6.9036168798211,1434.3275754451752
18403,2.152106761932373,,1.4583949189667602e-05,0.9544446468353271,8.602963715144591,1434.5545103549957
18404,1.7845813035964966,,1.4578240679364874e-05,0.8455644845962524,5.957085215196328,1434.8133871555328
18405,2.267019033432007,,1.4572535668739467e-05,0.9790295362472534,9.6505898075065,1435.0783894062042
18406,2.125248908996582,,1.456683415793356e-05,0.9455798864364624,8.374981837035355,1435.3158416748047
18407,2.348686695098877,,1.4561136147089216e-05,0.9990101456642151,10.471808013256565,1435.5168526172638
18408,1.6787711381912231,,1.4555441636348494e-05,0.8844375014305115,5.35896649391388,1435.7172544002533
18409,2.112760543823242,,1.4549750625853294e-05,0.9536299705505371,8.271042373380075,1435.9186117649078
18410,2.151456356048584,,1.4544063115745427e-05,0.9113909602165222,8.597370116178265,1436.1169605255127
18411,2.3190863132476807,,1.4538379106166668e-05,0.9658656120300293,10.166381173416568,1436.3178510665894
18412,2.427311897277832,,1.4532698597258686e-05,1.0103111267089844,11.328389240465407,1436.5175287723541
18413,2.1024012565612793,,1.4527021589163029e-05,0.9182462096214294,8.185802543709364,1436.72038936615
18414,1.96648371219635,,1.4521348082021186e-05,0.9245653748512268,7.145506604278856,1436.9197952747345
18415,2.3445892333984375,,1.4515678075974594e-05,0.9798746705055237,10.428987967645824,1437.1184422969818
18416,2.065321207046509,,1.4510011571164503e-05,0.9520689845085144,7.887831117725737,1437.3201882839203
18417,2.226836681365967,,1.4504348567732185e-05,0.9490872025489807,9.270494120745285,1437.5180122852325
18418,2.3573672771453857,,1.4498689065818748e-05,0.9738585352897644,10.563105084461666,1437.717096567154
18419,1.8713001012802124,,1.4493033065565272e-05,0.8905583024024963,6.496737327583714,1437.9154434204102
18420,2.16756534576416,,1.4487380567112683e-05,0.9343292713165283,8.736986583894247,1438.1129624843597
18421,1.7687402963638306,,1.4481731570601889e-05,0.9386824369430542,5.863462482191899,1438.3137435913086
18422,2.0343356132507324,,1.4476086076173651e-05,0.91261225938797,7.647169759079813,1438.5126447677612
18423,2.290097236633301,,1.447044408396867e-05,0.9829845428466797,9.875897933552453,1438.7166233062744
18424,2.447868585586548,,1.4464805594127594e-05,0.9866477847099304,11.56367345381545,1438.9150273799896
18425,2.2196552753448486,,1.445917060679093e-05,0.9675731658935547,9.204157418938774,1439.112532377243
18426,2.2141005992889404,,1.4453539122099088e-05,1.0102729797363281,9.153173038059915,1439.3153550624847
18427,2.13200306892395,,1.4447911140192455e-05,0.9268653392791748,8.431739262348925,1439.523018360138
18428,2.375105142593384,,1.4442286661211287e-05,1.0038751363754272,10.752143634912363,1439.7232646942139
18429,2.273047685623169,,1.4436665685295761e-05,1.0001050233840942,9.708945583490674,1439.9218108654022
18430,2.2908031940460205,,1.4431048212585933e-05,0.9613193869590759,9.882872358439725,1440.119817495346
18431,2.22375750541687,,1.442543424322186e-05,0.9548568725585938,9.241992541420618,1440.3261322975159
18432,2.1599929332733154,,1.4419823777343418e-05,0.9551951885223389,8.67107638212009,1440.5244739055634
18433,1.8410671949386597,,1.4414216815090453e-05,0.887900710105896,6.3032614816453165,1440.7228467464447
18434,2.0897302627563477,,1.4408613356602712e-05,0.9072414040565491,8.082734655668894,1440.9215774536133
18435,1.7829371690750122,,1.4403013402019831e-05,0.8998379707336426,5.947299012867628,1441.1183547973633
18436,2.005802869796753,,1.4397416951481369e-05,0.9040161371231079,7.432058477325779,1441.325259923935
18437,1.7832849025726318,,1.4391824005126815e-05,0.8755514025688171,5.949367447565936,1441.5259249210358
18438,2.0702245235443115,,1.4386234563095578e-05,0.9332678318023682,7.926602626987322,1441.7231006622314
18439,2.1753618717193604,,1.4380648625526944e-05,0.9642748832702637,8.80537096044952,1441.9208765029907
18440,2.277479410171509,,1.437506619256011e-05,0.9632087349891663,9.752068439703388,1442.1189608573914
18441,2.18159818649292,,1.4369487264334249e-05,0.932945966720581,8.86045560953479,1442.32084774971
18442,2.393181562423706,,1.436391184098835e-05,1.021560549736023,10.948271198952208,1442.5208768844604
18443,1.9294383525848389,,1.4358339922661393e-05,0.8988087177276611,6.8856418523994645,1442.720039844513
18444,2.121981382369995,,1.435277150949227e-05,0.9316605925559998,8.347661020940762,1442.9203107357025
18445,2.166736602783203,,1.4347206601619715e-05,0.9611015915870667,8.729748867105869,1443.1165232658386
18446,1.9499188661575317,,1.4341645199182449e-05,0.9041405320167542,7.028117339291618,1443.3182542324066
18447,2.3866920471191406,,1.4336087302319077e-05,1.0110821723937988,10.877452264266072,1443.5180659294128
18448,2.0360476970672607,,1.4330532911168109e-05,0.9443531632423401,7.660273568876065,1443.7179617881775
18449,2.038447856903076,,1.4324982025867956e-05,0.9414806962013245,7.678681532017336,1443.927610874176
18450,2.0257413387298584,,1.4319434646557e-05,0.9293616414070129,7.581729491467673,1444.1248469352722
18451,1.8879151344299316,,1.4313890773373473e-05,0.9028319716453552,6.605582563279152,1444.3230724334717
18452,2.058741331100464,,1.4308350406455536e-05,0.9477564692497253,7.836100544503419,1444.5225942134857
18453,2.238651990890503,,1.4302813545941275e-05,0.9684037566184998,9.380677521910515,1444.7217309474945
18454,1.8278337717056274,,1.4297280191968686e-05,0.914425253868103,6.220397252702362,1444.9226431846619
18455,2.3148369789123535,,1.4291750344675681e-05,0.974926769733429,10.123272477328788,1445.1188795566559
18456,2.010524272918701,,1.4286224004200078e-05,0.9053086042404175,7.467231188358852,1445.31805062294
18457,2.2490005493164062,,1.4280701170679598e-05,0.9635195136070251,9.47825804937041,1445.5160157680511
18458,2.036475896835327,,1.4275181844251897e-05,0.9133497476577759,7.66355439861672,1445.717392206192
18459,1.772024393081665,,1.4269666025054501e-05,0.8830065131187439,5.882750314302471,1445.9205627441406
18460,2.1206512451171875,,1.426415371322494e-05,0.948347270488739,8.336564867382608,1446.1229116916656
18461,2.273292064666748,,1.4258644908900526e-05,0.9778072237968445,9.711318536264685,1446.3265523910522
18462,2.5984926223754883,,1.4253139612218583e-05,1.0256906747817993,13.443458385929993,1446.5259611606598
18463,1.7870973348617554,,1.4247637823316313e-05,0.8914724588394165,5.972092299076942,1446.727688074112
18464,1.9622774124145508,,1.4242139542330843e-05,0.9473686218261719,7.11551358544481,1446.9385449886322
18465,2.1469812393188477,,1.4236644769399198e-05,0.970867395401001,8.558981841410693,1447.1393549442291
18466,2.135167360305786,,1.4231153504658329e-05,0.9661997556686401,8.458461999196302,1447.3382675647736
18467,2.1557536125183105,,1.42256657482451e-05,0.9933523535728455,8.634394715656525,1447.540143251419
18468,2.3811542987823486,,1.4220181500296254e-05,0.9518657326698303,10.817382151177904,1447.740775346756
18469,2.177335739135742,,1.4214700760948492e-05,0.9259520173072815,8.822768760103727,1447.9414312839508
18470,1.6045739650726318,,1.420922353033841e-05,0.8523391485214233,4.975739312376329,1448.1432774066925
18471,2.2473738193511963,,1.420374980860249e-05,0.9822437167167664,9.462852017108021,1448.3470408916473
18472,2.109853744506836,,1.4198279595877179e-05,0.9285674095153809,8.247035022243242,1448.5465750694275
18473,2.059643030166626,,1.4192812892298796e-05,0.9124734401702881,7.843169535619134,1448.7468836307526
18474,2.2582569122314453,,1.4187349698003598e-05,0.9476266503334045,9.566399551210937,1448.9477117061615
18475,2.2811279296875,,1.4181890013127728e-05,0.9488205313682556,9.787714039017372,1449.1525449752808
18476,2.407609701156616,,1.417643383780728e-05,1.0037840604782104,11.107379432392783,1449.3529357910156
18477,2.200453042984009,,1.4170981172178186e-05,0.9654583930969238,9.029103144803246,1449.5533051490784
18478,2.2282211780548096,,1.4165532016376382e-05,0.9898799061775208,9.283337978246859,1449.7615399360657
18479,2.334437847137451,,1.4160086370537689e-05,0.9561015963554382,10.323654825732342,1449.9701282978058
18480,1.6245194673538208,,1.4154644234797779e-05,0.8828039169311523,5.075979277280826,1450.1681697368622
18481,2.2542214393615723,,1.4149205609292314e-05,0.9825242757797241,9.527872395290574,1450.3718276023865
18482,2.2754721641540527,,1.4143770494156826e-05,0.944868266582489,9.732513271748042,1450.5718762874603
18483,2.258394479751587,,1.4138338889526781e-05,0.9603803157806396,9.567715667599238,1450.7724001407623
18484,2.242507219314575,,1.4132910795537551e-05,0.9553172588348389,9.416911977703256,1450.9716687202454
18485,2.2416672706604004,,1.4127486212324405e-05,0.9500322341918945,9.40900557611163,1451.1700599193573
18486,2.429809093475342,,1.4122065140022572e-05,1.0095610618591309,11.356713802275328,1451.373219013214
18487,1.8841098546981812,,1.4116647578767115e-05,0.8795430660247803,6.58049423815581,1451.5787315368652
18488,2.4713988304138184,,1.4111233528693065e-05,0.9785282611846924,11.838996021911024,1451.7808735370636
18489,2.4027981758117676,,1.4105822989935391e-05,1.0025622844696045,11.054064361004665,1451.9874119758606
18490,2.1408205032348633,,1.4100415962628883e-05,0.962006688117981,8.506414306757117,1452.1857244968414
18491,2.2796926498413086,,1.4095012446908331e-05,0.9623167514801025,9.773676006979013,1452.387948513031
18492,2.167292833328247,,1.4089612442908413e-05,1.0026686191558838,8.7346059707858,1452.5867302417755
18493,1.774588942527771,,1.408421595076368e-05,0.8837809562683105,5.897856280081462,1452.785596370697
18494,2.1939737796783447,,1.4078822970608629e-05,0.9767938852310181,8.970790324175224,1452.9871842861176
18495,2.3036715984344482,,1.4073433502577716e-05,0.977384626865387,10.010870959012655,1453.189492225647
18496,2.2788491249084473,,1.4068047546805214e-05,0.9617623686790466,9.765435143756854,1453.3897080421448
18497,1.955614447593689,,1.4062665103425351e-05,0.9422145485877991,7.068260765497136,1453.5871858596802
18498,2.203747034072876,,1.4057286172572307e-05,0.9952695965766907,9.058893968519815,1453.7846946716309
18499,1.879560947418213,,1.4051910754380114e-05,0.9019924402236938,6.5506281605195085,1453.9825751781464
18500,2.7229549884796143,,1.4046538848982742e-05,1.020462155342102,15.22524626459527,1454.1876237392426
18501,2.2488043308258057,,1.4041170456514079e-05,0.9795806407928467,9.476398422335011,1454.3973240852356
18502,2.0159106254577637,,1.4035805577107935e-05,0.8984544277191162,7.507560845399047,1454.6361765861511
18503,2.414228916168213,,1.4030444210897974e-05,0.9778708219528198,11.181145432246156,1454.8457562923431
18504,2.1839795112609863,,1.402508635801786e-05,0.9522389769554138,8.881580374414346,1455.0612711906433
18505,2.073021411895752,,1.4019732018601092e-05,0.9656075239181519,7.948803481724908,1455.281934261322
18506,2.047713279724121,,1.4014381192781128e-05,0.9119427800178528,7.750158383399592,1455.5113170146942
18507,2.080594539642334,,1.4009033880691327e-05,0.9334997534751892,8.009229303361513,1455.718411207199
18508,2.1987593173980713,,1.4003690082464978e-05,0.9757177829742432,9.013823265402959,1455.954796552658
18509,2.303520441055298,,1.3998349798235215e-05,0.9900606274604797,10.009357856356676,1456.1564679145813
18510,2.3185012340545654,,1.3993013028135157e-05,0.9818852543830872,10.160434775049332,1456.3768184185028
18511,1.7416508197784424,,1.3987679772297818e-05,0.9001148343086243,5.706756477369442,1456.5843377113342
18512,1.8854845762252808,,1.3982350030856126e-05,0.8860588669776917,6.589546806198366,1456.812533378601
18513,1.9913190603256226,,1.3977023803942875e-05,0.9192634224891663,7.3251897596776425,1457.013962507248
18514,2.2061922550201416,,1.3971701091690827e-05,0.9241673946380615,9.081072069939346,1457.2155847549438
18515,1.7608659267425537,,1.3966381894232646e-05,0.898134171962738,5.817472719178375,1457.425122976303
18516,2.142998695373535,,1.3961066211700884e-05,0.9325258731842041,8.52496310561855,1457.623838186264
18517,2.2544260025024414,,1.395575404422803e-05,0.9656662940979004,9.529821646159197,1457.8254752159119
18518,1.9381064176559448,,1.3950445391946496e-05,0.9003351330757141,6.945586470628601,1458.028376340866
18519,2.1148340702056885,,1.3945140254988572e-05,0.9156177043914795,8.28821039096914,1458.2316217422485
18520,2.1871578693389893,,1.393983863348646e-05,0.9680714011192322,8.90985412539352,1458.4347796440125
18521,2.179309606552124,,1.3934540527572309e-05,0.9627288579940796,8.84020093462234,1458.6433329582214
18522,2.124634265899658,,1.3929245937378158e-05,0.9091181755065918,8.369835793914307,1458.8424937725067
18523,1.9240012168884277,,1.3923954863035961e-05,0.9420230984687805,6.848305277283743,1459.0388412475586
18524,2.275808334350586,,1.3918667304677583e-05,0.9684969186782837,9.73578560264661,1459.2374832630157
18525,1.7688655853271484,,1.39133832624348e-05,0.852222204208374,5.864197155350004,1459.4367201328278
18526,1.7884856462478638,,1.3908102736439315e-05,0.8889212608337402,5.9803891808097065,1459.6351625919342
18527,2.0591561794281006,,1.390282572682273e-05,0.8929141759872437,7.839352012095815,1459.8332068920135
18528,2.035289764404297,,1.3897552233716566e-05,0.9172194600105286,7.654469797042932,1460.0318818092346
18529,2.145840644836426,,1.3892282257252236e-05,1.0055347681045532,8.549225079259529,1460.2414515018463
18530,2.0594372749328613,,1.3887015797561082e-05,0.9083229303359985,7.84155592844763,1460.4427092075348
18531,2.0662379264831543,,1.3881752854774403e-05,0.9277632832527161,7.895065361203513,1460.6406025886536
18532,2.3718957901000977,,1.3876493429023305e-05,0.9700064063072205,10.717691529975149,1460.840346813202
18533,1.945979356765747,,1.3871237520438888e-05,0.9276626706123352,7.0004844707373985,1461.0391991138458
18534,2.1652145385742188,,1.3865985129152145e-05,0.9488663077354431,8.716471735688328,1461.237867116928
18535,2.202615737915039,,1.3860736255293988e-05,0.9224196672439575,9.048651471320229,1461.4394443035126
18536,1.8032904863357544,,1.3855490898995212e-05,0.9151473045349121,6.069586533357161,1461.6394243240356
18537,2.084246873855591,,1.3850249060386587e-05,0.9472783803939819,8.038535170401182,1461.8403973579407
18538,1.675970196723938,,1.3845010739598701e-05,0.8883926868438721,5.343977344104412,1462.0362119674683
18539,2.2532777786254883,,1.383977593676214e-05,1.0267573595046997,9.518885557142765,1462.235657453537
18540,2.064427137374878,,1.3834544652007367e-05,0.9542416930198669,7.880781998819711,1462.435180902481
18541,2.1194448471069336,,1.382931688546473e-05,0.9413166642189026,8.326513716177685,1462.6362416744232
18542,2.5778937339782715,,1.3824092637264557e-05,1.0227781534194946,13.16937072903195,1462.838353395462
18543,2.1845784187316895,,1.381887190753702e-05,0.9270055890083313,8.88690121243801,1463.038200378418
18544,1.9002617597579956,,1.3813654696412256e-05,0.9054194092750549,6.6876447694630805,1463.23770236969
18545,2.139164686203003,,1.3808441004020276e-05,0.9130234718322754,8.492340895780181,1463.4370093345642
18546,1.9376754760742188,,1.380323083049101e-05,0.8975009322166443,6.942593973450978,1463.6364395618439
18547,2.117635726928711,,1.3798024175954369e-05,0.9488828182220459,8.311463669975428,1463.8354256153107
18548,2.2304744720458984,,1.3792821040540039e-05,0.9646879434585571,9.304279652944714,1464.032398700714
18549,1.976807951927185,,1.3787621424377726e-05,0.9283769130706787,7.219660660916787,1464.230916261673
18550,1.9837229251861572,,1.3782425327597035e-05,0.9376922249794006,7.269757430614953,1464.4311702251434
18551,2.1373519897460938,,1.3777232750327445e-05,0.9757091403007507,8.476960803458379,1464.631828546524
18552,2.195729970932007,,1.377204369269837e-05,0.9350484013557434,8.986558589673237,1464.8384540081024
18553,2.098898410797119,,1.3766858154839141e-05,0.9247711896896362,8.157179100962765,1465.034945487976
18554,2.1383516788482666,,1.3761676136878998e-05,0.9573845863342285,8.485439366050347,1465.236837387085
18555,1.9901280403137207,,1.3756497638947064e-05,0.8910036683082581,7.316470505516694,1465.4401257038116
18556,2.079911470413208,,1.3751322661172462e-05,0.9474265575408936,8.003760313337418,1465.637022972107
18557,1.8121278285980225,,1.3746151203684105e-05,0.8833706974983215,6.123463259837798,1465.838573217392
18558,1.7321606874465942,,1.3740983266610896e-05,0.8584215641021729,5.652854774901641,1466.0383596420288
18559,2.1922531127929688,,1.373581885008165e-05,0.9894732236862183,8.955367854600212,1466.2353982925415
18560,2.008086681365967,,1.3730657954225073e-05,0.9318210482597351,7.449051295270557,1466.431668996811
18561,2.1121866703033447,,1.3725500579169773e-05,0.9480997323989868,8.26629720287412,1466.6354610919952
18562,2.1582326889038086,,1.372034672504428e-05,0.9416077136993408,8.655826594354997,1466.837021112442
18563,2.311877727508545,,1.3715196391977088e-05,0.9877579212188721,10.093359450951215,1467.0355048179626
18564,2.1507863998413086,,1.37100495800965e-05,0.9301561117172241,8.591612183699356,1467.2381479740143
18565,2.2288389205932617,,1.3704906289530808e-05,0.9776908755302429,9.289074462667651,1467.4391243457794
18566,2.1638948917388916,,1.369976652040821e-05,0.9417807459831238,8.704976657736921,1467.640951871872
18567,2.190293550491333,,1.369463027285679e-05,0.9593899846076965,8.937836435918513,1467.8437938690186
18568,2.194981336593628,,1.3689497547004558e-05,0.9501808285713196,8.979833460974385,1468.0413529872894
18569,2.1687612533569336,,1.3684368342979449e-05,0.9228505492210388,8.747441462776361,1468.2426238059998
18570,1.9976310729980469,,1.367924266090928e-05,0.9043586254119873,7.371572681065422,1468.4423778057098
18571,1.9566129446029663,,1.3674120500921793e-05,0.9079462885856628,7.075321927420146,1468.641515493393
18572,2.0546908378601074,,1.3669001863144661e-05,0.9423776268959045,7.804424666988533,1468.8429045677185
18573,2.502772092819214,,1.3663886747705434e-05,0.9986056089401245,12.216311816193135,1469.0448915958405
18574,2.1398837566375732,,1.3658775154731605e-05,0.90528804063797,8.498449683099587,1469.242291688919
18575,2.2351748943328857,,1.3653667084350577e-05,0.9541412591934204,9.348116641858558,1469.4394059181213
18576,2.0055501461029053,,1.3648562536689643e-05,0.9109876155853271,7.430180457374563,1469.6374051570892
18577,2.219120979309082,,1.3643461511876022e-05,0.9851366281509399,9.199240987649095,1469.8378636837006
18578,2.0269505977630615,,1.3638364010036859e-05,0.938052773475647,7.590903311987287,1470.0381698608398
18579,2.137598752975464,,1.3633270031299187e-05,0.9375396966934204,8.479052863792651,1470.2400414943695
18580,2.2881178855895996,,1.3628179575789974e-05,0.9536617994308472,9.856369397959634,1470.4398634433746
18581,2.025125741958618,,1.3623092643636052e-05,0.9272632598876953,7.577063639561341,1470.6411826610565
18582,1.8722690343856812,,1.3618009234964248e-05,0.9136900305747986,6.503035282113539,1470.8410539627075
18583,2.074835777282715,,1.3612929349901207e-05,0.9357582926750183,7.963238606965775,1471.0412724018097
18584,1.9742679595947266,,1.360785298857357e-05,0.917285144329071,7.201346047530379,1471.244127035141
18585,2.3169188499450684,,1.360278015110784e-05,0.9454087615013123,10.144369778365597,1471.4448683261871
18586,2.255819320678711,,1.3597710837630435e-05,0.9643533825874329,9.543108974463822,1471.6428463459015
18587,1.9016259908676147,,1.3592645048267712e-05,0.9117669463157654,6.696774488615145,1471.8449330329895
18588,2.263031005859375,,1.3587582783145927e-05,0.9605202674865723,9.612179630591747,1472.0421390533447
18589,2.2961835861206055,,1.3582524042391212e-05,0.9653875231742859,9.936189391200319,1472.247879266739
18590,1.9779000282287598,,1.3577468826129678e-05,0.9073200225830078,7.2275493879919015,1472.4497518539429
18591,1.8918079137802124,,1.3572417134487296e-05,0.9013309478759766,6.631346753296206,1472.6490592956543
18592,2.6194746494293213,,1.356736896759e-05,1.0206031799316406,13.728509410005236,1472.8495531082153
18593,2.04830002784729,,1.3562324325563552e-05,0.9401467442512512,7.75470710863281,1473.049423456192
18594,2.1811928749084473,,1.355728320853371e-05,0.9039591550827026,8.856865091920886,1473.2485737800598
18595,1.8026342391967773,,1.3552245616626105e-05,0.8876240849494934,6.065604691239023,1473.4503681659698
18596,2.320596933364868,,1.3547211549966287e-05,1.0202124118804932,10.181750318883626,1473.6488568782806
18597,2.1986851692199707,,1.3542181008679725e-05,0.9551926255226135,9.013154931608282,1473.844405889511
18598,2.125765085220337,,1.3537153992891793e-05,0.954529345035553,8.379305919432264,1474.0457565784454
18599,2.084688663482666,,1.3532130502727752e-05,0.9288851618766785,8.04208729644479,1474.2462267875671
18600,2.2898170948028564,2.2382275713814628,1.3527110538312828e-05,0.9445642828941345,9.873131668919376,1474.4477858543396
18601,2.1997201442718506,,1.3522094099772139e-05,0.9375256896018982,9.02248815109276,1478.5239148139954
18602,1.8666067123413086,,1.351708118723067e-05,0.8914788365364075,6.466317055397174,1478.7196824550629
18603,2.4916975498199463,,1.3512071800813374e-05,0.9950643181800842,12.081768125730301,1478.9191002845764
18604,2.1157681941986084,,1.3507065940645129e-05,1.0068657398223877,8.295956224374883,1479.1173000335693
18605,2.5062661170959473,,1.3502063606850646e-05,1.0089293718338013,12.25907056279978,1479.32022190094
18606,2.264275312423706,,1.3497064799554604e-05,1.0204085111618042,9.624147573154206,1479.523032426834
18607,2.0508053302764893,,1.3492069518881622e-05,0.9549847841262817,7.774159351891543,1479.7226967811584
18608,2.0208723545074463,,1.3487077764956172e-05,0.9116517901420593,7.544903894572282,1479.9212436676025
18609,1.9115568399429321,,1.3482089537902656e-05,0.9272869229316711,6.76361046506121,1480.1230463981628
18610,2.277242660522461,,1.3477104837845409e-05,0.9379789233207703,9.749759914204882,1480.3208706378937
18611,2.0744597911834717,,1.3472123664908655e-05,0.934731125831604,7.960245102737853,1480.5295867919922
18612,2.108487129211426,,1.3467146019216527e-05,0.9309343695640564,8.235772195768432,1480.7301797866821
18613,2.2143852710723877,,1.3462171900893098e-05,1.0303921699523926,9.155779059065585,1480.92973446846
18614,2.459979295730591,,1.345720131006234e-05,0.9899056553840637,11.704569202918062,1481.130576133728
18615,2.271005630493164,,1.3452234246848092e-05,0.9926071166992188,9.689139610681716,1481.3341960906982
18616,1.8603112697601318,,1.3447270711374187e-05,0.896090567111969,6.425736597659696,1481.535370349884
18617,1.8215010166168213,,1.3442310703764323e-05,0.8890197277069092,6.181129468209105,1481.7384808063507
18618,2.020484209060669,,1.3437354224142115e-05,0.8930520415306091,7.5419759427515745,1481.940773487091
18619,2.368809700012207,,1.343240127263107e-05,0.9889559745788574,10.684666753307914,1482.1400034427643
18620,2.273927927017212,,1.3427451849354665e-05,0.9902568459510803,9.717495561756106,1482.3393762111664
18621,2.051926612854004,,1.342250595443624e-05,0.9249038100242615,7.782881270281387,1482.5446252822876
18622,2.0283772945404053,,1.3417563587999046e-05,0.9144355654716492,7.601740958458972,1482.7405643463135
18623,2.502187490463257,,1.3412624750166266e-05,0.9911152720451355,12.209172218640393,1482.9410049915314
18624,1.839941143989563,,1.3407689441061001e-05,0.8950943350791931,6.296167682810533,1483.1411981582642
18625,2.067509412765503,,1.3402757660806229e-05,0.8913297653198242,7.905110213100953,1483.3377356529236
18626,1.9132565259933472,,1.3397829409524873e-05,0.9211493134498596,6.77511625476429,1483.5410068035126
18627,2.178917646408081,,1.3392904687339765e-05,0.9460159540176392,8.836736607174132,1483.7423112392426
18628,2.323812484741211,,1.338798349437362e-05,0.9696038365364075,10.214542955082633,1483.9401588439941
18629,2.41049861907959,,1.3383065830749123e-05,0.9912538528442383,11.139514134821917,1484.1418743133545
18630,1.9267222881317139,,1.3378151696588816e-05,0.8954260349273682,6.866965380059898,1484.3427350521088
18631,2.1633009910583496,,1.3373241092015171e-05,0.9793545603752136,8.699808301072974,1484.5449495315552
18632,2.3937387466430664,,1.3368334017150569e-05,0.985095202922821,10.95437310267791,1484.750081539154
18633,2.188838005065918,,1.3363430472117324e-05,0.950158417224884,8.924836472295052,1484.9503722190857
18634,2.332502603530884,,1.335853045703762e-05,1.0165132284164429,10.303695358179718,1485.151445388794
18635,2.017707586288452,,1.3353633972033595e-05,0.902090311050415,7.5210637666490445,1485.3536291122437
18636,2.2335662841796875,,1.3348741017227275e-05,0.9906911253929138,9.33309125475032,1485.5532388687134
18637,2.0985770225524902,,1.3343851592740604e-05,0.9170412421226501,8.154557900724416,1485.7494459152222
18638,1.940524697303772,,1.333896569869546e-05,0.917780339717865,6.962403166574076,1485.9533021450043
18639,2.312643051147461,,1.333408333521358e-05,0.9652824997901917,10.101087094231955,1486.1571636199951
18640,2.130463123321533,,1.332920450241668e-05,0.9527890086174011,8.418764835071258,1486.3577585220337
18641,2.045461654663086,,1.3324329200426337e-05,0.9186018705368042,7.7327275637559625,1486.5686194896698
18642,2.5357611179351807,,1.3319457429364043e-05,1.0241568088531494,12.626037095113036,1486.767558813095
18643,2.293567180633545,,1.3314589189351226e-05,0.9907664060592651,9.910226270593363,1486.9706254005432
18644,2.2570407390594482,,1.3309724480509219e-05,0.9776102304458618,9.554772224578647,1487.175562620163
18645,2.0325942039489746,,1.3304863302959258e-05,0.9177737236022949,7.633864494847037,1487.3771541118622
18646,1.8275444507598877,,1.3300005656822499e-05,0.9157871603965759,6.21859782180541,1487.5793285369873
18647,2.1691341400146484,,1.329515154222e-05,0.9303715229034424,8.750703875204204,1487.7807676792145
18648,1.9022830724716187,,1.3290300959272755e-05,0.9077181816101074,6.701176261941541,1487.9865708351135
18649,1.8807799816131592,,1.3285453908101646e-05,0.8974753022193909,6.558618469485992,1488.1867413520813
18650,1.559247374534607,,1.3280610388827458e-05,0.84043288230896,4.75524098255091,1488.3865594863892
18651,2.2378432750701904,,1.3275770401570928e-05,0.9204639792442322,9.37309428634788,1488.5878431797028
18652,2.3103103637695312,,1.3270933946452645e-05,1.004331111907959,10.077551876688426,1488.793751001358
18653,2.2347757816314697,,1.3266101023593208e-05,0.9434580206871033,9.344386434208616,1488.9949927330017
18654,2.5277559757232666,,1.3261271633113008e-05,1.021033763885498,12.525367348009938,1489.193957567215
18655,2.4843103885650635,,1.3256445775132432e-05,1.018113136291504,11.992846998065522,1489.3948431015015
18656,2.138049840927124,,1.3251623449771766e-05,0.9310007691383362,8.482878525171003,1489.5954327583313
18657,2.273531913757324,,1.3246804657151148e-05,0.971584141254425,9.713648066540594,1489.8003075122833
18658,2.16935396194458,,1.3241989397390721e-05,0.9514588713645935,8.752627683258163,1490.0019402503967
18659,2.1803700923919678,,1.3237177670610484e-05,0.9238473773002625,8.849580815271109,1490.2007510662079
18660,2.0791015625,,1.3232369476930331e-05,0.9143190979957581,7.997280628852292,1490.4026370048523
18661,2.15663480758667,,1.3227564816470133e-05,0.9621480703353882,8.642006655007378,1490.6038279533386
18662,1.994825839996338,,1.3222763689349613e-05,0.9138835072517395,7.350922679680495,1490.803062915802
18663,1.9987077713012695,,1.3217966095688428e-05,0.9211918115615845,7.37951391525272,1491.0026454925537
18664,1.8819020986557007,,1.3213172035606154e-05,0.9196858406066895,6.565982137722281,1491.2001464366913
18665,2.3807272911071777,,1.3208381509222276e-05,1.0026583671569824,10.812764032030426,1491.4041442871094
18666,1.867264986038208,,1.320359451665616e-05,0.9062684178352356,6.470575063144047,1491.6042020320892
18667,2.150604248046875,,1.3198811058027125e-05,0.9396430253982544,8.5900473486461,1491.8101572990417
18668,2.0850412845611572,,1.3194031133454382e-05,0.9518976807594299,8.044923605982458,1492.0137658119202
18669,1.940773606300354,,1.3189254743057102e-05,0.9143908619880676,6.964136387058206,1492.2320227622986
18670,2.1263153553009033,,1.318448188695427e-05,0.9580111503601074,8.383918069623391,1492.4393627643585
18671,2.1544744968414307,,1.317971256526485e-05,0.9494203329086304,8.623357386530598,1492.6533224582672
18672,1.9874757528305054,,1.3174946778107746e-05,0.8873153328895569,7.297090833964473,1492.8919994831085
18673,2.008726119995117,,1.3170184525601682e-05,0.9616177082061768,7.45381602963453,1493.107723236084
18674,2.4848687648773193,,1.3165425807865364e-05,1.0025906562805176,11.999545389683318,1493.3145172595978
18675,2.1823580265045166,,1.3160670625017405e-05,0.9677831530570984,8.8671906966982,1493.527087688446
18676,2.3491570949554443,,1.3155918977176303e-05,0.9719018340110779,10.476735109005716,1493.737231016159
18677,2.169841766357422,,1.315117086446048e-05,0.9829303026199341,8.756898295193007,1493.9376752376556
18678,1.6126759052276611,,1.3146426286988272e-05,0.8502717614173889,5.016216203774923,1494.1379227638245
18679,1.853935718536377,,1.3141685244877922e-05,0.8851872682571411,6.384899303290261,1494.3387141227722
18680,2.611020565032959,,1.3136947738247603e-05,1.0108128786087036,13.612936652087601,1494.5379025936127
18681,2.214911937713623,,1.31322137672154e-05,0.9329856038093567,9.160602372498168,1494.7345886230469
18682,2.2033817768096924,,1.3127483331899262e-05,0.9453612565994263,9.05558574591435,1494.933644771576
18683,2.515334367752075,,1.3122756432417095e-05,0.9919695258140564,12.370744465672034,1495.1319386959076
18684,2.018251419067383,,1.3118033068886719e-05,0.950757622718811,7.52515508005211,1495.3323092460632
18685,2.440053701400757,,1.3113313241425844e-05,0.9859095811843872,11.473656877697167,1495.534095287323
18686,1.8960340023040771,,1.310859695015209e-05,0.9116488099098206,6.659430712559183,1495.7371397018433
18687,2.2136402130126953,,1.3103884195183e-05,0.9375142455101013,9.14896001269304,1495.93399310112
18688,2.1530864238739014,,1.3099174976636043e-05,0.9506345391273499,8.611395840922638,1496.1379425525665
18689,2.1637961864471436,,1.3094469294628578e-05,0.9393934607505798,8.704117472880002,1496.3458642959595
18690,1.7334295511245728,,1.3089767149277879e-05,0.8935184478759766,5.660032029518289,1496.5428829193115
18691,1.9954912662506104,,1.3085068540701156e-05,0.90953528881073,7.355815804450971,1496.7428708076477
18692,2.6637375354766846,,1.3080373469015479e-05,0.984602153301239,14.349821964544052,1496.9403443336487
18693,1.9779624938964844,,1.3075681934337879e-05,0.9175280928611755,7.2280008757915315,1497.1423070430756
18694,1.963994026184082,,1.307099393678528e-05,0.9095419645309448,7.127738663909851,1497.3430132865906
18695,2.1366498470306396,,1.306630947647452e-05,0.9239868521690369,8.47101085628152,1497.5448126792908
18696,2.110542058944702,,1.3061628553522347e-05,0.9164568781852722,8.252713529593743,1497.7481546401978
18697,2.2093989849090576,,1.3056951168045404e-05,0.9858753681182861,9.11023935597917,1497.9491124153137
18698,2.3183696269989014,,1.3052277320160294e-05,0.9678590297698975,10.159097678131946,1498.146789073944
18699,2.4577298164367676,,1.3047607009983489e-05,1.0262197256088257,11.678269608139928,1498.3466227054596
18700,2.2487566471099854,,1.3042940237631391e-05,0.9591330289840698,9.475946563218887,1498.5476751327515
18701,2.0566651821136475,,1.3038277003220298e-05,0.887644350528717,7.819848508958645,1498.7474150657654
18702,2.53020977973938,,1.3033617306866435e-05,1.0056248903274536,12.556139884157657,1498.9476935863495
18703,1.9110808372497559,,1.3028961148685922e-05,0.916293740272522,6.760391734387255,1499.1439728736877
18704,1.9102221727371216,,1.3024308528794843e-05,0.8836764693260193,6.754589317434705,1499.3466215133667
18705,2.557685136795044,,1.3019659447309102e-05,1.0081268548965454,12.905907300166614,1499.5475780963898
18706,2.2239999771118164,,1.3015013904344578e-05,0.9619742035865784,9.244233734718804,1499.7505683898926
18707,2.2605903148651123,,1.3010371900017064e-05,0.9411836266517639,9.588747876799216,1499.9508855342865
18708,2.183786630630493,,1.3005733434442257e-05,0.9494635462760925,8.879867454791773,1500.1552493572235
18709,2.1096701622009277,,1.3001098507735744e-05,0.9309623837471008,8.245521151501146,1500.3573937416077
18710,2.3470053672790527,,1.2996467120013047e-05,0.9915348887443542,10.454216264012842,1500.5638842582703
18711,2.401048421859741,,1.2991839271389587e-05,0.9974138140678406,11.034739380114395,1500.774793624878
18712,2.31484055519104,,1.298721496198071e-05,0.980183482170105,10.123308681037123,1500.9731738567352
18713,2.384021759033203,,1.2982594191901662e-05,1.0101191997528076,10.848445079086105,1501.1718575954437
18714,2.071417808532715,,1.2977976961267611e-05,0.9673324227333069,7.936066968616495,1501.3696901798248
18715,2.3104610443115234,,1.2973363270193612e-05,0.9688844680786133,10.079070482076428,1501.5675036907196
18716,2.122668981552124,,1.2968753118794651e-05,0.970682680606842,8.353402839640147,1501.7698111534119
18717,1.7501438856124878,,1.2964146507185657e-05,0.9127904176712036,5.755430740108218,1501.9698374271393
18718,1.8472613096237183,,1.2959543435481408e-05,0.8872570991516113,6.342425774996687,1502.1714897155762
18719,2.4769222736358643,,1.2954943903796623e-05,1.0112159252166748,11.904568971766256,1502.371171951294
18720,2.2846269607543945,,1.2950347912245965e-05,0.9727452993392944,9.822021541018591,1502.5732984542847
18721,1.963988184928894,,1.2945755460943947e-05,0.8743299245834351,7.127697029091001,1502.7804913520813
18722,2.744489908218384,,1.2941166550005036e-05,1.008763313293457,15.55667657509615,1502.9806971549988
18723,2.1874489784240723,,1.2936581179543618e-05,0.9324426054954529,8.912448242443388,1503.1782705783844
18724,2.0726583003997803,,1.2931999349673935e-05,0.9500070810317993,7.945917703762758,1503.3779640197754
18725,1.8841195106506348,,1.2927421060510208e-05,0.9196699857711792,6.58055777940207,1503.5763721466064
18726,1.9454063177108765,,1.292284631216654e-05,0.9262776970863342,6.996474068900832,1503.7749724388123
18727,2.1227190494537354,,1.2918275104756908e-05,0.9472178816795349,8.35382108746195,1503.972852230072
18728,2.296509265899658,,1.2913707438395286e-05,0.9662014842033386,9.939425934175564,1504.1739478111267
18729,2.082242727279663,,1.2909143313195471e-05,0.9140027165412903,8.022440900688741,1504.3749587535858
18730,1.9592522382736206,,1.290458272927125e-05,0.9357130527496338,7.094020444385479,1504.5758926868439
18731,2.183306932449341,,1.2900025686736255e-05,0.9444788098335266,8.875608820036172,1504.7790157794952
18732,2.0241825580596924,,1.2895472185704095e-05,0.9256892204284668,7.569920444338277,1504.9789643287659
18733,2.0688552856445312,,1.2890922226288229e-05,0.9373089075088501,7.915756649310316,1505.1807508468628
18734,2.165393114089966,,1.2886375808602054e-05,0.9561717510223389,8.718028423113017,1505.3785915374756
18735,2.6066675186157227,,1.2881832932758867e-05,1.0178706645965576,13.553807695881234,1505.5762383937836
18736,2.239257574081421,,1.2877293598871922e-05,0.9741272330284119,9.386360022977108,1505.7787342071533
18737,2.3717472553253174,,1.2872757807054338e-05,0.977307140827179,10.716099698301685,1505.981915473938
18738,2.4846487045288086,,1.2868225557419126e-05,0.9962704181671143,11.996905056069917,1506.1813628673553
18739,2.0787079334259033,,1.2863696850079299e-05,0.9516348242759705,7.994133286166498,1506.3847298622131
18740,2.500452995300293,,1.2859171685147668e-05,0.9881749749183655,12.188013823355048,1506.5821459293365
18741,2.0738255977630615,,1.2854650062737053e-05,0.9315336346626282,7.955198368140933,1506.7814919948578
18742,1.7940969467163086,,1.285013198296014e-05,0.8855825066566467,6.014041269111525,1506.9777688980103
18743,2.109938621520996,,1.2845617445929505e-05,0.94114089012146,8.247735035658708,1507.179514169693
18744,2.3849711418151855,,1.2841106451757688e-05,0.963901162147522,10.858749296604863,1507.3838000297546
18745,2.178480625152588,,1.2836599000557093e-05,0.9517813324928284,8.832875609178148,1507.58709192276
18746,2.139993667602539,,1.2832095092440095e-05,0.9266999959945679,8.499383807239273,1507.7862083911896
18747,2.2100727558135986,,1.2827594727518902e-05,0.9926326870918274,9.116379638530207,1507.9861135482788
18748,2.3350391387939453,,1.2823097905905685e-05,0.9917380809783936,10.329864219884945,1508.1877481937408
18749,2.1393816471099854,,1.2818604627712523e-05,0.9537459015846252,8.494183601653674,1508.3979671001434
18750,2.1707520484924316,,1.2814114893051409e-05,0.9502289891242981,8.764873172412676,1508.5965070724487
18751,2.308281898498535,,1.2809628702034225e-05,0.9945218563079834,10.057130631585368,1508.7965621948242
18752,2.1168839931488037,,1.2805146054772792e-05,0.9351319074630737,8.305218009805222,1508.9972305297852
18753,2.4261271953582764,,1.2800666951378797e-05,1.0211145877838135,11.314976422651021,1509.1989793777466
18754,1.9701460599899292,,1.2796191391963914e-05,0.8837099075317383,7.171723913773898,1509.3991799354553
18755,2.0500898361206055,,1.2791719376639671e-05,0.9068533778190613,7.768598975753882,1509.6000990867615
18756,2.3609774112701416,,1.2787250905517505e-05,0.9790732860565186,10.601308228335142,1509.8009052276611
18757,2.124997854232788,,1.278278597870879e-05,0.9695084095001221,8.37287952185764,1510.0007276535034
18758,2.1833200454711914,,1.2778324596324824e-05,0.9293006062507629,8.875725206851655,1510.2028377056122
18759,2.182030439376831,,1.2773866758476757e-05,0.9306291341781616,8.864286394899143,1510.4050619602203
18760,2.11885142326355,,1.2769412465275735e-05,0.9235158562660217,8.321574030214919,1510.6067690849304
18761,2.297342538833618,,1.2764961716832739e-05,0.9868928790092468,9.947711640433566,1510.8082711696625
18762,2.1785919666290283,,1.2760514513258716e-05,0.96517014503479,8.833859129341967,1511.0106728076935
18763,2.271150588989258,,1.2756070854664471e-05,0.984123706817627,9.69054423559182,1511.2150948047638
18764,2.067046880722046,,1.2751630741160778e-05,0.951832115650177,7.901454691783378,1511.4173910617828
18765,2.4380526542663574,,1.2747194172858295e-05,0.9676796197891235,11.450720505515347,1511.6151630878448
18766,2.4974682331085205,,1.2742761149867568e-05,1.013253092765808,12.151689736849338,1511.8140697479248
18767,1.688339114189148,,1.2738331672299111e-05,0.8783905506134033,5.410487037320944,1512.0148363113403
18768,2.2150821685791016,,1.2733905740263313e-05,1.004090666770935,9.162161922506352,1512.2150588035583
18769,2.172183036804199,,1.2729483353870442e-05,0.9291031360626221,8.777424581794763,1512.4176132678986
18770,1.9375948905944824,,1.2725064513230757e-05,0.9187633991241455,6.942034523727077,1512.6211502552032
18771,2.02252459526062,,1.2720649218454387e-05,0.9496045708656311,7.557380196354547,1512.8207805156708
18772,2.337280035018921,,1.2716237469651346e-05,0.9694553017616272,10.353038329309337,1513.018619298935
18773,2.016667127609253,,1.2711829266931602e-05,0.92391437292099,7.513242480144517,1513.216150522232
18774,1.8853769302368164,,1.2707424610405039e-05,0.8982244729995728,6.588837506096221,1513.417545080185
18775,2.140627861022949,,1.2703023500181388e-05,0.9657958745956421,8.504775770120334,1513.619888305664
18776,1.9557708501815796,,1.2698625936370368e-05,0.9572860598564148,7.069366346228335,1513.8197667598724
18777,2.0506584644317627,,1.2694231919081564e-05,0.9573825597763062,7.773017677249846,1514.0221531391144
18778,2.3376078605651855,,1.2689841448424508e-05,0.9954575300216675,10.356432876134324,1514.2235069274902
18779,1.7156078815460205,,1.2685454524508585e-05,0.871513307094574,5.560054339721963,1514.4334037303925
18780,2.081911325454712,,1.268107114744317e-05,0.9395698308944702,8.019782689626016,1514.631573677063
18781,1.9723807573318481,,1.2676691317337469e-05,0.9504783153533936,7.187768466823975,1514.8363411426544
18782,1.7840052843093872,,1.2672315034300648e-05,0.8951539993286133,5.953654807302826,1515.039975643158
18783,2.1255013942718506,,1.2667942298441804e-05,0.9461843967437744,8.377096663599897,1515.2404036521912
18784,2.276322364807129,,1.2663573109869904e-05,0.9738081693649292,9.74079137941538,1515.4394042491913
18785,2.0399022102355957,,1.2659207468693823e-05,0.9410935044288635,7.68985717278814,1515.6386568546295
18786,2.2858681678771973,,1.2654845375022366e-05,0.9600945711135864,9.834220273126107,1515.8382320404053
18787,2.524582862854004,,1.265048682896428e-05,0.9961676001548767,12.485685933783635,1516.0371782779694
18788,2.1387548446655273,,1.2646131830628144e-05,1.0187608003616333,8.488861094862877,1516.2370100021362
18789,1.9879592657089233,,1.2641780380122527e-05,0.9553196430206299,7.300619924469281,1516.4471728801727
18790,2.1195013523101807,,1.2637432477555867e-05,0.9356101155281067,8.326984220820412,1516.6502161026
18791,2.0290510654449463,,1.2633088123036535e-05,0.9230270981788635,7.606864516198878,1516.8529977798462
18792,2.0372960567474365,,1.2628747316672793e-05,0.9409263730049133,7.669842316915524,1517.051430463791
18793,2.3271167278289795,,1.2624410058572838e-05,0.9581115245819092,10.248350110808056,1517.2525157928467
18794,2.1246819496154785,,1.2620076348844767e-05,1.0127116441726685,8.37023490830132,1517.460393667221
18795,2.417625665664673,,1.2615746187596554e-05,0.9855695366859436,11.219189558968,1517.6599395275116
18796,2.348867654800415,,1.2611419574936152e-05,1.0055674314498901,10.47370315997663,1517.8595967292786
18797,2.4941511154174805,,1.2607096510971388e-05,1.030107021331787,12.111447932147632,1518.0603857040405
18798,2.2387380599975586,,1.260277699580999e-05,0.9430661797523499,9.38148494319492,1518.2578632831573
18799,2.0352742671966553,,1.2598461029559623e-05,0.9394268989562988,7.654351175054258,1518.4622476100922
18800,2.0225963592529297,2.2378995180130006,1.2594148612327842e-05,0.9232701659202576,7.557922563589825,1518.6656031608582
18801,2.3862266540527344,,1.258983974422213e-05,0.9746522903442383,10.872391151196933,1522.7616539001465
18802,1.9008489847183228,,1.2585534425349885e-05,0.9009362459182739,6.691573074684065,1522.958283662796
18803,2.414815902709961,,1.2581232655818412e-05,1.0037283897399902,11.187710540762883,1523.1556560993195
18804,2.636863946914673,,1.257693443573488e-05,1.0278757810592651,13.969326294077181,1523.3526844978333
18805,2.0948355197906494,,1.2572639765206451e-05,0.9249007105827332,8.124104605886536,1523.5490128993988
18806,2.333153486251831,,1.2568348644340153e-05,0.9595810770988464,10.310404038495466,1523.7542021274567
18807,1.97337806224823,,1.2564061073242919e-05,0.9085633158683777,7.194940439381051,1523.9527645111084
18808,2.4112119674682617,,1.2559777052021614e-05,0.9742868542671204,11.147463324214213,1524.1510872840881
18809,2.3557441234588623,,1.2555496580783002e-05,0.9784846901893616,10.545973448902686,1524.352038860321
18810,1.9795724153518677,,1.2551219659633778e-05,0.9168290495872498,7.2396467614462265,1524.5546486377716
18811,2.1944432258605957,,1.2546946288680515e-05,0.9793115258216858,8.975002616089503,1524.7583527565002
18812,2.149477005004883,,1.2542676468029734e-05,0.9569734334945679,8.580369733079122,1524.9666993618011
18813,1.9260684251785278,,1.2538410197787847e-05,0.9060105085372925,6.862476793417244,1525.1656866073608
18814,2.1396548748016357,,1.2534147478061163e-05,0.9573352336883545,8.496504764920209,1525.3648688793182
18815,2.28292179107666,,1.2529888308955949e-05,0.9708751440048218,9.8052875988728,1525.5699467658997
18816,1.8793675899505615,,1.2525632690578339e-05,0.8794181942939758,6.549361670093501,1525.767989873886
18817,1.92936110496521,,1.2521380623034388e-05,0.8694949150085449,6.885109973500204,1525.964436531067
18818,2.0339131355285645,,1.2517132106430073e-05,0.9311804175376892,7.64393968258469,1526.1650364398956
18819,1.8966765403747559,,1.2512887140871287e-05,0.9261623024940491,6.663711025305734,1526.3636400699615
18820,1.9750076532363892,,1.2508645726463795e-05,0.9114400744438171,7.206674807995299,1526.56418800354
18821,2.166881561279297,,1.2504407863313345e-05,0.9471572637557983,8.731014410096309,1526.765186548233
18822,1.9263319969177246,,1.2500173551525543e-05,0.8853444457054138,6.86428578675017,1526.9643218517303
18823,2.5362143516540527,,1.2495942791205914e-05,1.0080393552780151,12.631760937881559,1527.162306547165
18824,2.3154571056365967,,1.2491715582459884e-05,0.9982477426528931,10.12955213601962,1527.3590123653412
18825,2.0540292263031006,,1.2487491925392832e-05,0.9559892416000366,7.799262877171253,1527.5579342842102
18826,2.0141141414642334,,1.2483271820110024e-05,0.8980657458305359,7.494085740039456,1527.7567224502563
18827,1.912825345993042,,1.2479055266716613e-05,0.8859573602676392,6.772195589846893,1527.9594042301178
18828,2.163703441619873,,1.2474842265317708e-05,0.9599888324737549,8.703310248441962,1528.1583421230316
18829,2.3574726581573486,,1.2470632816018297e-05,0.9716084003448486,10.56421829381947,1528.3587884902954
18830,2.3288815021514893,,1.246642691892328e-05,0.9298161268234253,10.26645210420015,1528.5617945194244
18831,2.0858144760131836,,1.2462224574137486e-05,0.945453941822052,8.051146277495013,1528.766048669815
18832,2.2868192195892334,,1.2458025781765667e-05,0.9502847194671631,9.843577574086646,1528.9647319316864
18833,2.1004574298858643,,1.2453830541912447e-05,0.9330567121505737,8.16990621722226,1529.1635353565216
18834,2.3168604373931885,,1.2449638854682398e-05,0.9598292112350464,10.14377723714572,1529.3659145832062
18835,2.1462953090667725,,1.2445450720179983e-05,0.9613185524940491,8.553112989880221,1529.5720908641815
18836,1.905385136604309,,1.2441266138509564e-05,0.9212239980697632,6.721996015881159,1529.7734184265137
18837,1.8483891487121582,,1.2437085109775445e-05,0.9116759300231934,6.349583046067615,1529.9734408855438
18838,2.493978261947632,,1.2432907634081844e-05,0.9797768592834473,12.109354607272115,1530.1760363578796
18839,2.0994136333465576,,1.2428733711532838e-05,0.9240438938140869,8.161382946440387,1530.3750579357147
18840,2.4427971839904785,,1.2424563342232483e-05,0.9637829065322876,11.505177874463744,1530.5733692646027
18841,2.2056219577789307,,1.2420396526284694e-05,0.9531977772712708,9.075894636069073,1530.7741208076477
18842,2.44636607170105,,1.241623326379334e-05,1.0064696073532104,11.54631192012266,1530.9749057292938
18843,1.7403466701507568,,1.2412073554862168e-05,0.8856688141822815,5.699318863968724,1531.172203540802
18844,1.879558801651001,,1.2407917399594857e-05,0.8867374658584595,6.550614104411465,1531.3694467544556
18845,1.8385108709335327,,1.2403764798094995e-05,0.9160171747207642,6.287168880723698,1531.57008934021
18846,1.9338347911834717,,1.2399615750466046e-05,0.8978714346885681,6.915980796801209,1531.7765684127808
18847,2.1877095699310303,,1.2395470256811443e-05,0.9410302042961121,8.91477105340083,1531.9756226539612
18848,1.7778725624084473,,1.2391328317234504e-05,0.8738785982131958,5.917254428860106,1532.1726777553558
18849,2.183032751083374,,1.2387189931838417e-05,0.9613252878189087,8.873175627069436,1532.3719816207886
18850,2.2314183712005615,,1.2383055100726373e-05,0.9665897488594055,9.313066100751852,1532.5733680725098
18851,2.3273978233337402,,1.2378923824001383e-05,0.9950326681137085,10.251231280878425,1532.7778825759888
18852,2.205270290374756,,1.2374796101766446e-05,0.951141893863678,9.07270350090384,1532.9833600521088
18853,2.1878745555877686,,1.2370671934124396e-05,0.9558234214782715,8.916241984095644,1533.1817617416382
18854,2.1437976360321045,,1.2366551321178053e-05,0.9771108031272888,8.531776766749454,1533.3815379142761
18855,2.085975170135498,,1.2362434263030092e-05,0.9272909164428711,8.052440153336038,1533.5840229988098
18856,2.1487982273101807,,1.2358320759783136e-05,0.9700039625167847,8.574547545701016,1533.781774520874
18857,2.1648528575897217,,1.2354210811539687e-05,0.9229233264923096,8.713319723655392,1533.9819824695587
18858,2.4524641036987305,,1.235010441840219e-05,0.9896070957183838,11.616936817253421,1534.1814467906952
18859,1.9692801237106323,,1.2346001580472986e-05,0.929388701915741,7.16551634591886,1534.3786721229553
18860,2.1023378372192383,,1.2341902297854311e-05,0.9446192979812622,8.18528342195932,1534.57657122612
18861,2.1974380016326904,,1.2337806570648342e-05,0.9234085083007812,9.00192102365751,1534.7768461704254
18862,1.84673011302948,,1.2333714398957158e-05,0.8729667663574219,6.339057594687954,1534.9793446063995
18863,2.236448049545288,,1.2329625782882758e-05,0.9843285083770752,9.360025824797797,1535.1806976795197
18864,1.72245192527771,,1.2325540722527026e-05,0.8592275381088257,5.598238111428443,1535.3794603347778
18865,1.7926501035690308,,1.2321459217991767e-05,0.8574075102806091,6.005346186441077,1535.58163523674
18866,2.4666147232055664,,1.2317381269378708e-05,0.9970312118530273,11.782492263493065,1535.7801253795624
18867,2.3476948738098145,,1.2313306876789493e-05,0.9729698896408081,10.46142700003999,1535.981682062149
18868,1.9951398372650146,,1.2309236040325635e-05,0.9612787961959839,7.353231211741582,1536.185806274414
18869,2.2360446453094482,,1.2305168760088637e-05,0.9598287343978882,9.356250712231898,1536.3908758163452
18870,1.9776214361190796,,1.2301105036179818e-05,0.9103740453720093,7.225536130211971,1536.5897331237793
18871,1.9879094362258911,,1.2297044868700502e-05,0.910904586315155,7.300256147416117,1536.8000547885895
18872,2.1793899536132812,,1.2292988257751851e-05,0.9616295099258423,8.840911247322863,1536.996277332306
18873,1.9297635555267334,,1.2288935203434958e-05,0.9125402569770813,6.887881447528422,1537.1950919628143
18874,2.050081491470337,,1.2284885705850877e-05,0.901717483997345,7.768534149782828,1537.3964848518372
18875,2.374570369720459,,1.2280839765100492e-05,0.9538254737854004,10.7463952173565,1537.597548007965
18876,2.147130250930786,,1.2276797381284643e-05,0.9660106301307678,8.560257324119942,1537.7978782653809
18877,2.43515682220459,,1.2272758554504106e-05,1.0311908721923828,11.417609107607886,1537.998634815216
18878,1.9640848636627197,,1.2268723284859494e-05,0.9058701395988464,7.12838615912644,1538.2016189098358
18879,2.3305890560150146,,1.226469157245142e-05,0.9485397934913635,10.283997599831626,1538.4023752212524
18880,2.342008590698242,,1.2260663417380338e-05,0.9829225540161133,10.402109173176157,1538.6022384166718
18881,1.6489492654800415,,1.2256638819746656e-05,0.8778247833251953,5.201511547089133,1538.8032228946686
18882,1.9907231330871582,,1.2252617779650645e-05,0.9060894250869751,7.320825780009255,1539.0059490203857
18883,2.326448440551758,,1.2248600297192565e-05,0.9733579158782959,10.241503556803767,1539.2045259475708
18884,2.0852506160736084,,1.2244586372472518e-05,0.9415076971054077,8.046607838283748,1539.4023070335388
18885,1.8450345993041992,,1.2240576005590553e-05,0.8939962983131409,6.328318742039486,1539.6082656383514
18886,2.460524320602417,,1.2236569196646592e-05,0.9636073708534241,11.710950222997031,1539.8056144714355
18887,1.6450303792953491,,1.2232565945740539e-05,0.871871829032898,5.181167304769481,1540.003487110138
18888,2.335636854171753,,1.2228566252972125e-05,0.9410640001296997,10.336040384190149,1540.2063100337982
18889,2.3671369552612305,,1.2224570118441045e-05,1.0106126070022583,10.666808972998473,1540.4070076942444
18890,2.0768840312957764,,1.2220577542246915e-05,0.9125285148620605,7.9795660580748144,1540.6054294109344
18891,2.0027976036071777,,1.2216588524489206e-05,0.9236566424369812,7.409756691451565,1540.8097054958344
18892,2.2837517261505127,,1.221260306526734e-05,0.9836943745613098,9.813428728797652,1541.0120208263397
18893,2.2269086837768555,,1.2208621164680662e-05,0.9758873581886292,9.271161642703415,1541.2137360572815
18894,2.144805431365967,,1.2204642822828413e-05,0.9607646465301514,8.54037938567604,1541.4123091697693
18895,1.9058215618133545,,1.2200668039809731e-05,0.9107416868209839,6.7249303046498135,1541.6121385097504
18896,2.1947054862976074,,1.2196696815723696e-05,0.9324597120285034,8.977356712877514,1541.818073272705
18897,2.087284803390503,,1.219272915066925e-05,0.9131036400794983,8.062992805288474,1542.0192239284515
18898,2.324655294418335,,1.2188765044745303e-05,0.9814216494560242,10.223155499590693,1542.2181251049042
18899,1.8327616453170776,,1.2184804498050662e-05,0.8905118703842163,6.251126236265258,1542.418479681015
18900,2.1291730403900146,,1.2180847510683993e-05,0.9741106033325195,8.407910932975339,1542.6157686710358
18901,2.576683759689331,,1.2176894082743934e-05,1.0036470890045166,13.153445765389472,1542.8182938098907
18902,2.0148749351501465,,1.2172944214329018e-05,0.9388882517814636,7.499789362517045,1543.0220937728882
18903,2.119807243347168,,1.2168997905537703e-05,0.9194958806037903,8.329531760273575,1543.2645063400269
18904,1.7601271867752075,,1.2165055156468302e-05,0.8673425316810608,5.8131767065852475,1543.492882013321
18905,2.1209678649902344,,1.216111596721911e-05,0.9231271743774414,8.339204807399247,1543.7055518627167
18906,2.117830276489258,,1.215718033788831e-05,0.9850482940673828,8.313080818882627,1543.9121849536896
18907,1.998380422592163,,1.2153248268573956e-05,0.918738067150116,7.3770986362395305,1544.124252319336
18908,1.9676694869995117,,1.2149319759374057e-05,0.9318326711654663,7.1539845914644475,1544.331566810608
18909,1.9673525094985962,,1.2145394810386535e-05,0.9033020734786987,7.151717298666443,1544.537693977356
18910,1.608970284461975,,1.2141473421709188e-05,0.8623294830322266,4.997662406743968,1544.7645330429077
18911,2.29032039642334,,1.2137555593439764e-05,0.9405210018157959,9.878102082791345,1544.966385126114
18912,2.193368911743164,,1.21336413256759e-05,0.9528053998947144,8.965365821474164,1545.164202928543
18913,2.1107211112976074,,1.212973061851515e-05,0.932576596736908,8.254191329666911,1545.3614590168
18914,1.9542933702468872,,1.212582347205499e-05,0.8852221369743347,7.0589292115279845,1545.5649242401123
18915,2.123162269592285,,1.2121919886392781e-05,0.9365641474723816,8.35752448985239,1545.763083934784
18916,2.6324052810668945,,1.2118019861625806e-05,1.0074670314788818,13.907180382892673,1545.9629147052765
18917,2.5868678092956543,,1.211412339785128e-05,0.987908124923706,13.288085534927463,1546.165647983551
18918,2.1627652645111084,,1.211023049516631e-05,0.9616769552230835,8.69514883102252,1546.363899230957
18919,1.9875727891921997,,1.2106341153667918e-05,0.9381420612335205,7.297798951465972,1546.5673735141754
18920,2.0820605754852295,,1.2102455373453016e-05,0.9306849837303162,8.020979731764253,1546.7662508487701
18921,1.7286252975463867,,1.2098573154618469e-05,0.8788864016532898,5.632905015092088,1546.9694967269897
18922,2.152374744415283,,1.2094694497261025e-05,0.9211050271987915,8.605269467658205,1547.1730325222015
18923,2.0913751125335693,,1.209081940147737e-05,0.9391224384307861,8.096040480007769,1547.3699145317078
18924,2.0889880657196045,,1.2086947867364048e-05,0.9648144245147705,8.076737899621238,1547.5674843788147
18925,2.331157684326172,,1.2083079895017564e-05,0.9717820882797241,10.289847034938354,1547.7661814689636
18926,2.1677191257476807,,1.2079215484534334e-05,0.9171292185783386,8.738330260859799,1547.9669897556305
18927,2.308274507522583,,1.2075354636010637e-05,0.960393488407135,10.057056299849416,1548.1855218410492
18928,2.262593984603882,,1.2071497349542713e-05,0.990594744682312,9.607979821551313,1548.3885927200317
18929,1.9083240032196045,,1.2067643625226698e-05,0.9008298516273499,6.741780122746466,1548.6059963703156
18930,1.9077831506729126,,1.2063793463158617e-05,0.9396036267280579,6.738134799677836,1548.8114442825317
18931,2.236959218978882,,1.2059946863434467e-05,0.9482177495956421,9.364811606965652,1549.0500891208649
18932,2.5215446949005127,,1.2056103826150078e-05,0.9688203930854797,12.447809888929552,1549.2539608478546
18933,2.4155492782592773,,1.2052264351401237e-05,1.0217056274414062,11.19591834345934,1549.4608721733093
18934,2.0992727279663086,,1.2048428439283629e-05,0.9319556951522827,8.160233044688535,1549.6758062839508
18935,2.3707165718078613,,1.204459608989288e-05,0.9548698663711548,10.705060480918185,1549.8858096599579
18936,2.283112049102783,,1.2040767303324484e-05,0.9734898209571838,9.807153311014657,1550.1037352085114
18937,2.1735146045684814,,1.2036942079673869e-05,0.969338595867157,8.789120102382316,1550.3260741233826
18938,1.8873462677001953,,1.2033120419036357e-05,0.8906208872795105,6.601825935739895,1550.5405888557434
18939,2.0938754081726074,,1.2029302321507214e-05,0.9587308764457703,8.116308301928136,1550.751954317093
18940,2.136824369430542,,1.2025487787181582e-05,0.9495988488197327,8.472489366438575,1550.9584407806396
18941,2.222999095916748,,1.2021676816154535e-05,0.9486781358718872,9.234985983732942,1551.1673231124878
18942,2.3241381645202637,,1.201786940852104e-05,0.9706531167030334,10.217870166948773,1551.3646960258484
18943,2.2545735836029053,,1.201406556437601e-05,0.9956948757171631,9.531228171510689,1551.5641894340515
18944,1.8565558195114136,,1.2010265283814215e-05,0.9094741344451904,6.401650319274101,1551.7646322250366
18945,1.895848274230957,,1.2006468566930412e-05,0.8889729976654053,6.658193984176007,1551.964985370636
18946,2.0006134510040283,,1.2002675413819191e-05,0.9343732595443726,7.393590313430385,1552.1676106452942
18947,1.8996849060058594,,1.1998885824575097e-05,0.9190334677696228,6.683788088962117,1552.3731276988983
18948,1.967681646347046,,1.199509979929258e-05,0.893770694732666,7.154071579778209,1552.573966741562
18949,2.0833864212036133,,1.1991317338065992e-05,0.9679394960403442,8.031621366422849,1552.772850036621
18950,1.9324640035629272,,1.1987538440989602e-05,0.8701017498970032,6.906506950739974,1552.9765701293945
18951,2.354597568511963,,1.1983763108157604e-05,0.9684562087059021,10.533888840032873,1553.1820168495178
18952,2.078533411026001,,1.1979991339664074e-05,0.9248690009117126,7.992738252576102,1553.3851523399353
18953,1.9184831380844116,,1.1976223135603009e-05,0.942634642124176,6.810619860264335,1553.5872116088867
18954,2.2847046852111816,,1.1972458496068343e-05,0.9515551328659058,9.822784981976051,1553.787267923355
18955,2.3578693866729736,,1.196869742115388e-05,0.9676458835601807,10.568410251941597,1553.985214471817
18956,2.121750593185425,,1.1964939910953362e-05,0.9519494771957397,8.345734693357006,1554.1827647686005
18957,2.2995879650115967,,1.1961185965560445e-05,0.9801604747772217,9.970073589218943,1554.380356311798
18958,2.355787754058838,,1.195743558506868e-05,0.9779462218284607,10.546433586089545,1554.5780923366547
18959,2.030792474746704,,1.1953688769571546e-05,0.9445185661315918,7.620122721455112,1554.775948524475
18960,2.3348941802978516,,1.1949945519162415e-05,0.9957327246665955,10.328366926828075,1554.980164527893
18961,1.9432928562164307,,1.1946205833934558e-05,0.9041724801063538,6.981702905000607,1555.1851615905762
18962,2.3015081882476807,,1.1942469713981217e-05,0.9655954837799072,9.989236749074554,1555.3858149051666
18963,2.43074893951416,,1.1938737159395472e-05,0.9842472672462463,11.367392382080814,1555.5891213417053
18964,1.8768216371536255,,1.1935008170270374e-05,0.9592376351356506,6.532708512503261,1555.7981870174408
18965,2.385352373123169,,1.1931282746698835e-05,0.9615330696105957,10.862889780993264,1556.0041348934174
18966,2.0369062423706055,,1.1927560888773716e-05,0.946088969707489,7.666853084773048,1556.2008221149445
18967,2.0248000621795654,,1.1923842596587804e-05,0.9225757122039795,7.574596344945131,1556.3999423980713
18968,2.0678601264953613,,1.1920127870233713e-05,0.9326620101928711,7.907883130010326,1556.5972089767456
18969,1.9976991415023804,,1.1916416709804056e-05,0.9253858923912048,7.372074470070228,1556.7961552143097
18970,2.165879964828491,,1.1912709115391319e-05,0.9301903247833252,8.722273835046407,1556.9994292259216
18971,2.2383928298950195,,1.1909005087087902e-05,0.9448046088218689,9.378246731182307,1557.208135843277
18972,2.1982510089874268,,1.190530462498613e-05,0.9532554149627686,9.009242627512103,1557.4068965911865
18973,2.316154718399048,,1.19016077291782e-05,0.9688880443572998,10.136621106282876,1557.6035840511322
18974,1.7865047454833984,,1.189791439975629e-05,0.8751856684684753,5.968554348993295,1557.8008942604065
18975,2.3339500427246094,,1.1894224636812413e-05,0.9870612621307373,10.318620129425069,1557.9998950958252
18976,2.2654519081115723,,1.189053844043856e-05,0.9624359011650085,9.635477968027914,1558.1972043514252
18977,2.3388636112213135,,1.1886855810726552e-05,0.9639221429824829,10.369446142512508,1558.3980848789215
18978,2.1509623527526855,,1.1883176747768214e-05,0.9271934032440186,8.593124035879995,1558.597721338272
18979,1.9030663967132568,,1.1879501251655226e-05,0.9271174073219299,6.706427512202311,1558.7998316287994
18980,1.9912501573562622,,1.1875829322479187e-05,0.9261214733123779,7.324685049740279,1558.9995896816254
18981,1.9553622007369995,,1.1872160960331614e-05,0.917634129524231,7.066478043789204,1559.204924583435
18982,2.439331293106079,,1.1868496165303915e-05,0.978330135345459,11.46537120597776,1559.4016089439392
18983,2.153083324432373,,1.1864834937487445e-05,0.99036705493927,8.611369150446114,1559.5982744693756
18984,2.0519537925720215,,1.1861177276973451e-05,0.9426001906394958,7.783092809674455,1559.8012573719025
18985,2.0324177742004395,,1.1857523183853096e-05,0.9215468764305115,7.6325177728582645,1559.9996485710144
18986,2.0194215774536133,,1.1853872658217431e-05,0.9262092113494873,7.5339658573738415,1560.1994092464447
18987,1.7543426752090454,,1.1850225700157462e-05,0.8716719150543213,5.779647387549216,1560.3968346118927
18988,2.1945207118988037,,1.1846582309764045e-05,0.9516938328742981,8.97569808042917,1560.5971899032593
18989,2.3438568115234375,,1.1842942487128024e-05,0.9900366067886353,10.42135234531396,1560.7955708503723
18990,1.9128395318984985,,1.1839306232340079e-05,0.9533147215843201,6.772291660254685,1560.991993188858
18991,2.1845309734344482,,1.1835673545490858e-05,0.9258406758308411,8.886479580770732,1561.1959235668182
18992,2.003465414047241,,1.1832044426670885e-05,0.9067268967628479,7.4147066569638085,1561.3972840309143
18993,2.282984733581543,,1.1828418875970597e-05,0.9981173872947693,9.80590478765887,1561.5975964069366
18994,1.9898834228515625,,1.182479689348037e-05,0.9334825873374939,7.314680987952225,1561.7972919940948
18995,2.122532367706299,,1.1821178479290467e-05,0.9292872548103333,8.352261727100158,1561.9955568313599
18996,2.1400563716888428,,1.1817563633491087e-05,0.9611338376998901,8.499916770044349,1562.1949162483215
18997,2.2679171562194824,,1.1813952356172283e-05,0.9883800148963928,9.659261115491978,1562.3986835479736
18998,2.243350028991699,,1.1810344647424092e-05,0.9532104134559631,9.424851987735334,1562.6020002365112
18999,2.3444414138793945,,1.1806740507336407e-05,0.9724671244621277,10.427446473594603,1562.8006143569946
19000,2.073655366897583,2.2374834140141804,1.1803139935999058e-05,0.9180002212524414,7.953844263096178,1562.9998500347137
19001,2.34036922454834,,1.1799542933501788e-05,0.9869696497917175,10.385070277820237,1567.4209191799164
19002,2.31919527053833,,1.1795949499934252e-05,0.9811918139457703,10.167488935113193,1567.628488779068
19003,2.3567163944244385,,1.1792359635385972e-05,0.9974879026412964,10.556231978918106,1567.8277144432068
19004,2.167344570159912,,1.1788773339946437e-05,0.9381659626960754,8.735057883314733,1568.0952508449554
19005,1.9917925596237183,,1.178519061370504e-05,0.9153960943222046,7.328659053176468,1568.369507074356
19006,2.3143184185028076,,1.1781611456751047e-05,0.9863557815551758,10.118024309870538,1568.63405752182
19007,2.1890721321105957,,1.1778035869173672e-05,0.9340837597846985,8.9269262625112,1568.8427455425262
19008,2.311343193054199,,1.1774463851062055e-05,0.96410071849823,10.087965644280768,1569.043236732483
19009,2.1099588871002197,,1.1770895402505168e-05,0.9417031407356262,8.247902182480146,1569.2402942180634
19010,2.122889995574951,,1.1767330523591987e-05,0.9517033696174622,8.355249262841225,1569.4387955665588
19011,2.4692955017089844,,1.1763769214411325e-05,0.9893622398376465,11.814120891200567,1569.6466047763824
19012,2.2503368854522705,,1.176021147505198e-05,0.9835252165794373,9.490932654987391,1569.846911430359
19013,2.1279423236846924,,1.175665730560259e-05,0.9317728281021118,8.397569541500197,1570.0505089759827
19014,2.2347939014434814,,1.1753106706151743e-05,1.0036214590072632,9.344555754268187,1570.2501513957977
19015,2.127892255783081,,1.1749559676787915e-05,0.9413341879844666,8.397149103339935,1570.4494931697845
19016,1.9239786863327026,,1.1746016217599533e-05,0.8834256529808044,6.848150982898247,1570.649088382721
19017,2.111178398132324,,1.1742476328674895e-05,0.9630259275436401,8.257966725846895,1570.8492667675018
19018,2.1107821464538574,,1.1738940010102223e-05,0.9651826620101929,8.254695140899377,1571.050214290619
19019,2.0796971321105957,,1.1735407261969666e-05,0.9168517589569092,8.002044984774216,1571.2526767253876
19020,1.9547781944274902,,1.1731878084365237e-05,0.9291495680809021,7.062352380849476,1571.4550404548645
19021,1.7739508152008057,,1.1728352477376927e-05,0.9180382490158081,5.894093897385907,1571.6619536876678
19022,2.327571153640747,,1.1724830441092586e-05,0.9572741985321045,10.253008283943332,1571.861760854721
19023,2.2652716636657715,,1.1721311975599993e-05,0.9878976941108704,9.633741383151131,1572.0605170726776
19024,2.2409136295318604,,1.171779708098684e-05,0.9840089678764343,9.401917233899422,1572.2646007537842
19025,2.3538103103637695,,1.1714285757340731e-05,0.9943856596946716,10.525599213677483,1572.4658644199371
19026,2.10518479347229,,1.1710778004749163e-05,0.9389935731887817,8.208619768797677,1572.6636228561401
19027,2.2825376987457275,,1.1707273823299577e-05,1.004865288734436,9.801522186282824,1572.8666076660156
19028,2.104888916015625,,1.170377321307931e-05,0.9476582407951355,8.206191382527848,1573.0631694793701
19029,2.328254222869873,,1.170027617417558e-05,0.967750608921051,10.260014190895394,1573.2609100341797
19030,2.4143033027648926,,1.1696782706675558e-05,1.014685869216919,11.181977190537292,1573.4657709598541
19031,2.087620496749878,,1.1693292810666323e-05,0.9020037055015564,8.065699952790194,1573.6701257228851
19032,2.0045628547668457,,1.1689806486234817e-05,0.9449782371520996,7.4228483246547725,1573.8681592941284
19033,2.087155818939209,,1.1686323733467958e-05,0.9343538880348206,8.061952871654773,1574.0734946727753
19034,2.1750974655151367,,1.1682844552452547e-05,0.9280645251274109,8.803043073504524,1574.2729659080505
19035,1.9824965000152588,,1.1679368943275271e-05,0.9223315119743347,7.260847082170379,1574.4726340770721
19036,1.8066881895065308,,1.1675896906022773e-05,0.8944395780563354,6.090244261307333,1574.6767263412476
19037,1.9801981449127197,,1.167242844078158e-05,0.9567761421203613,7.244178240027187,1574.880125761032
19038,1.9067137241363525,,1.1668963547638124e-05,0.890105128288269,6.730932711254783,1575.0771901607513
19039,2.471083402633667,,1.166550222667877e-05,0.9884558320045471,11.835262262573279,1575.276911497116
19040,2.135388135910034,,1.166204447798979e-05,0.9734318256378174,8.460329627410971,1575.4771120548248
19041,2.0923871994018555,,1.1658590301657328e-05,0.9305973052978516,8.104238524129313,1575.6803662776947
19042,2.2248082160949707,,1.1655139697767505e-05,0.9792904257774353,9.251708305005241,1575.8804595470428
19043,2.1111862659454346,,1.1651692666406321e-05,0.9321096539497375,8.25803169824136,1576.0806512832642
19044,2.304166793823242,,1.1648249207659658e-05,1.004339337348938,10.015829523777246,1576.2783977985382
19045,2.0834381580352783,,1.1644809321613354e-05,0.9684260487556458,8.032036907814785,1576.4785950183868
19046,2.2087252140045166,,1.164137300835313e-05,0.9833495616912842,9.10410320917843,1576.6780507564545
19047,2.1664037704467773,,1.1637940267964645e-05,0.9577414989471436,8.726843807869665,1576.8832800388336
19048,2.3935999870300293,,1.1634511100533431e-05,1.0113290548324585,10.95285318355925,1577.082650899887
19049,2.047128915786743,,1.1631085506144966e-05,0.897801399230957,7.745630793340383,1577.278860092163
19050,2.2182068824768066,,1.162766348488464e-05,0.9833223819732666,9.19083583275094,1577.479288816452
19051,2.0594937801361084,,1.1624245036837688e-05,0.9040012359619141,7.841999029677785,1577.6786863803864
19052,1.9650715589523315,,1.1620830162089354e-05,0.9199981093406677,7.13542317529662,1577.8817484378815
19053,2.108936309814453,,1.1617418860724731e-05,0.9476584792137146,8.23947237585207,1578.0864701271057
19054,2.1836349964141846,,1.1614011132828818e-05,0.9485130310058594,8.878521065131292,1578.2843010425568
19055,2.2990643978118896,,1.1610606978486582e-05,0.9728131890296936,9.964854951981819,1578.4859828948975
19056,2.2079591751098633,,1.1607206397782828e-05,0.9806428551673889,9.097131782552147,1578.686205625534
19057,2.271780014038086,,1.160380939080233e-05,0.9761416912078857,9.696645626853291,1578.8867485523224
19058,2.057286500930786,,1.1600415957629749e-05,0.9468449354171753,7.824708637672798,1579.0869364738464
19059,2.111361265182495,,1.1597026098349631e-05,0.8990371227264404,8.25947697394556,1579.2854402065277
19060,2.4034981727600098,,1.159363981304651e-05,0.9914451837539673,11.061804881177222,1579.484084367752
19061,2.1806442737579346,,1.159025710180474e-05,0.9717717170715332,8.85200753809316,1579.6941001415253
19062,2.3614299297332764,,1.1586877964708642e-05,0.9941172003746033,10.60610660163622,1579.8947999477386
19063,2.120375394821167,,1.1583502401842444e-05,0.9412531852722168,8.334265540645706,1580.0976419448853
19064,2.2833571434020996,,1.1580130413290243e-05,0.9676929116249084,9.809557282971586,1580.2957963943481
19065,2.0039052963256836,,1.1576761999136086e-05,0.9372182488441467,7.417968972486845,1580.4933936595917
19066,2.29136061668396,,1.1573397159463944e-05,0.9696592688560486,9.88838283090855,1580.6903121471405
19067,2.0631611347198486,,1.157003589435767e-05,0.9169732332229614,7.870811220732996,1580.888696193695
19068,2.194700241088867,,1.1566678203901026e-05,0.9558954834938049,8.977309624891111,1581.096872329712
19069,2.1495370864868164,,1.1563324088177706e-05,0.927081823348999,8.580885269895177,1581.2953543663025
19070,2.2248783111572266,,1.155997354727129e-05,0.9527449607849121,9.252356826803677,1581.492870092392
19071,2.380708932876587,,1.1556626581265296e-05,0.9777569770812988,10.812565530637073,1581.6950681209564
19072,2.147550344467163,,1.1553283190243131e-05,0.9421650767326355,8.563854188348337,1581.895536184311
19073,2.0834882259368896,,1.1549943374288117e-05,0.9426442384719849,8.032439065115927,1582.0972287654877
19074,2.027165651321411,,1.15466071334835e-05,0.951736330986023,7.592535938300375,1582.2965745925903
19075,1.9737859964370728,,1.1543274467912427e-05,0.9028047323226929,7.1978761003104825,1582.494265794754
19076,2.320014476776123,,1.153994537765795e-05,1.0214083194732666,10.175821618098464,1582.6926262378693
19077,2.442232608795166,,1.1536619862803035e-05,0.9911121726036072,11.498684169682972,1582.891769170761
19078,2.3278422355651855,,1.1533297923430576e-05,0.9536556601524353,10.255788065917528,1583.0932531356812
19079,2.0883562564849854,,1.1529979559623364e-05,0.9372434616088867,8.071636553739076,1583.2982993125916
19080,2.1693837642669678,,1.1526664771464097e-05,0.944941520690918,8.752888535777107,1583.4951510429382
19081,2.4065308570861816,,1.1523353559035374e-05,0.9700427055358887,11.095402763594779,1583.696539402008
19082,1.7053744792938232,,1.1520045922419748e-05,0.8321968913078308,5.503446208022057,1583.9014418125153
19083,2.145963191986084,,1.1516741861699624e-05,0.9227704405784607,8.550272826622694,1584.099927186966
19084,2.430417537689209,,1.1513441376957362e-05,1.039705753326416,11.36362583165577,1584.2990245819092
19085,1.7555420398712158,,1.1510144468275225e-05,0.881918728351593,5.786583450988894,1584.4995765686035
19086,2.2877769470214844,,1.1506851135735376e-05,0.9761375784873962,9.853009554272973,1584.6976141929626
19087,2.136453866958618,,1.1503561379419884e-05,0.94410640001297,8.469350869631276,1584.8976345062256
19088,2.0677759647369385,,1.1500275199410754e-05,0.9411280751228333,7.907217616666481,1585.0979580879211
19089,2.570147752761841,,1.1496992595789878e-05,1.008052110671997,13.067755095207673,1585.2977685928345
19090,2.335141181945801,,1.149371356863907e-05,0.9890651702880859,10.33091836557144,1585.5015268325806
19091,1.9738012552261353,,1.1490438118040038e-05,0.9335623979568481,7.197985932021542,1585.7059078216553
19092,1.9710276126861572,,1.1487166244074437e-05,0.9098917841911316,7.178048953845136,1585.9093537330627
19093,2.1744801998138428,,1.1483897946823788e-05,0.9412821531295776,8.797610933657522,1586.1104056835175
19094,1.941152572631836,,1.1480633226369564e-05,0.9166655540466309,6.966776060418822,1586.310869693756
19095,1.9568448066711426,,1.147737208279314e-05,0.94158935546875,7.0769626163946695,1586.511790752411
19096,1.9433512687683105,,1.1474114516175733e-05,0.8944292068481445,6.982110735994865,1586.7123882770538
19097,2.2698471546173096,,1.1470860526598607e-05,0.9706323146820068,9.677921475409121,1586.9126489162445
19098,2.165565013885498,,1.1467610114142817e-05,0.9671573638916016,8.719527179230639,1587.114441871643
19099,2.0104382038116455,,1.1464363278889383e-05,0.9380919933319092,7.466588518095716,1587.3174922466278
19100,2.239823818206787,,1.1461120020919218e-05,0.9279124736785889,9.391676499268373,1587.5192346572876
19101,1.8942772150039673,,1.1457880340313164e-05,0.8942722678184509,6.647741779748052,1587.7230610847473
19102,1.9226102828979492,,1.145464423715194e-05,0.9211890697479248,6.838786358325048,1587.9236299991608
19103,2.1116983890533447,,1.1451411711516214e-05,0.9688811898231506,8.26226191020208,1588.1233112812042
19104,2.0991299152374268,,1.1448182763486556e-05,0.9370167255401611,8.159067742751066,1588.3264074325562
19105,1.9555764198303223,,1.1444957393143445e-05,0.932548999786377,7.067991980460011,1588.5267164707184
19106,1.8036272525787354,,1.1441735600567237e-05,0.9059879183769226,6.071630909429551,1588.7238788604736
19107,1.9751548767089844,,1.1438517385838236e-05,0.9198806881904602,7.20773587779167,1588.9223392009735
19108,2.136563539505005,,1.1435302749036657e-05,0.9334472417831421,8.470279775844215,1589.1209573745728
19109,2.5845530033111572,,1.143209169024262e-05,1.0149831771850586,13.25736176850689,1589.3226156234741
19110,2.123035192489624,,1.142888420953615e-05,0.9325296878814697,8.35646250733306,1589.5220375061035
19111,2.365142822265625,,1.1425680306997193e-05,0.9943847060203552,10.645559131814109,1589.7244107723236
19112,2.1000354290008545,,1.1422479982705578e-05,0.9225254058837891,8.166459236933667,1589.9244902133942
19113,2.2441539764404297,,1.1419283236741087e-05,1.0080814361572266,9.432432120051281,1590.1241488456726
19114,2.295692205429077,,1.1416090069183376e-05,0.9560233354568481,9.931308138960881,1590.3215527534485
19115,2.1055970191955566,,1.1412900480112032e-05,0.9307184219360352,8.212004270560307,1590.5257263183594
19116,2.088899612426758,,1.1409714469606554e-05,0.9263454079627991,8.076023517153763,1590.7249209880829
19117,2.3266005516052246,,1.140653203774633e-05,0.9976181983947754,10.243061521187673,1590.9225227832794
19118,1.7264609336853027,,1.1403353184610683e-05,0.8678007125854492,5.620726543120954,1591.1214134693146
19119,2.525296688079834,,1.1400177910278846e-05,1.0150340795516968,12.494601713140485,1591.3189449310303
19120,1.9861239194869995,,1.1397006214829942e-05,0.9118306040763855,7.287233047807759,1591.5184090137482
19121,2.3008012771606445,,1.1393838098343044e-05,0.9862569570541382,9.982177742204676,1591.724389076233
19122,2.4051475524902344,,1.1390673560897068e-05,0.9595242738723755,11.080065052766718,1591.9265158176422
19123,2.512050151824951,,1.1387512602570924e-05,1.0056661367416382,12.330182912575168,1592.1259138584137
19124,1.9932125806808472,,1.138435522344337e-05,0.9212706089019775,7.339073295824432,1592.3255207538605
19125,2.316364288330078,,1.138120142359309e-05,0.9933263659477234,10.138745659882499,1592.5287079811096
19126,2.293523073196411,,1.1378051203098692e-05,0.9409907460212708,9.909789165551013,1592.7265222072601
19127,2.3741085529327393,,1.1374904562038705e-05,1.0168794393539429,10.741433497428618,1592.9301109313965
19128,2.002208948135376,,1.1371761500491526e-05,0.9036828875541687,7.405396181175455,1593.1277487277985
19129,2.2503268718719482,,1.136862201853549e-05,0.9420598745346069,9.490837617246752,1593.3273010253906
19130,2.101442337036133,,1.1365486116248865e-05,0.9757328033447266,8.17795678015034,1593.5356347560883
19131,1.9028326272964478,,1.1362353793709777e-05,0.8972985744476318,6.704859937786529,1593.7410542964935
19132,2.166982412338257,,1.135922505099632e-05,0.948727011680603,8.73189498654815,1593.9383172988892
19133,2.1039083003997803,,1.1356099888186453e-05,0.930372416973114,8.198148207387634,1594.1401114463806
19134,2.1725668907165527,,1.1352978305358064e-05,0.9130122065544128,8.78079447729328,1594.3441421985626
19135,2.0098869800567627,,1.1349860302588938e-05,0.9155383706092834,7.462473891280813,1594.5436432361603
19136,1.8930162191390991,,1.1346745879956812e-05,0.8987793922424316,6.639364287954428,1594.7500023841858
19137,2.1542446613311768,,1.1343635037539282e-05,0.934822142124176,8.621375660529791,1594.9490976333618
19138,2.1099414825439453,,1.1340527775413892e-05,0.9773983955383301,8.24775863265168,1595.149926662445
19139,1.9416866302490234,,1.133742409365809e-05,0.9321771264076233,6.970497713941378,1595.3526508808136
19140,2.658013105392456,,1.1334323992349214e-05,1.0359159708023071,14.267912079368319,1595.5541756153107
19141,2.123955249786377,,1.1331227471564532e-05,0.9892054200172424,8.36415446961838,1595.7613711357117
19142,2.5429162979125977,,1.1328134531381206e-05,1.0014688968658447,12.716702640263117,1595.9616754055023
19143,2.1336281299591064,,1.1325045171876345e-05,0.9770875573158264,8.445452492683055,1596.1632332801819
19144,2.2048003673553467,,1.1321959393126916e-05,0.9615814685821533,9.068441030275464,1596.3652284145355
19145,2.3076863288879395,,1.1318877195209833e-05,0.9843335747718811,10.051142693505374,1596.5665528774261
19146,1.7969629764556885,,1.1315798578201922e-05,0.880316436290741,6.0313024139043785,1596.7687392234802
19147,2.2376325130462646,,1.1312723542179903e-05,0.9840366840362549,9.3711190021904,1596.970660686493
19148,2.1341209411621094,,1.1309652087220405e-05,0.9094634056091309,8.44961553199783,1597.170312166214
19149,2.210219621658325,,1.1306584213400008e-05,0.9973328113555908,9.117718621649704,1597.3713426589966
19150,1.9633769989013672,,1.1303519920795144e-05,0.9191615581512451,7.123342011256969,1597.5701365470886
19151,1.8967403173446655,,1.1300459209482186e-05,0.9002732038497925,6.664136030155897,1597.7750535011292
19152,1.9219173192977905,,1.1297402079537422e-05,0.8832820653915405,6.8340489699179034,1597.9754214286804
19153,1.988571286201477,,1.1294348531037045e-05,0.9355384111404419,7.305089421043639,1598.1756043434143
19154,1.9626729488372803,,1.1291298564057152e-05,0.9159571528434753,7.118328586915386,1598.3799085617065
19155,1.9790807962417603,,1.1288252178673742e-05,0.9180349707603455,7.2360884874772795,1598.57985663414
19156,1.8875980377197266,,1.1285209374962783e-05,0.8971561193466187,6.603488286840982,1598.7876415252686
19157,2.119455337524414,,1.1282170153000049e-05,0.951694905757904,8.326601065240888,1598.99089884758
19158,2.3925223350524902,,1.127913451286133e-05,0.9914869666099548,10.94105617734152,1599.1909582614899
19159,2.2572121620178223,,1.1276102454622274e-05,0.9384230971336365,9.556410272295457,1599.3890869617462
19160,1.765403389930725,,1.1273073978358443e-05,0.9059422016143799,5.843929264899126,1599.5868752002716
19161,1.8665603399276733,,1.1270049084145308e-05,0.9028244018554688,6.4660172036204635,1599.788987159729
19162,2.0535318851470947,,1.1267027772058271e-05,0.9556187391281128,7.795384947162956,1599.9892356395721
19163,2.049302339553833,,1.1264010042172608e-05,0.9640688896179199,7.762483638951248,1600.190735578537
19164,1.8971900939941406,,1.1260995894563563e-05,0.8695377707481384,6.667134077106402,1600.388731956482
19165,2.298097610473633,,1.1257985329306236e-05,0.9784329533576965,9.955225711850414,1600.5857303142548
19166,2.1274592876434326,,1.125497834647564e-05,0.9722195863723755,8.393514192271438,1600.784093618393
19167,2.1446609497070312,,1.1251974946146748e-05,0.9574537873268127,8.539145546630161,1600.988744020462
19168,1.7770934104919434,,1.1248975128394416e-05,0.8880260586738586,5.912645784381658,1601.1879415512085
19169,2.3451952934265137,,1.1245978893293372e-05,1.0082895755767822,10.435310476102602,1601.3873224258423
19170,1.999276876449585,,1.124298624091831e-05,0.9208560585975647,7.383714829881644,1601.5883526802063
19171,2.2504923343658447,,1.1239997171343834e-05,0.9467580318450928,9.492408124834537,1601.78919506073
19172,1.911264419555664,,1.123701168464441e-05,0.9253319501876831,6.761632936618594,1601.9874589443207
19173,2.090341567993164,,1.123402978089446e-05,0.9666563868522644,8.087677184234582,1602.186416387558
19174,2.023890495300293,,1.1231051460168297e-05,0.927183210849762,7.567709875313028,1602.3862619400024
19175,2.22892165184021,,1.1228076722540145e-05,0.9150026440620422,9.289842991171165,1602.5897424221039
19176,2.3898096084594727,,1.1225105568084141e-05,1.0042535066604614,10.911416303906355,1602.7878859043121
19177,1.9974619150161743,,1.1222137996874336e-05,0.9225724935531616,7.370325826168169,1602.9874444007874
19178,1.7701305150985718,,1.1219174008984698e-05,0.8958777785301208,5.871619646392556,1603.1888751983643
19179,2.1242921352386475,,1.1216213604489091e-05,0.9306510090827942,8.366972706264548,1603.3897054195404
19180,2.1722962856292725,,1.121325678346129e-05,0.9433387517929077,8.77841867110448,1603.5907232761383
19181,2.124581813812256,,1.1210303545974991e-05,0.9451528191566467,8.369396790069137,1603.7923872470856
19182,2.1857173442840576,,1.12073538921038e-05,0.9576977491378784,8.897028497327277,1604.001624584198
19183,2.161036729812622,,1.1204407821921232e-05,0.9252268075942993,8.680131946901222,1604.211597919464
19184,2.1006007194519043,,1.12014653355007e-05,0.9277098178863525,8.171076963414569,1604.4116604328156
19185,1.965506672859192,,1.119852643291556e-05,0.9068224430084229,7.138528572703331,1604.6138207912445
19186,2.1684699058532715,,1.1195591114239027e-05,0.9693720936775208,8.744893288762844,1604.8136944770813
19187,2.2749791145324707,,1.1192659379544271e-05,0.9968806505203247,9.727715842544878,1605.0123012065887
19188,2.0134005546569824,,1.118973122890436e-05,0.9339809417724609,7.488739966886396,1605.2139115333557
19189,2.115399122238159,,1.1186806662392281e-05,0.944531261920929,8.292894984491003,1605.4137020111084
19190,2.3153021335601807,,1.1183885680080899e-05,0.9817164540290833,10.12798245992306,1605.6167743206024
19191,2.2193350791931152,,1.1180968282043038e-05,0.932732105255127,9.201210754933694,1605.8200743198395
19192,2.2530336380004883,,1.1178054468351382e-05,0.9521474838256836,9.516561894135352,1606.0205750465393
19193,2.1515440940856934,,1.117514423907857e-05,0.9506043791770935,8.598124465648649,1606.2203302383423
19194,2.2798237800598145,,1.1172237594297122e-05,0.9662663340568542,9.774957715282921,1606.4208114147186
19195,2.133358955383301,,1.1169334534079497e-05,0.9433100819587708,8.443179497520829,1606.620260477066
19196,1.9545749425888062,,1.1166435058498007e-05,0.9199269413948059,7.060917090610265,1606.8192954063416
19197,2.101811170578003,,1.1163539167624951e-05,0.9850983023643494,8.180973641240403,1607.021231174469
19198,2.233962059020996,,1.1160646861532495e-05,0.9818985462188721,9.336785788514119,1607.2245318889618
19199,2.1241581439971924,,1.1157758140292712e-05,0.9100329875946045,8.365851680309921,1607.4256579875946
19200,2.173393726348877,2.2359956476423477,1.115487300397761e-05,0.9460224509239197,8.788057753401171,1607.625099182129
19201,1.9388728141784668,,1.11519914526591e-05,0.8987523913383484,6.9509115842602025,1612.1540462970734
19202,2.1987061500549316,,1.1149113486408962e-05,0.9596517086029053,9.013344037108167,1612.3488280773163
19203,2.063523054122925,,1.1146239105298964e-05,0.9120191335678101,7.873660335575601,1612.5838248729706
19204,2.1988320350646973,,1.1143368309400725e-05,0.9557998180389404,9.014478753430689,1612.8720786571503
19205,1.8158904314041138,,1.1140501098785772e-05,0.8768059015274048,6.146546819782802,1613.147404909134
19206,2.002692699432373,,1.1137637473525595e-05,0.9493381977081299,7.408979417810683,1613.371042728424
19207,2.4790163040161133,,1.1134777433691575e-05,0.9885607957839966,11.929523619633517,1613.5714735984802
19208,1.7507697343826294,,1.1131920979354946e-05,0.8594529628753662,5.759033896756519,1613.7753303050995
19209,2.0452423095703125,,1.1129068110586911e-05,0.9524663686752319,7.731031613917035,1613.9770331382751
19210,2.337141513824463,,1.1126218827458591e-05,1.0336582660675049,10.351604313396782,1614.1796922683716
19211,1.9501971006393433,,1.1123373130040996e-05,0.8999921083450317,7.030073075941696,1614.3850400447845
19212,2.3135597705841064,,1.1120531018405024e-05,1.0014985799789429,10.11035120274788,1614.590271949768
19213,2.087005615234375,,1.1117692492621536e-05,0.8973256349563599,8.060742027404176,1614.7888243198395
19214,2.5355358123779297,,1.1114857552761272e-05,0.987514317035675,12.623192699230582,1614.9894268512726
19215,1.9593883752822876,,1.1112026198894868e-05,0.9395478963851929,7.094986268848936,1615.1882050037384
19216,2.1979331970214844,,1.1109198431092883e-05,0.9716306328773499,9.006379837339583,1615.3893554210663
19217,2.2503931522369385,,1.1106374249425827e-05,0.9712396860122681,9.491466694275584,1615.5873634815216
19218,2.1375701427459717,,1.1103553653964067e-05,0.9629777073860168,8.478810279614551,1615.7862637043
19219,2.0838065147399902,,1.1100736644777887e-05,0.9285778403282166,8.034996107449325,1615.987631559372
19220,2.2961015701293945,,1.1097923221937507e-05,0.9662169814109802,9.935374498196126,1616.185086965561
19221,2.196176290512085,,1.109511338551305e-05,0.9542723894119263,8.990570361928986,1616.3913989067078
19222,2.061873435974121,,1.109230713557453e-05,0.9720868468284607,7.860682509759999,1616.5957872867584
19223,1.9473330974578857,,1.1089504472191907e-05,0.9104320406913757,7.009967728918104,1616.7947897911072
19224,2.5020220279693604,,1.1086705395435018e-05,1.038865327835083,12.20715222567783,1616.9973905086517
19225,1.81730055809021,,1.1083909905373614e-05,0.879222571849823,6.15522034342705,1617.2167310714722
19226,2.065629720687866,,1.1081118002077386e-05,0.9659090042114258,7.890264996649399,1617.418515920639
19227,2.008817434310913,,1.107832968561591e-05,0.9664793610572815,7.454496700822383,1617.6169211864471
19228,2.348165512084961,,1.1075544956058649e-05,0.9365295767784119,10.466351706785701,1617.8143718242645
19229,2.1927735805511475,,1.1072763813475053e-05,0.9675920605659485,8.960030047986587,1618.0136940479279
19230,2.0620124340057373,,1.106998625793439e-05,0.919029176235199,7.861775205095507,1618.2115683555603
19231,2.0917413234710693,,1.1067212289505933e-05,0.9239100813865662,8.099005881530084,1618.4183855056763
19232,2.4298620223999023,,1.1064441908258775e-05,0.9902922511100769,11.357314916831458,1618.6198794841766
19233,2.252711057662964,,1.1061675114261976e-05,0.9831363558769226,9.513492533471785,1618.8194801807404
19234,2.018721580505371,,1.1058911907584487e-05,0.907021164894104,7.5286939496404495,1619.0201523303986
19235,2.279179573059082,,1.105615228829519e-05,0.9564054012298584,9.768662646972116,1619.2186815738678
19236,2.364259719848633,,1.1053396256462858e-05,1.0056482553482056,10.636162162668354,1619.420105457306
19237,1.979562759399414,,1.105064381215615e-05,0.921934187412262,7.239576856098819,1619.620222568512
19238,2.252751350402832,,1.1047894955443693e-05,0.9658977389335632,9.513875865874379,1619.8203070163727
19239,2.102195978164673,,1.1045149686394e-05,0.956937849521637,8.184122347748122,1620.0202193260193
19240,2.136040449142456,,1.1042408005075458e-05,0.9597725868225098,8.465850212757262,1620.2203569412231
19241,2.0627176761627197,,1.1039669911556435e-05,0.9538753032684326,7.867321615950354,1620.4192802906036
19242,1.8175172805786133,,1.1036935405905154e-05,0.8666600584983826,6.156554462658146,1620.6168229579926
19243,2.1745376586914062,,1.1034204488189761e-05,0.9578825235366821,8.798116449030044,1620.8167026042938
19244,2.5553171634674072,,1.103147715847832e-05,1.037049412727356,12.875382610999177,1621.0165133476257
19245,2.1140081882476807,,1.1028753416838794e-05,0.992981493473053,8.281368133380527,1621.2180325984955
19246,2.0506203174591064,,1.1026033263339105e-05,0.9226076006889343,7.772721165812598,1621.418143749237
19247,2.5002574920654297,,1.1023316698046993e-05,1.0467851161956787,12.18563126013302,1621.6188426017761
19248,2.41873836517334,,1.10206037210302e-05,1.0134029388427734,11.231680093495012,1621.8209862709045
19249,2.1365244388580322,,1.1017894332356322e-05,0.966762900352478,8.469948588899793,1622.0210509300232
19250,2.200401782989502,,1.1015188532092907e-05,0.9612108469009399,9.028640324887816,1622.219337463379
19251,2.324303388595581,,1.1012486320307357e-05,0.954827070236206,10.219558544575294,1622.4263079166412
19252,2.2530808448791504,,1.1009787697067047e-05,0.9436898231506348,9.517011151921915,1622.6270513534546
19253,2.402719259262085,,1.1007092662439216e-05,0.9868004322052002,11.05319204680579,1622.8262865543365
19254,2.003168821334839,,1.1004401216491027e-05,0.9284778833389282,7.4125078350981415,1623.0247194766998
19255,1.9808846712112427,,1.1001713359289593e-05,0.940135657787323,7.249153266447989,1623.2251687049866
19256,1.9821133613586426,,1.0999029090901852e-05,0.9012939929962158,7.258065703834225,1623.4254426956177
19257,2.2082600593566895,,1.0996348411394737e-05,0.9290767908096313,9.099869378025842,1623.6259236335754
19258,2.040748119354248,,1.0993671320835059e-05,0.9025453329086304,7.69636484515338,1623.824461698532
19259,2.1993303298950195,,1.0990997819289513e-05,0.9524075388908386,9.018971740914825,1624.0244908332825
19260,2.1727800369262695,,1.0988327906824744e-05,0.9763509631156921,8.782666269830074,1624.2226448059082
19261,2.1935043334960938,,1.0985661583507301e-05,0.9548876285552979,8.966580009241225,1624.4226474761963
19262,2.138979434967041,,1.0982998849403641e-05,0.9553651213645935,8.490767824844195,1624.6249430179596
19263,2.1261231899261475,,1.0980339704580085e-05,0.9728111624717712,8.382307125654403,1624.8264651298523
19264,2.024693489074707,,1.0977684149102962e-05,0.9376289248466492,7.573789139708549,1625.0235102176666
19265,2.228893518447876,,1.0975032183038416e-05,0.9703972339630127,9.289581640049937,1625.225768327713
19266,2.138301372528076,,1.0972383806452548e-05,0.9184849858283997,8.485012505557624,1625.4230201244354
19267,2.528503179550171,,1.0969739019411377e-05,1.0045689344406128,12.534729847838003,1625.6239590644836
19268,2.0856730937957764,,1.0967097821980807e-05,0.9693067669868469,8.050008069044745,1625.827060699463
19269,2.245675802230835,,1.0964460214226667e-05,0.9277179837226868,9.44679756659887,1626.0307040214539
19270,2.1351566314697266,,1.0961826196214684e-05,0.9191035628318787,8.458371250231012,1626.23277759552
19271,2.2352747917175293,,1.0959195768010523e-05,0.9781689047813416,9.349050540908683,1626.4391832351685
19272,2.1157279014587402,,1.0956568929679719e-05,0.9646969437599182,8.29562196430295,1626.6406846046448
19273,2.1655893325805664,,1.0953945681287746e-05,0.9337639808654785,8.71973922933163,1626.8382380008698
19274,2.403712034225464,,1.095132602290001e-05,1.0094956159591675,11.064170827963084,1627.0366160869598
19275,2.1565310955047607,,1.0948709954581754e-05,0.9528830051422119,8.641110420981267,1627.2342956066132
19276,2.113415479660034,,1.0946097476398198e-05,0.9546106457710266,8.27646114971974,1627.4375727176666
19277,2.1143195629119873,,1.094348858841447e-05,0.9599644541740417,8.283947143101363,1627.6411039829254
19278,2.0039331912994385,,1.0940883290695562e-05,0.9628913402557373,7.418175899422744,1627.8400437831879
19279,2.3498072624206543,,1.0938281583306428e-05,0.9992233514785767,10.483548956146048,1628.0410766601562
19280,2.413212299346924,,1.0935683466311883e-05,1.0196613073349,11.169784267672453,1628.2400002479553
19281,2.2796473503112793,,1.0933088939776701e-05,0.9817062020301819,9.773233274077109,1628.4446272850037
19282,2.1933677196502686,,1.0930498003765537e-05,0.9457356333732605,8.96535513393163,1628.6441073417664
19283,2.080383539199829,,1.0927910658342975e-05,0.9470874667167664,8.00753953071204,1628.8436772823334
19284,2.054348945617676,,1.0925326903573474e-05,0.9501067996025085,7.8017568508170605,1629.0406293869019
19285,2.7131903171539307,,1.0922746739521456e-05,1.0256562232971191,15.07730023667509,1629.2427470684052
19286,2.1775004863739014,,1.0920170166251189e-05,0.9648280143737793,8.824222406628708,1629.4515027999878
19287,2.10929012298584,,1.0917597183826934e-05,0.9548797607421875,8.24238812548882,1629.652982711792
19288,2.2462916374206543,,1.0915027792312781e-05,0.9918665885925293,9.452617028702335,1629.8516473770142
19289,1.9529722929000854,,1.0912461991772766e-05,0.9267317056655884,7.04960997712405,1630.0491399765015
19290,1.934838056564331,,1.0909899782270866e-05,0.9220995903015137,6.922922842684193,1630.2487268447876
19291,2.2435593605041504,,1.0907341163870908e-05,0.958133339881897,9.426825112767974,1630.4538416862488
19292,2.2243101596832275,,1.0904786136636673e-05,0.9553300142288208,9.247101579664132,1630.6602907180786
19293,2.249629259109497,,1.0902234700631832e-05,0.9934697151184082,9.484218996684117,1630.8572225570679
19294,1.949217677116394,,1.0899686855919988e-05,0.9139372706413269,7.0231910277731435,1631.055721282959
19295,2.129227876663208,,1.0897142602564615e-05,0.9426421523094177,8.40837200411784,1631.2580258846283
19296,2.132087230682373,,1.0894601940629143e-05,0.9465842247009277,8.4324489222145,1631.4559388160706
19297,2.0787551403045654,,1.08920648701769e-05,0.9325809478759766,7.994510673154108,1631.6545205116272
19298,2.1177453994750977,,1.0889531391271088e-05,0.9406550526618958,8.312375259347565,1631.8539321422577
19299,2.2799973487854004,,1.088700150397486e-05,0.9498600959777832,9.776654489485427,1632.054703950882
19300,1.921531081199646,,1.0884475208351274e-05,0.9010842442512512,6.831409909526777,1632.2546470165253
19301,2.239234685897827,,1.0881952504463274e-05,1.0106751918792725,9.386145188704218,1632.4597506523132
19302,2.1267778873443604,,1.0879433392373772e-05,0.953642725944519,8.387796797329086,1632.6611669063568
19303,2.227449893951416,,1.0876917872145518e-05,0.9716205596923828,9.276180647760233,1632.8640973567963
19304,2.4126198291778564,,1.0874405943841199e-05,1.0388299226760864,11.163168463725704,1633.0635833740234
19305,2.212049961090088,,1.0871897607523438e-05,0.9753607511520386,9.134422423721078,1633.262475013733
19306,2.053302526473999,,1.0869392863254742e-05,0.96256422996521,7.793597213039205,1633.459275007248
19307,1.9126778841018677,,1.0866891711097542e-05,0.9422616958618164,6.771197022704921,1633.656510591507
19308,1.9920693635940552,,1.086439415111417e-05,0.9369825124740601,7.330687935888073,1633.8559806346893
19309,2.229343891143799,,1.0861900183366861e-05,0.950920820236206,9.293766356247385,1634.0529282093048
19310,2.1275014877319336,,1.0859409807917788e-05,0.9133354425430298,8.393868406787075,1634.2548797130585
19311,2.598038911819458,,1.0856923024829008e-05,1.0227328538894653,13.437360330431428,1634.455584526062
19312,1.9940310716629028,,1.08544398341625e-05,0.921473503112793,7.34508272012802,1634.6558818817139
19313,2.2120039463043213,,1.0851960235980161e-05,0.9477991461753845,9.134002114900435,1634.8531744480133
19314,1.9303090572357178,,1.0849484230343762e-05,0.9232805967330933,6.891639823636426,1635.0560092926025
19315,2.3023414611816406,,1.0847011817315038e-05,0.9684913158416748,9.99756397863415,1635.2525255680084
19316,2.0375616550445557,,1.0844542996955596e-05,0.9311925768852234,7.671879684522776,1635.4512956142426
19317,2.0210022926330566,,1.0842077769326981e-05,0.9211135506629944,7.545884328938776,1635.6526324748993
19318,2.221958637237549,,1.0839616134490608e-05,0.9730386137962341,9.225382359367416,1635.8536014556885
19319,1.5971993207931519,,1.0837158092507843e-05,0.8492165803909302,4.939179976659092,1636.0508842468262
19320,2.1345949172973633,,1.083470364343994e-05,0.9627277255058289,8.45362139737937,1636.2502899169922
19321,2.392591953277588,,1.0832252787348072e-05,0.9741278886795044,10.94181790076789,1636.4564039707184
19322,1.65505051612854,,1.0829805524293331e-05,0.9240420460700989,5.233344283793284,1636.6559896469116
19323,2.2497501373291016,,1.0827361854336698e-05,0.988010048866272,9.485365501483107,1636.8541293144226
19324,2.3289694786071777,,1.0824921777539072e-05,0.9644161462783813,10.267355350000372,1637.0533339977264
19325,2.458972692489624,,1.0822485293961291e-05,0.9847739934921265,11.692793273462993,1637.2551386356354
19326,2.0088937282562256,,1.0820052403664041e-05,0.9084749817848206,7.455065455482001,1637.45725440979
19327,1.8633679151535034,,1.0817623106707983e-05,0.9106360077857971,6.445407844527176,1637.6582210063934
19328,2.4657843112945557,,1.0815197403153662e-05,0.9938554763793945,11.772712002960514,1637.8610932826996
19329,1.971038579940796,,1.0812775293061527e-05,0.9253535270690918,7.178127677767513,1638.0595548152924
19330,2.385056972503662,,1.0810356776491929e-05,0.9989066123962402,10.859681350531828,1638.255205631256
19331,2.217893600463867,,1.080794185350514e-05,0.9624918699264526,9.187956960173704,1638.4587507247925
19332,1.9717367887496948,,1.0805530524161385e-05,0.9161427021026611,7.183141259803428,1638.658306837082
19333,1.8606398105621338,,1.0803122788520726e-05,0.8916417360305786,6.427848061146905,1638.8613286018372
19334,1.9532034397125244,,1.0800718646643193e-05,0.9166531562805176,7.051239660339984,1639.063090801239
19335,2.309965133666992,,1.0798318098588686e-05,0.9523108601570129,10.074073402892175,1639.2636077404022
19336,2.080402135848999,,1.0795921144417046e-05,0.9142142534255981,8.00768844550006,1639.462293624878
19337,2.115659713745117,,1.0793527784187993e-05,0.9146721959114075,8.295056324093197,1639.662345647812
19338,1.8202941417694092,,1.0791138017961191e-05,0.8990755081176758,6.173674118267409,1639.8631451129913
19339,2.189387321472168,,1.07887518457962e-05,0.957405149936676,8.929740378167045,1640.0686712265015
19340,2.1357951164245605,,1.0786369267752474e-05,0.9722464084625244,8.463773517466336,1640.268300294876
19341,2.3013598918914795,,1.0783990283889413e-05,0.9607053995132446,9.9877554914987,1640.4695763587952
19342,2.09710431098938,,1.078161489426629e-05,0.9293674826622009,8.142557427798552,1640.668553352356
19343,2.091987371444702,,1.0779243098942335e-05,0.9507068395614624,8.100998870691093,1640.869750738144
19344,2.420506238937378,,1.0776874897976623e-05,0.9667861461639404,11.251553848026903,1641.0759954452515
19345,2.0848286151885986,,1.077451029142819e-05,0.9145653247833252,8.043212879042951,1641.2761747837067
19346,2.2736878395080566,,1.077214927935597e-05,0.9579227566719055,9.715162792497043,1641.4780220985413
19347,2.362902879714966,,1.0769791861818817e-05,1.0042861700057983,10.621740377219064,1641.6817417144775
19348,2.3879451751708984,,1.0767438038875462e-05,0.9570303559303284,10.891091648993024,1641.8828673362732
19349,1.6100506782531738,,1.0765087810584577e-05,0.8629307150840759,5.003064767992004,1642.089220046997
19350,1.5333374738693237,,1.0762741177004748e-05,0.8259302973747253,4.6336156157222215,1642.287076473236
19351,2.3221256732940674,,1.076039813819444e-05,0.9657720327377319,10.197327470818603,1642.4882543087006
19352,2.0210275650024414,,1.0758058694212047e-05,0.9356225728988647,7.546075033724642,1642.6871025562286
19353,2.2976415157318115,,1.0755722845115903e-05,0.9474644064903259,9.950686221047231,1642.8878779411316
19354,2.125067949295044,,1.075339059096419e-05,0.9421460628509521,8.373466439938776,1643.085877418518
19355,1.9339038133621216,,1.0751061931815071e-05,0.8675348162651062,6.916458169337762,1643.2897081375122
19356,2.42704439163208,,1.074873686772653e-05,1.0139538049697876,11.325359237675801,1643.4888899326324
19357,2.125645160675049,,1.0746415398756556e-05,0.9497762322425842,8.378301095232795,1643.6900465488434
19358,1.9176325798034668,,1.0744097524963002e-05,0.9068391919136047,6.804829494014888,1643.8937313556671
19359,2.29380464553833,,1.0741783246403615e-05,0.9767080545425415,9.91257988096998,1644.09960770607
19360,2.247648000717163,,1.0739472563136075e-05,0.9523414373397827,9.465446910519468,1644.3009963035583
19361,2.0223031044006348,,1.0737165475217998e-05,0.9341733455657959,7.5557064910776734,1644.4997968673706
19362,1.7440178394317627,,1.0734861982706852e-05,0.8915371894836426,5.720280481585638,1644.6973354816437
19363,1.754896879196167,,1.0732562085660061e-05,0.8818314075469971,5.782851378925944,1644.895815372467
19364,2.3981926441192627,,1.0730265784134953e-05,0.9816104769706726,11.003271570941392,1645.0937898159027
19365,2.30334734916687,,1.0727973078188738e-05,0.9540077447891235,10.007625467638912,1645.2947013378143
19366,2.2845230102539062,,1.0725683967878565e-05,0.958523690700531,9.821000590028698,1645.4948289394379
19367,2.1939566135406494,,1.0723398453261487e-05,0.9238007664680481,8.970636331675017,1645.699360370636
19368,2.3017044067382812,,1.072111653439446e-05,0.9526506662368774,9.991197014345566,1645.8980958461761
19369,2.3932673931121826,,1.0718838211334358e-05,0.9606879353523254,10.949210936935444,1646.1018245220184
19370,2.1780807971954346,,1.0716563484137961e-05,0.9749689102172852,8.829344684495782,1646.3033764362335
19371,1.914123296737671,,1.0714292352861966e-05,0.8952894806861877,6.7809912731025,1646.5021555423737
19372,1.9960851669311523,,1.0712024817562957e-05,0.9104847311973572,7.360185725984417,1646.7012491226196
19373,2.0514283180236816,,1.0709760878297475e-05,0.9118438363075256,7.7790040668548315,1646.8983294963837
19374,1.7949706315994263,,1.0707500535121938e-05,0.8776519894599915,6.019297942058258,1647.0995700359344
19375,2.141855001449585,,1.0705243788092664e-05,0.9287899136543274,8.515218730466247,1647.2977266311646
19376,2.1158995628356934,,1.0702990637265897e-05,0.9723562598228455,8.29704612442517,1647.498063325882
19377,2.3557841777801514,,1.0700741082697818e-05,0.9943715929985046,10.546395869171334,1647.6982858181
19378,2.0606071949005127,,1.0698495124444453e-05,0.9719433188438416,7.850735289817862,1647.9015424251556
19379,2.4063663482666016,,1.0696252762561807e-05,0.9671555757522583,11.093577622113425,1648.1014306545258
19380,2.0841894149780273,,1.0694013997105771e-05,0.8969851136207581,8.038073298462484,1648.3054084777832
19381,2.210841655731201,,1.069177882813211e-05,0.9664546847343445,9.123391917608032,1648.5068516731262
19382,2.195976734161377,,1.068954725569654e-05,0.9350454807281494,8.988776415519428,1648.7097074985504
19383,1.9085763692855835,,1.068731927985468e-05,0.9128716588020325,6.743481733979174,1648.9084331989288
19384,2.4805614948272705,,1.068509490066207e-05,0.9837601780891418,11.947971258802838,1649.1067984104156
19385,2.065103769302368,,1.0682874118174154e-05,0.9444305896759033,7.886116191972887,1649.3093872070312
19386,2.2155604362487793,,1.068065693244624e-05,0.9782313108444214,9.166544936381607,1649.5076053142548
19387,2.1213762760162354,,1.0678443343533631e-05,0.9540676474571228,8.342611326173232,1649.7046954631805
19388,2.018751859664917,,1.0676233351491461e-05,0.9094129204750061,7.528921915617015,1649.9029862880707
19389,2.429220676422119,,1.0674026956374817e-05,1.0161175727844238,11.350033283863732,1650.1001863479614
19390,1.9563075304031372,,1.067182415823871e-05,0.9646270275115967,7.073161353586908,1650.2995171546936
19391,2.138780117034912,,1.0669624957138e-05,0.9624355435371399,8.489075631207031,1650.5018842220306
19392,2.2097880840301514,,1.0667429353127534e-05,0.9573858976364136,9.113784831831572,1650.7055225372314
19393,2.349681854248047,,1.0665237346262016e-05,0.9513582587242126,10.482234315864059,1650.903230190277
19394,2.1376986503601074,,1.066304893659608e-05,0.9448875188827515,8.479899941307707,1651.1055433750153
19395,2.162877321243286,,1.0660864124184254e-05,0.9491443037986755,8.696123235579599,1651.304162979126
19396,1.7036460638046265,,1.0658682909081012e-05,0.8538569808006287,5.493942182170938,1651.5049076080322
19397,2.3955743312835693,,1.0656505291340701e-05,0.9520516991615295,10.97449924766179,1651.7059214115143
19398,1.8880243301391602,,1.0654331271017592e-05,0.8943420052528381,6.606303903934953,1651.9047288894653
19399,2.1575071811676025,,1.0652160848165886e-05,0.981313943862915,8.649549002693547,1652.1061260700226
19400,1.9922024011611938,2.2358593940734863,1.0649994022839654e-05,0.9239490628242493,7.331663257652295,1652.3043196201324
19401,1.7719544172286987,,1.0647830795092894e-05,0.848828136920929,5.8823386782339,1656.7252774238586
19402,2.225113868713379,,1.0645671164979532e-05,0.945403516292572,9.254536546081042,1656.922492980957
19403,1.881840705871582,,1.06435151325534e-05,0.9161280393600464,6.565579046171956,1657.1440510749817
19404,2.1372570991516113,,1.0641362697868221e-05,0.954365074634552,8.476156457771358,1657.4105665683746
19405,1.989888310432434,,1.0639213860977634e-05,0.8940715193748474,7.3147167391344725,1657.696055650711
19406,2.0506794452667236,,1.063706862193521e-05,0.9170036315917969,7.773180763361716,1657.9395940303802
19407,1.7865043878555298,,1.0634926980794398e-05,0.8894513845443726,5.9685522144723056,1658.1443173885345
19408,1.695340871810913,,1.063278893760858e-05,0.8591000437736511,5.448502889754998,1658.3497922420502
19409,2.0940041542053223,,1.0630654492431058e-05,0.9226023554801941,8.117353311691286,1658.5520226955414
19410,2.106898546218872,,1.0628523645314985e-05,0.9396233558654785,8.222699374507657,1658.753880739212
19411,1.8654303550720215,,1.0626396396313503e-05,0.9212891459465027,6.458714828667555,1658.9570796489716
19412,1.9590712785720825,,1.0624272745479625e-05,0.9126405715942383,7.0927368287080155,1659.1540441513062
19413,2.185331344604492,,1.0622152692866264e-05,0.9416815638542175,8.89359490990268,1659.3563570976257
19414,2.20147442817688,,1.0620036238526272e-05,0.9532862305641174,9.038330048369446,1659.5539796352386
19415,2.378660202026367,,1.0617923382512385e-05,1.0005970001220703,10.79043617035628,1659.7555520534515
19416,2.1578547954559326,,1.0615814124877277e-05,0.974391520023346,8.65255623216218,1659.9593904018402
19417,2.0394959449768066,,1.0613708465673495e-05,0.949216902256012,7.686733685498934,1660.1565523147583
19418,2.0951592922210693,,1.0611606404953531e-05,0.9277061223983765,8.126735392844932,1660.355758190155
19419,1.905755639076233,,1.0609507942769773e-05,0.9397621750831604,6.724486993449483,1660.5564081668854
19420,2.2964138984680176,,1.0607413079174506e-05,0.9509195685386658,9.938478081850079,1660.7568118572235
19421,2.498677968978882,,1.0605321814219967e-05,1.0098987817764282,12.166398967157406,1660.9566617012024
19422,2.386427640914917,,1.0603234147958253e-05,0.9993082880973816,10.874576578592574,1661.1543877124786
19423,2.228635549545288,,1.0601150080441392e-05,0.9655385613441467,9.287185525943505,1661.3534607887268
19424,1.8197579383850098,,1.0599069611721333e-05,0.871353805065155,6.170364660661493,1661.5513932704926
19425,1.978509783744812,,1.0596992741849944e-05,0.9152060747146606,7.2319577699797994,1661.750565290451
19426,2.2301077842712402,,1.0594919470878952e-05,0.956158459186554,9.300868512793896,1661.9567844867706
19427,2.4391772747039795,,1.059284979886006e-05,0.9948397278785706,11.463605463807022,1662.1585965156555
19428,1.8126643896102905,,1.0590783725844832e-05,0.876567006111145,6.126749753106312,1662.3591582775116
19429,2.2248153686523438,,1.0588721251884752e-05,0.9640040397644043,9.251774478616348,1662.5569744110107
19430,2.5705854892730713,,1.0586662377031252e-05,1.0111082792282104,13.073476580892894,1662.7574784755707
19431,1.9580389261245728,,1.0584607101335606e-05,0.9555662274360657,7.085418402730809,1662.962703704834
19432,2.1065001487731934,,1.058255542484907e-05,0.9207155704498291,8.2194241245492,1663.164788722992
19433,1.8768644332885742,,1.0580507347622754e-05,0.8940829634666443,6.532988093160785,1663.3635013103485
19434,2.3291234970092773,,1.0578462869707726e-05,0.9810049533843994,10.268936833450818,1663.5662291049957
19435,2.2296972274780273,,1.0576421991154919e-05,0.9752818942070007,9.297050761798618,1663.764113664627
19436,2.2033817768096924,,1.0574384712015185e-05,0.9970581531524658,9.05558574591435,1663.9644832611084
19437,2.3014473915100098,,1.0572351032339332e-05,0.9939042329788208,9.988629454529338,1664.1623086929321
19438,2.2518301010131836,,1.0570320952178038e-05,0.9655342698097229,9.505115249515583,1664.362725019455
19439,2.267362594604492,,1.0568294471581882e-05,0.9826987385749817,9.653905945071381,1664.5616796016693
19440,2.0052130222320557,,1.0566271590601366e-05,0.9402179718017578,7.4276759883595265,1664.761135816574
19441,2.086122989654541,,1.0564252309286923e-05,0.900153398513794,8.053630549146327,1664.968840122223
19442,2.1594998836517334,,1.0562236627688879e-05,0.9408820271492004,8.666802164978337,1665.1667637825012
19443,1.76084303855896,,1.0560224545857444e-05,0.9038708806037903,5.817339569318512,1665.36874461174
19444,2.35149884223938,,1.0558216063842793e-05,0.9665018916130066,10.50129772348495,1665.571722984314
19445,2.119053840637207,,1.0556211181694978e-05,0.9534821510314941,8.323258631865377,1665.7875690460205
19446,2.052126884460449,,1.0554209899463954e-05,0.9460499882698059,7.784440116507269,1665.9910123348236
19447,1.9263317584991455,,1.0552212217199605e-05,0.9090036153793335,6.864284150177101,1666.1943864822388
19448,2.285853862762451,,1.0550218134951726e-05,0.9439400434494019,9.834079594482876,1666.3941452503204
19449,2.1254568099975586,,1.0548227652769994e-05,0.9727705121040344,8.376723185150171,1666.5917065143585
19450,2.4213743209838867,,1.0546240770704024e-05,1.0130088329315186,11.261325360541369,1666.7945637702942
19451,2.3872931003570557,,1.0544257488803351e-05,1.034332036972046,10.883992157384856,1667.0007863044739
19452,2.2425856590270996,,1.0542277807117398e-05,0.9516713619232178,9.417650666542546,1667.205910205841
19453,2.1572651863098145,,1.0540301725695489e-05,0.9665215611457825,8.647456109557611,1667.4043354988098
19454,2.117831230163574,,1.0538329244586882e-05,0.9337475299835205,8.313088746858075,1667.6061267852783
19455,1.7903316020965576,,1.0536360363840745e-05,0.9159058928489685,5.991438910714548,1667.8047223091125
19456,2.150235652923584,,1.0534395083506127e-05,0.9583277702331543,8.586881682544936,1668.0116021633148
19457,2.1323208808898926,,1.0532433403632031e-05,0.9347531199455261,8.434419395846895,1668.2155413627625
19458,1.9550607204437256,,1.0530475324267333e-05,0.9224316477775574,7.064347961021271,1668.4149768352509
19459,2.349030017852783,,1.052852084546084e-05,0.985344409942627,10.475403840451381,1668.6171040534973
19460,2.3341846466064453,,1.0526569967261268e-05,0.9760002493858337,10.321041201748,1668.8154377937317
19461,2.113093614578247,,1.0524622689717215e-05,0.9250506162643433,8.2737976745377,1669.0167694091797
19462,2.1100924015045166,,1.0522679012877236e-05,0.9585154056549072,8.24900346974396,1669.2246334552765
19463,2.3837385177612305,,1.0520738936789752e-05,0.9777995944023132,10.845372786823503,1669.4239993095398
19464,2.3582870960235596,,1.0518802461503125e-05,1.0070321559906006,10.57282569784698,1669.6223680973053
19465,2.5454511642456055,,1.051686958706563e-05,0.9772342443466187,12.748978672083409,1669.8220648765564
19466,2.4654901027679443,,1.051494031352542e-05,0.952284574508667,11.76924888017301,1670.022924900055
19467,2.1058108806610107,,1.0513014640930594e-05,0.9339417815208435,8.213760689636409,1670.2225551605225
19468,1.8931846618652344,,1.0511092569329128e-05,0.8796895742416382,6.640482734769367,1670.4206955432892
19469,1.9098814725875854,,1.0509174098768942e-05,0.9184485077857971,6.752288419824537,1670.621738433838
19470,2.1211206912994385,,1.0507259229297836e-05,0.9665587544441223,8.340479354681356,1670.82390999794
19471,1.9528192281723022,,1.0505347960963538e-05,0.9154471755027771,7.0485310130697,1671.0235545635223
19472,1.9640445709228516,,1.0503440293813684e-05,0.924282431602478,7.128098942703658,1671.2290811538696
19473,2.235628128051758,,1.0501536227895813e-05,0.9675047993659973,9.35235448382249,1671.4278149604797
19474,1.893724799156189,,1.0499635763257365e-05,0.8938135504722595,6.644070475973536,1671.6250751018524
19475,2.357699155807495,,1.049773889994575e-05,0.9890463352203369,10.566611335437576,1671.8221399784088
19476,1.9734989404678345,,1.04958456380082e-05,0.9153677225112915,7.195810203538237,1672.0243828296661
19477,2.186129331588745,,1.0493955977491915e-05,0.9457199573516846,8.90069471528339,1672.2265455722809
19478,2.391474723815918,,1.0492069918443984e-05,0.9906317591667175,10.929600205700213,1672.4294879436493
19479,2.016087770462036,,1.0490187460911426e-05,0.9212126731872559,7.508890890098989,1672.6289732456207
19480,2.4194483757019043,,1.0488308604941154e-05,0.9486930966377258,11.239657536313928,1672.8329060077667
19481,1.7417112588882446,,1.0486433350579981e-05,0.8852193355560303,5.707101399074068,1673.0361144542694
19482,2.366727352142334,,1.0484561697874658e-05,0.9737997651100159,10.662440709462718,1673.2409505844116
19483,2.0942022800445557,,1.048269364687182e-05,0.9389700293540955,8.118961728457718,1673.4471640586853
19484,1.8959320783615112,,1.0480829197618022e-05,0.9123055934906006,6.658751991715254,1673.653132200241
19485,2.238616943359375,,1.0478968350159743e-05,0.9785513877868652,9.38034875808428,1673.8508350849152
19486,2.456526279449463,,1.0477111104543358e-05,1.0162250995635986,11.664222833320903,1674.0505158901215
19487,1.68059504032135,,1.0475257460815151e-05,0.8774881362915039,5.368749643358897,1674.252305984497
19488,1.9303148984909058,,1.0473407419021308e-05,0.8964613080024719,6.891680079580873,1674.45183801651
19489,2.302506685256958,,1.0471560979207953e-05,0.9593298435211182,9.999215953367186,1674.65163230896
19490,2.366290330886841,,1.0469718141421107e-05,0.9835613369941711,10.6577820142858,1674.8500418663025
19491,2.3655431270599365,,1.0467878905706682e-05,0.9707397222518921,10.649821453229631,1675.0508329868317
19492,2.272935152053833,,1.0466043272110546e-05,0.9823918342590332,9.707853062663464,1675.2544434070587
19493,2.0127112865448,,1.0464211240678414e-05,0.9180469512939453,7.483579995732869,1675.4584674835205
19494,1.9921343326568604,,1.0462382811455941e-05,0.9076339602470398,7.33116421928466,1675.6614229679108
19495,2.122405767440796,,1.0460557984488736e-05,0.9435461163520813,8.351204395478602,1675.8591060638428
19496,1.936933159828186,,1.0458736759822242e-05,0.9230732917785645,6.937442285482276,1676.058601617813
19497,2.1951537132263184,,1.0456919137501872e-05,1.0301302671432495,8.981381507848228,1676.2620782852173
19498,2.267056703567505,,1.0455105117572913e-05,0.9902907013893127,9.650953353379554,1676.4653282165527
19499,2.075026273727417,,1.0453294700080582e-05,0.9257186651229858,7.964755720106458,1676.666173696518
19500,2.244267225265503,,1.0451487885069988e-05,0.9326218366622925,9.433500392395612,1676.8739936351776
19501,2.367788791656494,,1.0449684672586172e-05,1.0148816108703613,10.673764253914749,1677.0788357257843
19502,2.1007368564605713,,1.0447885062674081e-05,0.9262846112251282,8.17218942511184,1677.2779233455658
19503,1.8448575735092163,,1.044608905537855e-05,0.8925658464431763,6.327198565536265,1677.4803204536438
19504,2.533104658126831,,1.0444296650744346e-05,0.9946228861808777,12.592541045184172,1677.6787011623383
19505,2.076111078262329,,1.0442507848816144e-05,0.9755191802978516,7.973400611391956,1677.881531238556
19506,2.2636594772338867,,1.0440722649638534e-05,0.9611852765083313,9.618222509025397,1678.083003282547
19507,2.224886894226074,,1.043894105325598e-05,0.9379185438156128,9.252436240760131,1678.284071445465
19508,1.7709293365478516,,1.0437163059712913e-05,0.8615545630455017,5.876311895993404,1678.49214053154
19509,2.3436696529388428,,1.0435388669053621e-05,0.976377546787262,10.419402082269377,1678.6889464855194
19510,2.2194581031799316,,1.0433617881322356e-05,0.9728764295578003,9.202342794196868,1678.8870112895966
19511,2.0467329025268555,,1.0431850696563229e-05,0.9430837035179138,7.7425640281199515,1679.0883252620697
19512,2.358846664428711,,1.0430087114820281e-05,0.9936269521713257,10.578743572634131,1679.2902948856354
19513,1.9528672695159912,,1.042832713613748e-05,0.9066550731658936,7.048869642104633,1679.493716955185
19514,2.23706316947937,,1.0426570760558661e-05,0.9408912062644958,9.365785134417631,1679.6944842338562
19515,2.1708927154541016,,1.0424817988127642e-05,0.9276453852653503,8.766106187211452,1679.898847579956
19516,2.2061758041381836,,1.0423068818888066e-05,0.9862263202667236,9.080922679523477,1680.0960040092468
19517,2.0156354904174805,,1.0421323252883542e-05,0.9533217549324036,7.505495536475874,1680.2967360019684
19518,1.7353068590164185,,1.0419581290157586e-05,0.8793837428092957,5.670667632342387,1680.4984884262085
19519,2.4728875160217285,,1.0417842930753598e-05,0.9536282420158386,11.856633690114993,1680.6976871490479
19520,2.0728487968444824,,1.0416108174714913e-05,0.9341824650764465,7.947431517018664,1680.8954277038574
19521,2.064893960952759,,1.0414377022084756e-05,0.9139317870140076,7.884461792509301,1681.0957491397858
19522,1.9404531717300415,,1.041264947290627e-05,0.9773557782173157,6.961905194502126,1681.2928636074066
19523,2.048358201980591,,1.04109255272225e-05,0.916053295135498,7.755158245119966,1681.50310921669
19524,2.042407751083374,,1.0409205185076447e-05,0.9431853294372559,7.70914858166242,1681.7000687122345
19525,2.4409115314483643,,1.0407488446510949e-05,0.9807106852531433,11.48350354810384,1681.9012558460236
19526,1.8373535871505737,,1.0405775311568807e-05,0.866183340549469,6.279897050734372,1682.102611064911
19527,2.288508653640747,,1.0404065780292735e-05,0.9812644124031067,9.860221704850872,1682.3022763729095
19528,2.374512195587158,,1.0402359852725309e-05,1.0058213472366333,10.745770073312407,1682.5179245471954
19529,2.220651149749756,,1.040065752890906e-05,0.9330655336380005,9.21332816943094,1682.7179024219513
19530,2.124244213104248,,1.039895880888641e-05,0.9512301683425903,8.366571752681354,1682.917931318283
19531,2.0050363540649414,,1.0397263692699712e-05,0.9657954573631287,7.426363870364898,1683.1188786029816
19532,2.4640085697174072,,1.0395572180391175e-05,1.003808856010437,11.751825258999336,1683.3184583187103
19533,2.191915273666382,,1.0393884272002993e-05,0.9590546488761902,8.952342891950089,1683.5207240581512
19534,2.2262187004089355,,1.0392199967577214e-05,1.0079498291015625,9.264766901754799,1683.7194185256958
19535,2.271129608154297,,1.0390519267155823e-05,1.0067212581634521,9.690340922015384,1683.9183778762817
19536,2.235678195953369,,1.0388842170780707e-05,0.9563103318214417,9.352822748309032,1684.1244947910309
19537,2.307617425918579,,1.0387168678493659e-05,1.0263394117355347,10.050450163787279,1684.3234159946442
19538,2.2856252193450928,,1.0385498790336386e-05,0.952160656452179,9.831831353950312,1684.525208234787
19539,2.0312507152557373,,1.0383832506350503e-05,0.9299410581588745,7.623615370545418,1684.7431523799896
19540,1.850892186164856,,1.0382169826577563e-05,0.8967859148979187,6.3654961975397475,1684.9489912986755
19541,2.188462734222412,,1.0380510751058982e-05,0.984762966632843,8.921487869739693,1685.1635460853577
19542,1.9984281063079834,,1.0378855279836103e-05,0.9018908739089966,7.377450412101402,1685.3668375015259
19543,1.5284000635147095,,1.0377203412950201e-05,0.8484220504760742,4.610793940352247,1685.5961768627167
19544,2.504101514816284,,1.0375555150442424e-05,1.0117741823196411,12.232563249957902,1685.8080656528473
19545,2.1192939281463623,,1.0373910492353886e-05,0.9699157476425171,8.325257182202243,1686.0156230926514
19546,1.7359700202941895,,1.037226943872554e-05,0.9149885773658752,5.674429446742223,1686.232681274414
19547,1.9858559370040894,,1.0370631989598294e-05,0.8964294791221619,7.285280458643594,1686.445187330246
19548,2.1766374111175537,,1.0368998145012989e-05,0.9763768911361694,8.816609724244495,1686.6533658504486
19549,2.038863182067871,,1.0367367905010302e-05,0.9408299922943115,7.681871344048781,1686.9021241664886
19550,2.017159938812256,,1.0365741269630884e-05,0.9193916916847229,7.51694600270336,1687.1010310649872
19551,2.1455554962158203,,1.0364118238915269e-05,0.9397228360176086,8.546787627055515,1687.305166721344
19552,2.2673377990722656,,1.0362498812903914e-05,0.9353192448616028,9.653666574303083,1687.500501871109
19553,2.047977924346924,,1.0360882991637174e-05,0.927264392375946,7.752209692563626,1687.7001631259918
19554,1.8548084497451782,,1.0359270775155312e-05,0.9254350662231445,6.390474036445261,1687.901201248169
19555,1.8524253368377686,,1.0357662163498528e-05,0.9026185870170593,6.375262947354851,1688.098075389862
19556,1.9291396141052246,,1.0356057156706887e-05,0.9088635444641113,6.883585153444166,1688.2986721992493
19557,2.4448742866516113,,1.035445575482041e-05,0.9585282802581787,11.529100145949716,1688.5037124156952
19558,2.682910203933716,,1.0352857957879004e-05,1.0145492553710938,14.627600714391733,1688.7031843662262
19559,2.0175390243530273,,1.0351263765922498e-05,0.9455706477165222,7.519796108426548,1688.9017496109009
19560,2.169182538986206,,1.0349673178990606e-05,0.9519608616828918,8.751127410521423,1689.103762626648
19561,2.1453046798706055,,1.0348086197122992e-05,0.9369514584541321,8.544644221831339,1689.304343700409
19562,2.402677297592163,,1.0346502820359179e-05,0.9843468070030212,11.052728246140534,1689.5012381076813
19563,1.8794081211090088,,1.034492304873864e-05,0.9372879266738892,6.549627128688716,1689.7085525989532
19564,2.5471134185791016,,1.0343346882300765e-05,0.9974356293678284,12.770188340176395,1689.908756017685
19565,2.008065938949585,,1.0341774321084822e-05,0.9508309960365295,7.448896785549399,1690.108328819275
19566,2.0915913581848145,,1.034020536512999e-05,0.9188978672027588,8.097791402861779,1690.305370092392
19567,2.0983853340148926,,1.0338640014475389e-05,0.9383247494697571,8.152994915253656,1690.5076837539673
19568,2.7221920490264893,,1.0337078269160024e-05,1.0339757204055786,15.213634753539646,1690.7065014839172
19569,1.9808695316314697,,1.033552012922284e-05,0.9419753551483154,7.249043518144599,1690.9053547382355
19570,1.6823711395263672,,1.033396559470263e-05,0.9264655113220215,5.3782935482845025,1691.1075825691223
19571,2.289034843444824,,1.0332414665638176e-05,0.9763721227645874,9.8654114182453,1691.3118879795074
19572,2.201054334640503,,1.0330867342068099e-05,0.9503402709960938,9.03453390176064,1691.5209794044495
19573,2.0786867141723633,,1.0329323624030986e-05,0.9748179316520691,7.993963658425159,1691.7184629440308
19574,2.312692165374756,,1.0327783511565292e-05,0.9955676794052124,10.101583213502586,1691.9153234958649
19575,2.0285933017730713,,1.0326247004709417e-05,0.9179403781890869,7.603383166844911,1692.1169364452362
19576,2.293452024459839,,1.0324714103501639e-05,0.9747056365013123,9.909085112562437,1692.3177540302277
19577,2.086174964904785,,1.0323184807980176e-05,0.9108055830001831,8.054049149487827,1692.5183417797089
19578,1.8787720203399658,,1.0321659118183149e-05,0.896048367023468,6.5454622306230785,1692.71719622612
19579,2.4346811771392822,,1.032013703414855e-05,0.988837480545044,11.412179669523319,1692.917717218399
19580,2.1910061836242676,,1.0318618555914353e-05,0.9676310420036316,8.944208104360868,1693.1204335689545
19581,2.161311388015747,,1.0317103683518358e-05,0.9649069905281067,8.682516343776738,1693.327336549759
19582,2.1693572998046875,,1.0315592416998363e-05,0.9680593013763428,8.7526568983537,1693.528302192688
19583,2.311551094055176,,1.0314084756392009e-05,0.9790859818458557,10.090063160466334,1693.7256727218628
19584,2.4202463626861572,,1.031258070173688e-05,0.988621711730957,11.24863021630015,1693.923978805542
19585,2.357179880142212,,1.0311080253070457e-05,1.0123378038406372,10.561125775688687,1694.121386051178
19586,2.1794137954711914,,1.0309583410430117e-05,0.9510023593902588,8.841122033585377,1694.322206735611
19587,1.9796921014785767,,1.0308090173853194e-05,0.9082428216934204,7.240513298581047,1694.523636341095
19588,2.041543483734131,,1.030660054337689e-05,0.9079794883728027,7.702488694628836,1694.7250485420227
19589,2.3128390312194824,,1.0305114519038343e-05,1.0094945430755615,10.10306690000308,1694.9260501861572
19590,2.378396511077881,,1.0303632100874565e-05,0.9431542158126831,10.787591205120213,1695.1259744167328
19591,2.61042857170105,,1.0302153288922531e-05,1.0394532680511475,13.604880269259604,1695.3307178020477
19592,1.9596861600875854,,1.0300678083219077e-05,0.9795753955841064,7.09709936256158,1695.533400297165
19593,1.8977192640304565,,1.0299206483800951e-05,0.9160115122795105,6.670663058321317,1695.7339553833008
19594,2.3580496311187744,,1.0297738490704877e-05,0.9607898592948914,10.570315320874341,1695.9352700710297
19595,2.2815678119659424,,1.0296274103967413e-05,0.9401944279670715,9.792020428052268,1696.1375741958618
19596,1.9555423259735107,,1.0294813323625052e-05,0.91680508852005,7.067751009461323,1696.3397591114044
19597,2.6066393852233887,,1.0293356149714195e-05,0.9917959570884705,13.553426386655493,1696.5413591861725
19598,1.9898583889007568,,1.0291902582271188e-05,0.9288495779037476,7.314497874880245,1696.7414960861206
19599,2.3308537006378174,,1.0290452621332222e-05,0.9825880527496338,10.286719564658128,1696.942824602127
19600,2.21456241607666,2.2357761594984265,1.0289006266933455e-05,0.9307790994644165,9.157401103250391,1697.1453120708466
19601,1.9628738164901733,,1.0287563519110945e-05,0.9551712274551392,7.119758572485275,1701.6021859645844
19602,2.0483860969543457,,1.0286124377900624e-05,0.9179382920265198,7.755374578072965,1701.8018653392792
19603,1.987484335899353,,1.0284688843338376e-05,0.933607280254364,7.297153465666274,1702.0312588214874
19604,2.2149434089660645,,1.0283256915459968e-05,0.9774823188781738,9.16089067266451,1702.305847644806
19605,2.3058977127075195,,1.0281828594301093e-05,0.9955164790153503,10.03318112501655,1702.5666403770447
19606,2.2008142471313477,,1.0280403879897328e-05,0.9840367436408997,9.032365083383306,1702.8132750988007
19607,1.9343546628952026,,1.0278982772284216e-05,0.8956249952316284,6.919577154317612,1703.010590314865
19608,1.921839952468872,,1.0277565271497157e-05,0.9365564584732056,6.833520261672931,1703.2075016498566
19609,2.335986375808716,,1.0276151377571473e-05,1.0307643413543701,10.339653685371632,1703.4084010124207
19610,2.194075107574463,,1.0274741090542417e-05,0.9223781228065491,8.971699361539935,1703.6078934669495
19611,1.624214768409729,,1.027333441044513e-05,0.8570687770843506,5.074432867361505,1703.8075058460236
19612,2.048429012298584,,1.0271931337314663e-05,0.9445752501487732,7.7557074097844225,1704.0062937736511
19613,2.2505674362182617,,1.0270531871185994e-05,0.9536389708518982,9.493121049039239,1704.2089862823486
19614,2.0706918239593506,,1.026913601209399e-05,0.9351001977920532,7.930307597284421,1704.4129612445831
19615,1.933003544807434,,1.026774376007346e-05,0.9176943302154541,6.910234301534694,1704.6158485412598
19616,2.069026231765747,,1.0266355115159075e-05,0.9264826774597168,7.9171099328719965,1704.817242383957
19617,2.047698974609375,,1.0264970077385466e-05,0.9198378324508667,7.750047517287595,1705.0170783996582
19618,2.0569400787353516,,1.0263588646787145e-05,0.9271811842918396,7.821998454388825,1705.2159657478333
19619,2.0686864852905273,,1.0262210823398531e-05,0.9228911995887756,7.914420579553401,1705.4177935123444
19620,2.0479190349578857,,1.0260836607253978e-05,0.9419834017753601,7.751753183113049,1705.6176662445068
19621,2.1574835777282715,,1.0259465998387728e-05,0.972869873046875,8.649344845997831,1705.817792892456
19622,1.8193409442901611,,1.0258098996833955e-05,0.8623194694519043,6.167792191424451,1706.0161216259003
19623,2.121795177459717,,1.0256735602626691e-05,0.9535631537437439,8.346106790176515,1706.2128639221191
19624,2.3714652061462402,,1.0255375815799952e-05,0.9846699833869934,10.713077657380984,1706.410986661911
19625,2.1104202270507812,,1.025401963638761e-05,0.9526186585426331,8.251708147119514,1706.6153337955475
19626,1.8518210649490356,,1.0252667064423472e-05,0.8839898705482483,6.3714117188842225,1706.822926044464
19627,2.3014748096466064,,1.0251318099941228e-05,0.9660712480545044,9.988903327890668,1707.0213050842285
19628,2.056925058364868,,1.0249972742974526e-05,0.9717594981193542,7.821880965956481,1707.2169272899628
19629,2.1903398036956787,,1.0248630993556881e-05,0.9680615067481995,8.938249849054358,1707.416034936905
19630,2.051748514175415,,1.0247292851721748e-05,0.9339335560798645,7.781495272837357,1707.6211957931519
19631,2.0661628246307373,,1.0245958317502463e-05,0.9643933773040771,7.894472449434598,1707.8219721317291
19632,2.2060866355895996,,1.024462739093227e-05,0.962700605392456,9.080112982928611,1708.021553516388
19633,1.9570156335830688,,1.0243300072044364e-05,0.903034508228302,7.078171655329499,1708.2219552993774
19634,2.27583646774292,,1.0241976360871827e-05,0.958750307559967,9.736059507175563,1708.4193251132965
19635,2.4552087783813477,,1.0240656257447627e-05,0.9955822825431824,11.648865326266716,1708.617614030838
19636,1.8750503063201904,,1.0239339761804687e-05,0.9010165929794312,6.521147166996025,1708.8147132396698
19637,2.2829360961914062,,1.0238026873975814e-05,0.9684406518936157,9.805427865640283,1709.0141596794128
19638,1.905443787574768,,1.0236717593993702e-05,0.9205133318901062,6.722390279032757,1709.2147908210754
19639,2.14951491355896,,1.0235411921891016e-05,0.9602345824241638,8.580695008654475,1709.4159197807312
19640,2.233410358428955,,1.0234109857700291e-05,0.9507638812065125,9.331636098940848,1709.6245563030243
19641,2.1156046390533447,,1.0232811401453964e-05,0.9002628326416016,8.294599489003055,1709.82936501503
19642,2.285593271255493,,1.0231516553184393e-05,1.0160155296325684,9.831517250738814,1710.0279748439789
19643,2.1126832962036133,,1.023022531292387e-05,0.9312211871147156,8.270403479721706,1710.2273178100586
19644,2.0104472637176514,,1.0228937680704561e-05,0.9305456876754761,7.466656164992311,1710.4263935089111
19645,2.5201401710510254,,1.0227653656558565e-05,0.9876474738121033,12.430338915138412,1710.627494096756
19646,2.1262049674987793,,1.0226373240517867e-05,0.9353401064872742,8.382992638413596,1710.8260831832886
19647,2.113610029220581,,1.0225096432614394e-05,0.9457719922065735,8.278071488239549,1711.0324003696442
19648,2.612433433532715,,1.0223823232879969e-05,1.0317105054855347,13.632183534928034,1711.2374317646027
19649,2.0653955936431885,,1.0222553641346308e-05,0.9276658296585083,7.888417888461437,1711.4350266456604
19650,2.021981954574585,,1.0221287658045073e-05,0.9367485642433167,7.553280366847919,1711.6339678764343
19651,1.8968051671981812,,1.0220025283007804e-05,0.8964701890945435,6.664568212414588,1711.839162826538
19652,2.41389799118042,,1.0218766516265954e-05,0.9924654960632324,11.177445923994103,1712.0434005260468
19653,2.2835631370544434,,1.0217511357850917e-05,0.9488601088523865,9.811578197644831,1712.243089914322
19654,2.3567087650299072,,1.0216259807793953e-05,0.9471810460090637,10.556151441566803,1712.4478278160095
19655,2.229562997817993,,1.0215011866126264e-05,0.949366569519043,9.295802905587072,1712.6485941410065
19656,2.0334396362304688,,1.0213767532878947e-05,0.9718597531318665,7.640321139266767,1712.8475396633148
19657,2.114400863647461,,1.0212526808083029e-05,0.9377213716506958,8.28462066147512,1713.050119638443
19658,2.0567660331726074,,1.0211289691769412e-05,0.9431589841842651,7.820637188730607,1713.247811794281
19659,1.9383314847946167,,1.0210056183968948e-05,0.9227089881896973,6.947149869830236,1713.4477632045746
19660,2.153384208679199,,1.0208826284712345e-05,0.9692224860191345,8.613960565605538,1713.6472508907318
19661,2.0536489486694336,,1.0207599994030307e-05,0.9452046155929565,7.796297555798407,1713.851279258728
19662,2.0705394744873047,,1.0206377311953356e-05,0.948032796382904,7.929099511136793,1714.0505819320679
19663,2.225922107696533,,1.0205158238511978e-05,0.9425517916679382,9.262019446867322,1714.2536628246307
19664,2.323457956314087,,1.0203942773736556e-05,0.9827080965042114,10.210922251094145,1714.4561858177185
19665,2.1614809036254883,,1.0202730917657367e-05,0.9694501161575317,8.683988290584296,1714.656807899475
19666,2.003396511077881,,1.0201522670304643e-05,0.891523540019989,7.414195779258906,1714.862692117691
19667,2.053865432739258,,1.0200318031708476e-05,0.9337649345397949,7.797985512724147,1715.0654604434967
19668,2.183959484100342,,1.01991170018989e-05,0.9686204195022583,8.881402503358542,1715.2632129192352
19669,1.8907121419906616,,1.019791958090583e-05,0.9162872433662415,6.624084290324917,1715.4654910564423
19670,2.1359825134277344,,1.0196725768759124e-05,0.9562849998474121,8.465359751882197,1715.6662364006042
19671,2.071976900100708,,1.0195535565488535e-05,0.9368604421615601,7.940505197314189,1715.8739686012268
19672,2.403101682662964,,1.0194348971123731e-05,0.9810527563095093,11.057419854453663,1716.0744934082031
19673,1.9116344451904297,,1.0193165985694269e-05,0.9420270919799805,6.764135377093028,1716.2781784534454
19674,2.1131739616394043,,1.0191986609229638e-05,0.9262215495109558,8.274462476572547,1716.4765021800995
19675,2.327850818634033,,1.0190810841759237e-05,0.9752830862998962,10.255876092430352,1716.6774842739105
19676,2.4186007976531982,,1.0189638683312362e-05,0.9688026309013367,11.230135085391428,1716.8823907375336
19677,1.953125238418579,,1.0188470133918217e-05,0.9292097091674805,7.050688265834791,1717.0858809947968
19678,2.3413655757904053,,1.0187305193605955e-05,0.9882526397705078,10.395422611914535,1717.2861206531525
19679,2.0741536617279053,,1.0186143862404586e-05,0.9347019791603088,7.957808610198472,1717.4841904640198
19680,2.3658955097198486,,1.0184986140343054e-05,1.0036158561706543,10.653574926931594,1717.6856377124786
19681,2.532621145248413,,1.0183832027450223e-05,1.0389176607131958,12.586453861151346,1717.886579990387
19682,2.2570996284484863,,1.0182681523754845e-05,0.9510205984115601,9.55533491584546,1718.0868654251099
19683,2.088804244995117,,1.0181534629285605e-05,0.972175657749176,8.0752533642574,1718.2833001613617
19684,2.0327606201171875,,1.018039134407108e-05,0.9291343092918396,7.635134999038214,1718.489802122116
19685,2.057781457901001,,1.0179251668139764e-05,0.9185106754302979,7.828582490369026,1718.6911096572876
19686,2.0186736583709717,,1.0178115601520069e-05,0.9332044720649719,7.528333167201944,1718.8913803100586
19687,2.0123398303985596,,1.0176983144240295e-05,0.9067927002906799,7.480800690174597,1719.094438791275
19688,2.432920455932617,,1.0175854296328679e-05,0.9651519656181335,11.392103682059883,1719.2930159568787
19689,2.4309659004211426,,1.017472905781333e-05,0.987177848815918,11.369858929404552,1719.4907369613647
19690,2.0484886169433594,,1.017360742872232e-05,0.9272237420082092,7.756169699746742,1719.6889245510101
19691,2.384101390838623,,1.01724894090836e-05,1.0052562952041626,10.849308994750878,1719.8911464214325
19692,2.056192636489868,,1.0171374998925031e-05,0.915040910243988,7.816154146713222,1720.0917887687683
19693,2.3536887168884277,,1.0170264198274372e-05,0.9737178087234497,10.524319447296236,1720.298440694809
19694,1.9571802616119385,,1.0169157007159322e-05,0.9446743726730347,7.079337016700058,1720.4951329231262
19695,2.281018018722534,,1.0168053425607462e-05,0.9797666668891907,9.786638321040217,1720.6970481872559
19696,2.116726875305176,,1.0166953453646319e-05,0.9509283900260925,8.303913214366668,1720.8973705768585
19697,1.8216263055801392,,1.0165857091303275e-05,0.8650234937667847,6.181903944027933,1721.0977716445923
19698,2.0992813110351562,,1.0164764338605696e-05,0.9532085061073303,8.160303084831149,1721.3103306293488
19699,2.0985336303710938,,1.0163675195580775e-05,0.9467401504516602,8.154204064345702,1721.5180234909058
19700,2.4525809288024902,,1.0162589662255683e-05,0.9774123430252075,11.618294046380141,1721.7198929786682
19701,2.352144956588745,,1.0161507738657452e-05,0.9498346447944641,10.508084955058786,1721.921711921692
19702,1.8903257846832275,,1.0160429424813074e-05,0.9251980185508728,6.621525521285679,1722.1251213550568
19703,2.279991626739502,,1.0159354720749405e-05,1.0073158740997314,9.776598547179757,1722.3278577327728
19704,1.7474236488342285,,1.0158283626493233e-05,0.9004803895950317,5.739795880635222,1722.531093597412
19705,2.140439033508301,,1.0157216142071261e-05,0.9462856650352478,8.503169986061899,1722.7336072921753
19706,2.0371506214141846,,1.0156152267510069e-05,0.9254555702209473,7.668726931952331,1722.9324147701263
19707,1.9029700756072998,,1.0155092002836204e-05,0.8930418491363525,6.705781572796615,1723.1352007389069
19708,1.965948462486267,,1.0154035348076067e-05,0.9279577732086182,7.141682997324064,1723.33811378479
19709,2.157775402069092,,1.015298230325601e-05,0.9488168358802795,8.651869303687228,1723.5399894714355
19710,2.195528984069824,,1.0151932868402256e-05,0.9924494028091431,8.984752590957566,1723.7398834228516
19711,2.1018595695495605,,1.0150887043540967e-05,0.9360244870185852,8.181369601532937,1723.939471244812
19712,2.3959028720855713,,1.014984482869822e-05,1.001532793045044,10.978105410799612,1724.1392765045166
19713,2.1653337478637695,,1.0148806223899983e-05,0.91607666015625,8.717510882028046,1724.3434250354767
19714,1.769643783569336,,1.0147771229172142e-05,0.8868021368980408,5.868762439385752,1724.5431861877441
19715,2.5899665355682373,,1.0146739844540486e-05,1.0109765529632568,13.329325537427257,1724.7416410446167
19716,2.0653021335601807,,1.0145712070030722e-05,0.918319046497345,7.887680670721534,1724.9392116069794
19717,2.0370893478393555,,1.014468790566848e-05,0.9185820817947388,7.668257056034458,1725.1370508670807
19718,1.9073843955993652,,1.0143667351479246e-05,0.9019270539283752,6.735448469869633,1725.334392786026
19719,2.02555251121521,,1.01426504074885e-05,0.9246820211410522,7.5802979874889855,1725.5372619628906
19720,1.6328245401382446,,1.0141637073721564e-05,0.8865339159965515,5.118311196147155,1725.7373580932617
19721,2.3475286960601807,,1.0140627350203683e-05,0.9745187759399414,10.459688688081549,1725.9449653625488
19722,2.1426174640655518,,1.0139621236960048e-05,0.967502236366272,8.521713742202172,1726.1430041790009
19723,2.3997466564178467,,1.0138618734015712e-05,0.9716145396232605,11.020384083370853,1726.3427114486694
19724,2.2179512977600098,,1.013761984139567e-05,0.9759472012519836,9.188487095740928,1726.5441000461578
19725,2.333954334259033,,1.013662455912483e-05,0.9602182507514954,10.31866441223358,1726.74720454216
19726,2.0090420246124268,,1.0135632887227965e-05,0.9214804768562317,7.456171096503531,1726.9528574943542
19727,2.3588719367980957,,1.013464482572982e-05,0.9772608876228333,10.579010925927637,1727.1523606777191
19728,1.9522119760513306,,1.0133660374654992e-05,0.9243935942649841,7.044252076990274,1727.3561227321625
19729,2.1823174953460693,,1.0132679534028045e-05,0.9402002096176147,8.86683130647039,1727.5584511756897
19730,2.302901029586792,,1.0131702303873404e-05,1.0102390050888062,10.00315986505968,1727.7678654193878
19731,2.1148998737335205,,1.0130728684215438e-05,0.9220006465911865,8.28875580239708,1727.9700028896332
19732,2.417189121246338,,1.0129758675078394e-05,1.0312669277191162,11.2142929532585,1728.1842229366302
19733,2.101915121078491,,1.0128792276486465e-05,0.9489960670471191,8.181824101747024,1728.3947455883026
19734,2.109283447265625,,1.0127829488463735e-05,0.9418821334838867,8.242333101795454,1728.5997490882874
19735,2.111717700958252,,1.0126870311034192e-05,0.9683195352554321,8.26242147175912,1728.815043926239
19736,2.2697155475616455,,1.012591474422174e-05,0.942093551158905,9.676647876467937,1729.0215694904327
19737,2.0246572494506836,,1.0124962788050204e-05,0.8728992342948914,7.573514673411001,1729.2349643707275
19738,2.126646041870117,,1.0124014442543283e-05,0.9135053157806396,8.386690977182779,1729.4365034103394
19739,2.2032229900360107,,1.0123069707724655e-05,0.9831737279891968,9.054147952824243,1729.649687051773
19740,2.1116955280303955,,1.0122128583617824e-05,0.962261974811554,8.262238271714956,1729.8641979694366
19741,1.8932451009750366,,1.0121191070246278e-05,0.9037561416625977,6.640884091763221,1730.0710232257843
19742,1.8313679695129395,,1.012025716763336e-05,0.9287018775939941,6.242420260943899,1730.283477306366
19743,2.2103283405303955,,1.0119326875802344e-05,0.9639217853546143,9.11870994362083,1730.488306760788
19744,2.093120813369751,,1.011840019477645e-05,0.9484646320343018,8.110186088051012,1730.7058465480804
19745,2.5854482650756836,,1.0117477124578726e-05,1.0341006517410278,13.269235892028028,1730.9031295776367
19746,2.192939519882202,,1.011655766523221e-05,0.9602959156036377,8.961516992746876,1731.1072475910187
19747,2.4137024879455566,,1.0115641816759794e-05,0.9746704697608948,11.17526091075399,1731.3078022003174
19748,2.1116597652435303,,1.0114729579184322e-05,0.9432193040847778,8.261942796332159,1731.5115849971771
19749,2.2675278186798096,,1.0113820952528523e-05,0.9553541541099548,9.655501134532578,1731.7091598510742
19750,2.7310097217559814,,1.0112915936815032e-05,0.9932515621185303,15.348376788375276,1731.9079871177673
19751,2.295438289642334,,1.0112014532066435e-05,1.0160460472106934,9.928786743166034,1732.1093289852142
19752,1.964942216873169,,1.0111116738305156e-05,0.9350860118865967,7.134500324510429,1732.3140909671783
19753,2.0508792400360107,,1.0110222555553605e-05,0.9245793223381042,7.774733959374012,1732.5176348686218
19754,1.9100656509399414,,1.0109331983834045e-05,0.8908286690711975,6.753532159711798,1732.7194995880127
19755,2.213949680328369,,1.0108445023168692e-05,0.944875955581665,9.15179175493261,1732.9256255626678
19756,2.1215529441833496,,1.0107561673579632e-05,0.9719771146774292,8.344085330226138,1733.1231694221497
19757,2.249316453933716,,1.0106681935088887e-05,0.9515549540519714,9.481252747846892,1733.323736667633
19758,2.05855393409729,,1.0105805807718385e-05,0.9069111943244934,7.834632220328882,1733.5259447097778
19759,2.333566904067993,,1.0104933291489954e-05,1.0029609203338623,10.31466742443594,1733.7253067493439
19760,2.3263657093048096,,1.0104064386425358e-05,1.013684630393982,10.240656299491699,1733.9263031482697
19761,2.115433692932129,,1.0103199092546236e-05,0.9339378476142883,8.293181680581249,1734.1333289146423
19762,1.9964674711227417,,1.0102337409874138e-05,0.9376243948936462,7.36300009377636,1734.3813972473145
19763,2.2680578231811523,,1.0101479338430576e-05,0.9479017853736877,9.66061994997439,1734.5898778438568
19764,2.020460844039917,,1.0100624878236913e-05,1.0216871500015259,7.541799726385819,1734.7992527484894
19765,2.092381000518799,,1.0099774029314458e-05,0.9432021379470825,8.104188287058147,1735.0167689323425
19766,2.1641671657562256,,1.00989267916844e-05,0.9747800827026367,8.707347119395237,1735.231472492218
19767,2.0898678302764893,,1.0098083165367844e-05,0.9560137391090393,8.083846653917103,1735.453068971634
19768,2.104870080947876,,1.009724315038586e-05,0.9806915521621704,8.2060368198128,1735.6698949337006
19769,1.9728946685791016,,1.0096406746759346e-05,0.9359316229820251,7.191463291206315,1735.8742566108704
19770,2.001215934753418,,1.0095573954509148e-05,0.891905665397644,7.398046173600759,1736.089213848114
19771,2.2409474849700928,,1.009474477365605e-05,0.9313949346542358,9.402235545315856,1736.292233467102
19772,2.250359058380127,,1.009391920422069e-05,0.9718086123466492,9.491143099085512,1736.4946043491364
19773,2.495710849761963,,1.0093097246223638e-05,1.0411417484283447,12.13035331330225,1736.6944801807404
19774,2.1414098739624023,,1.0092278899685406e-05,0.9348094463348389,8.511429216021035,1736.8958308696747
19775,2.18410325050354,,1.0091464164626376e-05,0.9862028360366821,8.882679442440077,1737.096518754959
19776,1.6633498668670654,,1.009065304106686e-05,0.8689184188842773,5.276958377528683,1737.2995402812958
19777,1.9672768115997314,,1.0089845529027049e-05,0.9170795679092407,7.151175949183427,1737.5035808086395
19778,1.95945143699646,,1.0089041628527112e-05,0.8930865526199341,7.095433704952974,1737.706294298172
19779,1.8722212314605713,,1.0088241339587043e-05,0.9164971709251404,6.50272442543495,1737.9139349460602
19780,1.7134274244308472,,1.0087444662226804e-05,0.8639591932296753,5.547944087417142,1738.1109759807587
19781,2.1122982501983643,,1.0086651596466245e-05,0.9202631711959839,8.267219606908133,1738.3113729953766
19782,2.016828775405884,,1.0085862142325134e-05,0.9119386672973633,7.5144570774028265,1738.5118911266327
19783,2.2698075771331787,,1.0085076299823158e-05,0.943381667137146,9.677538455205047,1738.7122640609741
19784,1.9631776809692383,,1.0084294068979895e-05,0.9291632175445557,7.121922342944814,1738.9167313575745
19785,2.0400524139404297,,1.0083515449814823e-05,0.9320595264434814,7.691012304575503,1739.1182112693787
19786,2.341862678527832,,1.008274044234737e-05,0.9406853318214417,10.400591489576803,1739.3216984272003
19787,2.169243335723877,,1.008196904659684e-05,0.9630914330482483,8.7516594666924,1739.5215644836426
19788,2.055715799331665,,1.008120126258247e-05,0.9412682056427002,7.812428002434452,1739.7228319644928
19789,1.8925964832305908,,1.008043709032337e-05,0.8940110206604004,6.63657809312702,1739.9229218959808
19790,1.9026445150375366,,1.0079676529838614e-05,0.8792927265167236,6.703598790060342,1740.1232271194458
19791,2.0133862495422363,,1.0078919581147136e-05,0.9578597545623779,7.488632840368097,1740.326682806015
19792,2.427602529525757,,1.0078166244267817e-05,1.0069279670715332,11.331682114180197,1740.5282390117645
19793,1.9230148792266846,,1.0077416519219413e-05,0.8933220505714417,6.841553866002601,1740.7269558906555
19794,2.5094306468963623,,1.0076670406020645e-05,1.0069812536239624,12.297926204413217,1740.929414987564
19795,2.2221808433532715,,1.0075927904690058e-05,0.9664773941040039,9.227432523518619,1741.1373941898346
19796,2.219806432723999,,1.00751890152462e-05,0.9737624526023865,9.205548800407646,1741.3425619602203
19797,2.0795984268188477,,1.0074453737707451e-05,0.9447159171104431,8.00125517956903,1741.544883966446
19798,2.1259498596191406,,1.0073722072092165e-05,0.9322798252105713,8.380854343696095,1741.7423853874207
19799,2.1643922328948975,,1.0072994018418567e-05,0.9419727325439453,8.709307077649646,1741.951523065567
19800,2.0077013969421387,2.2355983522203235,1.0072269576704796e-05,0.9371547102928162,7.446181844647004,1742.1502854824066
19801,1.8893741369247437,,1.0071548746968918e-05,0.9524767994880676,6.615227158752231,1746.5395846366882
19802,1.9257689714431763,,1.0070831529228898e-05,0.9483857750892639,6.860422106764843,1746.7410151958466
19803,2.2037248611450195,,1.00701179235026e-05,0.9365891218185425,9.058693108544226,1746.942727804184
19804,2.483534336090088,,1.0069407929807803e-05,1.0132204294204712,11.983543529927331,1747.2093892097473
19805,2.0039968490600586,,1.0068701548162229e-05,0.9399470090866089,7.418648138919083,1747.4719324111938
19806,2.2763726711273193,,1.0067998778583456e-05,0.961434543132782,9.741281415111265,1747.748658657074
19807,2.0995733737945557,,1.0067299621089016e-05,0.9582671523094177,8.162686753541127,1747.9528357982635
19808,2.4078071117401123,,1.0066604075696326e-05,0.9825705885887146,11.109572363094387,1748.1514580249786
19809,1.9846997261047363,,1.0065912142422709e-05,0.9001263380050659,7.276862005663845,1748.3486332893372
19810,2.201432943344116,,1.0065223821285439e-05,0.9292866587638855,9.037955102536262,1748.5478744506836
19811,2.134718656539917,,1.0064539112301644e-05,0.9674332141876221,8.454667506808978,1748.7530190944672
19812,2.0186405181884766,,1.0063858015488403e-05,0.9265574216842651,7.528083681000931,1748.9545857906342
19813,1.9215723276138306,,1.00631805308627e-05,0.934895932674408,6.831691686500475,1749.1587326526642
19814,2.2827935218811035,,1.006250665844139e-05,0.9619351625442505,9.804029963179975,1749.3615202903748
19815,1.9032140970230103,,1.0061836398241298e-05,0.9092821478843689,6.707418126778442,1749.5627708435059
19816,2.196558713912964,,1.0061169750279099e-05,0.9419744610786438,8.994009223931377,1749.7651672363281
19817,1.8732560873031616,,1.0060506714571439e-05,0.9442657828330994,6.509457290971118,1749.9668657779694
19818,2.1913270950317383,,1.005984729113482e-05,0.9492396116256714,8.94707886337737,1750.167472600937
19819,1.929009199142456,,1.0059191479985676e-05,0.9358343482017517,6.882687489478344,1750.3668344020844
19820,2.074587106704712,,1.0058539281140364e-05,0.9450863599777222,7.961258630009816,1750.5668902397156
19821,2.4791247844696045,,1.0057890694615145e-05,1.0013693571090698,11.930817809961617,1750.7683317661285
19822,2.018798589706421,,1.0057245720426162e-05,0.907340407371521,7.52927375067118,1750.976023197174
19823,2.3710641860961914,,1.0056604358589501e-05,0.9684965014457703,10.708782359750442,1751.1774952411652
19824,1.983834147453308,,1.0055966609121145e-05,0.9380320310592651,7.270566034484567,1751.389281988144
19825,2.0229480266571045,,1.0055332472036999e-05,0.9320189356803894,7.560580905997507,1751.5922248363495
19826,2.4429986476898193,,1.0054701947352856e-05,1.0025933980941772,11.507495983659494,1751.7929456233978
19827,2.199103593826294,,1.0054075035084412e-05,0.9772515892982483,9.016927046530085,1751.9901413917542
19828,1.9660229682922363,,1.0053451735247331e-05,0.8843387961387634,7.1422151139944,1752.1897931098938
19829,1.7911661863327026,,1.0052832047857115e-05,0.9008523225784302,5.996441358372872,1752.3918788433075
19830,2.2644035816192627,,1.0052215972929217e-05,0.9669657349586487,9.625382133997704,1752.5956497192383
19831,2.137957811355591,,1.0051603510479014e-05,0.9655518531799316,8.482097885416486,1752.798578262329
19832,2.3412575721740723,,1.0050994660521731e-05,1.009421706199646,10.39429992930712,1752.9977314472198
19833,2.1252925395965576,,1.0050389423072569e-05,0.9382498860359192,8.375347250489236,1753.2001461982727
19834,2.1154301166534424,,1.0049787798146608e-05,0.9548340439796448,8.293152021905394,1753.3994500637054
19835,2.1314141750335693,,1.0049189785758821e-05,0.9179174900054932,8.426775324371873,1753.6012806892395
19836,2.115509271621704,,1.0048595385924149e-05,0.9625733494758606,8.293808492071573,1753.8037889003754
19837,2.2304134368896484,,1.0048004598657383e-05,0.9418548345565796,9.303711782112522,1754.0014777183533
19838,2.054330825805664,,1.0047417423973256e-05,0.9710219502449036,7.801615485730321,1754.2020823955536
19839,2.0321972370147705,,1.0046833861886382e-05,0.9332594871520996,7.6308347044654745,1754.4089827537537
19840,1.9680871963500977,,1.0046253912411333e-05,0.8987732529640198,7.156973501926715,1754.6090896129608
19841,2.092817544937134,,1.004567757556253e-05,0.9201905727386475,8.10772689754413,1754.8167688846588
19842,2.332610845565796,,1.0045104851354383e-05,0.9862948656082153,10.304810711495369,1755.021192073822
19843,2.4271817207336426,,1.0044535739801123e-05,0.9751367568969727,11.326914645883745,1755.2191672325134
19844,2.223334312438965,,1.0043970240916948e-05,0.9740596413612366,9.238082222543339,1755.4180295467377
19845,2.0819873809814453,,1.004340835471596e-05,0.8990024328231812,8.02039266161834,1755.6218121051788
19846,2.4040327072143555,,1.0042850081212148e-05,1.0019233226776123,11.067719377623698,1755.82306265831
19847,1.8732151985168457,,1.0042295420419438e-05,0.8879814147949219,6.509191132604398,1756.024490594864
19848,2.371697187423706,,1.0041744372351658e-05,0.9888737797737122,10.71556317910764,1756.2249965667725
19849,1.7605081796646118,,1.0041196937022523e-05,0.9008843898773193,5.8153919075364175,1756.4300963878632
19850,2.3649537563323975,,1.00406531144457e-05,0.9899871349334717,10.643546609497823,1756.6307022571564
19851,2.103756904602051,,1.0040112904634713e-05,0.940139651298523,8.196907136148727,1756.829922914505
19852,2.0556583404541016,,1.0039576307603051e-05,0.9148287773132324,7.811979121986593,1757.0287206172943
19853,2.501335620880127,,1.0039043323364061e-05,0.9644230604171753,12.198776024921438,1757.2312126159668
19854,1.9158340692520142,,1.0038513951931055e-05,0.899090051651001,6.792601935361674,1757.4425401687622
19855,1.9332107305526733,,1.003798819331722e-05,0.8908739686012268,6.911666151902606,1757.6415939331055
19856,1.7369482517242432,,1.0037466047535655e-05,0.885006844997406,5.679983067895158,1757.8392431735992
19857,2.0077145099639893,,1.003694751459937e-05,0.9481927156448364,7.446279487232429,1758.0361688137054
19858,2.0887115001678467,,1.0036432594521279e-05,0.9557788968086243,8.074504461007953,1758.235354423523
19859,2.171851396560669,,1.0035921287314239e-05,0.9585225582122803,8.774514117209156,1758.4382202625275
19860,2.143995761871338,,1.003541359299097e-05,0.9494346976280212,8.533467299645112,1758.6366679668427
19861,2.133453130722046,,1.0034909511564141e-05,0.9432551860809326,8.443974674252525,1758.836045742035
19862,1.9852113723754883,,1.003440904304631e-05,0.9119462966918945,7.280586137609688,1759.0346126556396
19863,1.906370997428894,,1.0033912187449953e-05,0.9009110927581787,6.728626236116422,1759.2313232421875
19864,2.126694679260254,,1.0033418944787448e-05,0.9309108257293701,8.387098893863714,1759.4382269382477
19865,2.3985540866851807,,1.0032929315071077e-05,0.9907822012901306,11.007249340475793,1759.6410274505615
19866,2.154264450073242,,1.0032443298313063e-05,0.9539573192596436,8.621546268397038,1759.8397080898285
19867,2.1473965644836426,,1.0031960894525523e-05,0.9349405765533447,8.562537340247415,1760.0412666797638
19868,1.7876718044281006,,1.0031482103720453e-05,0.8650712370872498,5.975524069979759,1760.241851568222
19869,2.0869712829589844,,1.0031006925909796e-05,0.9457036256790161,8.060465288539604,1760.4463703632355
19870,2.213435649871826,,1.003053536110542e-05,0.9582315683364868,9.147088664108155,1760.6493439674377
19871,2.0106163024902344,,1.003006740931904e-05,0.9397628307342529,7.467918426068267,1760.8494613170624
19872,2.127291679382324,,1.0029603070562345e-05,0.9458367228507996,8.392107487844017,1761.0471577644348
19873,2.1533474922180176,,1.0029142344846896e-05,0.9465879797935486,8.613644297262972,1761.2500414848328
19874,1.761454701423645,,1.0028685232184169e-05,0.8765974640846252,5.8208989083511105,1761.4504089355469
19875,1.9290928840637207,,1.0028231732585575e-05,0.9184390902519226,6.883263490739964,1761.6527037620544
19876,2.395840644836426,,1.0027781846062404e-05,0.9407227635383606,10.977422294753506,1761.8520834445953
19877,2.204596996307373,,1.0027335572625857e-05,0.9462825655937195,9.066596959441314,1762.0512306690216
19878,2.293684482574463,,1.0026892912287092e-05,0.9852742552757263,9.911388827553601,1762.24964261055
19879,1.8903993368148804,,1.0026453865057101e-05,0.9240195155143738,6.62201256651395,1762.4521255493164
19880,2.195390462875366,,1.0026018430946851e-05,0.9434065222740173,8.983508098493038,1762.663571357727
19881,2.1289758682250977,,1.002558660996719e-05,0.9452598690986633,8.406253290400112,1762.8646998405457
19882,2.2270867824554443,,1.002515840212887e-05,0.9862717390060425,9.272812971386326,1763.0651443004608
19883,1.99374520778656,,1.0024733807442584e-05,0.9311758279800415,7.342983326394298,1763.2788705825806
19884,2.2225584983825684,,1.0024312825918889e-05,0.9628840088844299,9.230917967925002,1763.4780054092407
19885,1.9741617441177368,,1.00238954575683e-05,0.9131919145584106,7.2005811937453466,1763.6773989200592
19886,2.1242642402648926,,1.0023481702401197e-05,0.9180191159248352,8.366739313035762,1763.8779201507568
19887,2.233261823654175,,1.0023071560427902e-05,0.987394392490387,9.330250129409444,1764.0773313045502
19888,1.7702229022979736,,1.0022665031658653e-05,0.8704997301101685,5.8721621339467065,1764.2757115364075
19889,2.102055788040161,,1.0022262116103543e-05,0.9503810405731201,8.1829750950358,1764.4771633148193
19890,2.227647304534912,,1.002186281377265e-05,0.9823648929595947,9.27801204475715,1764.687415599823
19891,2.016887903213501,,1.002146712467592e-05,0.9118015766143799,7.514901403911144,1764.8901393413544
19892,2.242835760116577,,1.0021075048823192e-05,0.97800213098526,9.420006325798761,1765.0893359184265
19893,2.195124626159668,,1.0020686586224254e-05,0.9696426391601562,8.981120269605043,1765.2885143756866
19894,2.248622417449951,,1.0020301736888795e-05,0.9883573055267334,9.4746746954963,1765.4914252758026
19895,2.190099000930786,,1.0019920500826396e-05,0.9554258584976196,8.936097752903157,1765.690720319748
19896,1.9704715013504028,,1.0019542878046552e-05,0.9193530678749084,7.174058269188636,1765.889934539795
19897,2.4104082584381104,,1.0019168868558682e-05,0.9815341234207153,11.138507606654876,1766.0897996425629
19898,2.117239475250244,,1.0018798472372107e-05,0.9698271751403809,8.308170890973374,1766.2886879444122
19899,1.909374475479126,,1.0018431689496068e-05,0.9158429503440857,6.7488658967981525,1766.4905140399933
19900,1.929390549659729,,1.0018068519939691e-05,0.9203240275382996,6.885312706444793,1766.6949586868286
19901,1.7726867198944092,,1.001770896371204e-05,0.8942031264305115,5.886647908166291,1766.8970634937286
19902,2.3248565196990967,,1.0017353020822067e-05,1.0380818843841553,10.225212863916283,1767.0994036197662
19903,1.9392387866973877,,1.0017000691278641e-05,0.9063307046890259,6.953455892426527,1767.2977738380432
19904,2.2070398330688477,,1.001665197509055e-05,0.9498023390769958,9.088772250075394,1767.4970109462738
19905,2.2887821197509766,,1.0016306872266475e-05,0.9642668962478638,9.862918510052106,1767.7042891979218
19906,1.9103611707687378,,1.0015965382815024e-05,0.9310193657875061,6.7555282573080895,1767.906758069992
19907,1.5850865840911865,,1.0015627506744716e-05,0.8373029828071594,4.87971386581245,1768.1046164035797
19908,1.930878758430481,,1.0015293244063968e-05,0.9322527647018433,6.895567117663659,1768.3018083572388
19909,2.0928597450256348,,1.001496259478109e-05,0.8937605023384094,8.10806905155616,1768.4992017745972
19910,2.2134921550750732,,1.0014635558904354e-05,0.9811781048774719,9.1476055368151,1768.6980884075165
19911,2.2459144592285156,,1.0014312136441891e-05,1.0144048929214478,9.449052379996607,1768.8984441757202
19912,2.245020627975464,,1.0013992327401764e-05,0.9233551621437073,9.440610295129346,1769.0961608886719
19913,2.077651023864746,,1.0013676131791945e-05,0.9847620129585266,7.985688673645134,1769.2928512096405
19914,2.0495033264160156,,1.0013363549620301e-05,0.9471307396888733,7.7640439529766425,1769.4918022155762
19915,1.9911381006240845,,1.0013054580894661e-05,0.927141547203064,7.3238643154546335,1769.6919121742249
19916,2.2225093841552734,,1.0012749225622686e-05,0.9952124953269958,9.230464609655046,1769.8921256065369
19917,2.4970898628234863,,1.0012447483812005e-05,1.0128285884857178,12.147092768272957,1770.1023609638214
19918,1.9542452096939087,,1.0012149355470139e-05,0.9027783274650574,7.058589257779967,1770.298083782196
19919,2.2214977741241455,,1.0011854840604505e-05,0.9690030813217163,9.22113170049212,1770.498643398285
19920,2.2652335166931152,,1.0011563939222448e-05,0.9821463823318481,9.633373892091392,1770.6985156536102
19921,1.986173152923584,,1.0011276651331241e-05,0.936859130859375,7.287591832165916,1770.9023938179016
19922,2.4017579555511475,,1.0010992976938002e-05,1.002390742301941,11.042571677791425,1771.1071968078613
19923,2.076383113861084,,1.0010712916049829e-05,0.9393103718757629,7.975569955257389,1771.3060722351074
19924,2.3842122554779053,,1.0010436468673708e-05,0.9906536936759949,10.850511866155761,1771.5047116279602
19925,2.27701735496521,,1.00101636348165e-05,0.9687721133232117,9.747563486557318,1771.7057185173035
19926,2.07499098777771,,1.0009894414485026e-05,0.952307939529419,7.9644746810950835,1771.9109134674072
19927,2.6112565994262695,,1.0009628807686002e-05,1.0715813636779785,13.616150152564849,1772.1186029911041
19928,2.3525869846343994,,1.0009366814426027e-05,0.9922056198120117,10.512730850047335,1772.3172121047974
19929,2.2216203212738037,,1.000910843471164e-05,0.9599199891090393,9.222261793142039,1772.5181143283844
19930,2.028226375579834,,1.0008853668549292e-05,1.0217373371124268,7.6005937981812846,1772.7221200466156
19931,2.1613311767578125,,1.0008602515945312e-05,0.9246010780334473,8.682688161553166,1772.929771900177
19932,2.0263512134552,,1.0008354976905963e-05,0.9079883694648743,7.586354806947037,1773.1286284923553
19933,2.277691125869751,,1.0008111051437423e-05,0.9836704134941101,9.75413332425893,1773.3264303207397
19934,2.087580680847168,,1.0007870739545765e-05,0.9507308602333069,8.065378816058804,1773.5251276493073
19935,2.47114634513855,,1.0007634041236991e-05,1.015005350112915,11.83600722707075,1773.724692106247
19936,1.8664549589157104,,1.0007400956516996e-05,0.8987522125244141,6.465335844085986,1773.9279489517212
19937,2.0620012283325195,,1.0007171485391572e-05,0.9206278324127197,7.861687109105236,1774.1256346702576
19938,2.556068181991577,,1.0006945627866452e-05,1.0210639238357544,12.88505589379843,1774.3269147872925
19939,2.354383707046509,,1.0006723383947253e-05,0.9849933981895447,10.531636288004238,1774.5302155017853
19940,1.7830710411071777,,1.0006504753639546e-05,0.8962447643280029,5.948095243167671,1774.728375196457
19941,2.031702995300293,,1.000628973694874e-05,0.9204558730125427,7.627064159495305,1774.9344654083252
19942,1.881424903869629,,1.0006078333880212e-05,0.890852153301239,6.562849632747683,1775.131251335144
19943,2.058701753616333,,1.0005870544439241e-05,0.9490441679954529,7.835790417495535,1775.3301630020142
19944,1.4714100360870361,,1.000566636863098e-05,0.8072335124015808,4.355372045173991,1775.527253627777
19945,1.8853684663772583,,1.0005465806460547e-05,0.9080952405929565,6.58878173933692,1775.7287952899933
19946,2.0129292011260986,,1.0005268857932916e-05,0.9275895357131958,7.485210954632665,1775.9273488521576
19947,2.308819055557251,,1.0005075523052998e-05,0.9477753639221191,10.062534341485078,1776.128126859665
19948,1.9157966375350952,,1.0004885801825639e-05,0.8943502306938171,6.792347681367497,1776.328199148178
19949,1.9143760204315186,,1.0004699694255539e-05,0.9253320693969727,6.782705206831697,1776.527736902237
19950,2.1532418727874756,,1.0004517200347333e-05,0.9473914504051208,8.612734577100314,1776.7317914962769
19951,2.2208075523376465,,1.0004338320105595e-05,0.967029333114624,9.214769270492754,1776.934634923935
19952,1.9708569049835205,,1.0004163053534751e-05,0.9244809746742249,7.1768237101810515,1777.13334441185
19953,2.2023165225982666,,1.0003991400639198e-05,0.9893190264701843,9.045944381225482,1777.3360478878021
19954,2.195801258087158,,1.0003823361423213e-05,1.0016893148422241,8.987199238704449,1777.5407762527466
19955,2.1926043033599854,,1.0003658935890954e-05,1.023442268371582,8.95851344763388,1777.740956068039
19956,1.9089787006378174,,1.0003498124046557e-05,0.9072312116622925,6.74619539396261,1777.946500301361
19957,2.346431016921997,,1.0003340925893997e-05,0.9677062630653381,10.448213605148513,1778.1454544067383
19958,2.4391391277313232,,1.0003187341437204e-05,1.0338548421859741,11.463168170303616,1778.3429090976715
19959,2.1643126010894775,,1.0003037370680024e-05,0.9553593397140503,8.708613567416199,1778.5423893928528
19960,1.9438093900680542,,1.000289101362616e-05,0.9101482629776001,6.985310122437774,1778.7426226139069
19961,2.5641024112701416,,1.0002748270279299e-05,1.0307362079620361,12.98899436076186,1778.9462084770203
19962,1.9741650819778442,,1.0002609140642964e-05,0.9286250472068787,7.200605228318175,1779.1497581005096
19963,2.3061349391937256,,1.0002473624720637e-05,0.9768310189247131,10.035561543658318,1779.3543124198914
19964,2.078329563140869,,1.0002341722515695e-05,0.9397684335708618,7.991109115840583,1779.5529832839966
19965,2.1989266872406006,,1.0002213434031421e-05,0.9560638666152954,9.015332033841123,1779.7545051574707
19966,2.2778866291046143,,1.0002088759271022e-05,0.9674910306930542,9.756040475298136,1779.9539000988007
19967,1.8301646709442139,,1.0001967698237605e-05,0.903240442276001,6.234913283052194,1780.154354095459
19968,2.379570245742798,,1.0001850250934176e-05,0.9886012673377991,10.80026040855576,1780.3561806678772
19969,2.3420705795288086,,1.000173641736367e-05,1.0136843919754028,10.40275400774529,1780.5582728385925
19970,2.515805721282959,,1.0001626197528917e-05,1.0304534435272217,12.376576834201357,1780.7559351921082
19971,2.0655856132507324,,1.000151959143267e-05,0.9309075474739075,7.8899169849570985,1780.9551837444305
19972,1.8915477991104126,,1.0001416599077587e-05,0.9502028226852417,6.629622067042966,1781.1583819389343
19973,2.0748343467712402,,1.0001317220466227e-05,0.9346515536308289,7.96322721546972,1781.3595657348633
19974,2.3418984413146973,,1.0001221455601085e-05,1.0019491910934448,10.400963450364655,1781.561440706253
19975,2.2650275230407715,,1.0001129304484525e-05,0.9865483641624451,9.631389682593264,1781.7598559856415
19976,1.8309907913208008,,1.0001040767118854e-05,0.8919263482093811,6.240066200133414,1781.963593006134
19977,2.2664594650268555,,1.0000955843506273e-05,0.9927608370780945,9.64519115295827,1782.1622774600983
19978,2.098109245300293,,1.0000874533648909e-05,0.9593257308006287,8.150744276069704,1782.3704001903534
19979,2.6339056491851807,,1.000079683754879e-05,0.9960587620735168,13.928061934044011,1782.5711393356323
19980,2.3420300483703613,,1.0000722755207833e-05,0.9671380519866943,10.40233238061889,1782.7726747989655
19981,2.2064218521118164,,1.0000652286627902e-05,0.9657552242279053,9.083157297047773,1782.9723689556122
19982,2.3868067264556885,,1.0000585431810755e-05,1.0187327861785889,10.878699754804396,1783.1699726581573
19983,2.621786117553711,,1.0000522190758051e-05,0.9984118342399597,13.760279125098567,1783.367961883545
19984,2.0625264644622803,,1.0000462563471348e-05,0.9225068092346191,7.865817435819268,1783.5689964294434
19985,2.278223752975464,,1.0000406549952175e-05,0.989149272441864,9.759330023888856,1783.7696523666382
19986,2.1594526767730713,,1.0000354150201889e-05,0.9454410076141357,8.666393041956933,1783.9703769683838
19987,2.1138861179351807,,1.0000305364221806e-05,0.9893614053726196,8.280357285883047,1784.1702363491058
19988,2.199247121810913,,1.0000260192013166e-05,0.9483280181884766,9.018221320776597,1784.3707110881805
19989,2.207758903503418,,1.0000218633577065e-05,0.9527086615562439,9.095310067780972,1784.5710136890411
19990,2.1666970252990723,,1.0000180688914534e-05,0.960273027420044,8.729403372445566,1784.773461341858
19991,2.006269693374634,,1.0000146358026553e-05,0.9370611906051636,7.435528747394108,1784.9794030189514
19992,1.7938135862350464,,1.0000115640913958e-05,0.900526762008667,6.01233736890357,1785.179894208908
19993,2.042139768600464,,1.000008853757751e-05,0.9018233418464661,7.707082941674411,1785.378173828125
19994,2.212877035140991,,1.0000065048017881e-05,0.9644074440002441,9.141980392546838,1785.5773212909698
19995,2.0878891944885254,,1.0000045172235668e-05,0.9416298866271973,8.067867479319816,1785.777755498886
19996,2.1028122901916504,,1.0000028910231372e-05,0.936711311340332,8.189167875431282,1785.9758775234222
19997,2.096670389175415,,1.0000016262005376e-05,0.9399749040603638,8.139024960971803,1786.1770858764648
19998,2.2127692699432373,,1.000000722755802e-05,0.9589706063270569,9.14099525830452,1786.3778142929077
19999,1.9258677959442139,,1.0000001806889513e-05,0.8915107846260071,6.861100118057963,1786.576408624649
